date,bank,is_system,total,clientes,comercial,personas,consumo,vivienda,mora90_mm,bank_raw,layout
2016-01-01,BBVA Chile / Scotiabank Azul,False,1.3939240644766544,1.396027433534847,0.6641003699350473,2.1783153402429094,1.9291567968410348,2.2620997029956733,124975.433336,"Banco Bilbao Vizcaya Argentaria, Chile",antiguo
2016-01-01,Banco BTG Pactual Chile,False,0.0,0.0,0.0,,,,0.0,Banco BTG Pactual Chile,antiguo
2016-01-01,Banco Bice,False,0.2991361335667296,0.2991361335667296,0.29376808443995334,0.3237394927147285,0.3179683226014957,0.3248682167409851,12225.189051,Banco Bice,antiguo
2016-01-01,Banco Consorcio,False,1.063497065967274,1.063497065967274,1.051262145712791,1.1825554387932276,2.1930251079523013,0.2945478989925184,17080.77544,Banco Consorcio,antiguo
2016-01-01,Banco Falabella,False,3.1771541410879136,3.1771541410879136,5.4543446322717815,2.936470926442252,2.7631848533113472,3.3005474547738696,45334.912481,Banco Falabella,antiguo
2016-01-01,Banco Internacional,False,2.4203521744677285,2.4203521744677285,2.2854862734261667,6.377530144888942,6.093834066324278,6.480916923426994,20204.294002,Banco Internacional,antiguo
2016-01-01,Banco Ripley,False,4.01172161876943,4.01172161876943,1.6349048687523633,4.043954912911345,3.808922660723873,5.233069370938616,9720.385137,Banco Ripley,antiguo
2016-01-01,Banco Santander-Chile,False,2.437513991413009,2.438085087853417,2.4726480816595666,2.3989816462181017,2.478992889138559,2.357676523784593,622901.732312,Banco Santander-Chile,antiguo
2016-01-01,Banco Security,False,1.40059062192044,1.4007819076906147,1.509158993760331,1.0274841609260268,0.950467818159103,1.0770842333447546,57002.211973,Banco Security,antiguo
2016-01-01,Banco de Chile,False,1.204588989227952,1.22102948258029,1.1663770319305806,1.298445175080202,1.7012529309113862,1.0661737351241218,299477.900939,Banco de Chile,antiguo
2016-01-01,Banco de Crédito e Inversiones,False,1.6556579244914245,1.6682201834745578,1.6336173796260869,1.722561160981783,1.4476143533080765,1.8838364608684017,266478.545335,Banco de Crédito e Inversiones,antiguo
2016-01-01,Banco de la Nación Argentina,False,1.3634450724858926,2.17555709499553,2.1953792212142744,0.0,0.0,,199.73525,Banco de la Nación Argentina,antiguo
2016-01-01,Banco del Estado de Chile,False,3.273288887203097,3.293373151862416,1.420294066354651,5.31448723800243,2.3558566903213394,5.928025042002347,609222.346586,Banco del Estado de Chile,antiguo
2016-01-01,Banco do Brasil S.A.,False,4.664129234385368,4.849966534909428,4.849966534909428,,,,1848.714704,Banco do Brasil S.A.,antiguo
2016-01-01,"China Construction Bank, Agencia en Chile",False,,,,,,,0.0,"China Construction Bank, Agencia en Chile",antiguo
2016-01-01,HSBC Bank (Chile),False,0.0,0.0,0.0,0.0,0.0,,0.0,HSBC Bank (Chile),antiguo
2016-01-01,"JP Morgan Chase Bank, N.A.",False,,,,,,,0.0,"JP Morgan Chase Bank, N.A.",antiguo
2016-01-01,Rabobank Chile,False,2.602995099933199,2.602995099933199,2.602995099933199,,,,24333.526955,Rabobank Chile,antiguo
2016-01-01,Scotiabank Chile,False,2.2264462806695624,2.268185609237515,1.7715739487471374,2.9713962464174464,1.9299407417654384,3.218590743699513,183982.629366,Scotiabank Chile,antiguo
2016-01-01,Sistema Bancario,True,1.914893040595426,1.9267562604750683,1.522074414723057,2.526147139435684,2.0134546076450572,2.7542249900902616,2527355.127315,Sistema Bancario,antiguo
2016-02-01,BBVA Chile / Scotiabank Azul,False,1.4206985005273292,1.4214757760788148,0.6760150970005281,2.202258568517814,1.9163271680955642,2.297795699580354,127072.707613,"Banco Bilbao Vizcaya Argentaria, Chile",antiguo
2016-02-01,Banco BTG Pactual Chile,False,0.0,0.0,0.0,,,,0.0,Banco BTG Pactual Chile,antiguo
2016-02-01,Banco Bice,False,0.2894965389013662,0.28967429606340456,0.28674897288221873,0.3028724895730259,0.41285924337082996,0.2816810955722895,11785.262245,Banco Bice,antiguo
2016-02-01,Banco Consorcio,False,1.0318249012142198,1.0381692220836172,1.0228737372324097,1.1859727422601807,2.1542063320626412,0.3666076606313237,16884.53149,Banco Consorcio,antiguo
2016-02-01,Banco Falabella,False,3.6038370070033063,3.6038370070033063,6.123099910821874,3.3426522975903024,2.765636474064076,4.565683271044534,51830.302586,Banco Falabella,antiguo
2016-02-01,Banco Internacional,False,2.417529764483057,2.417529764483057,2.2642950802462267,6.933235981045775,6.499677583393535,7.082639064156335,20232.192894,Banco Internacional,antiguo
2016-02-01,Banco Ripley,False,4.3055411862617925,4.3055411862617925,2.2232448629359323,4.333608750940026,3.9778485159236086,6.139191512799981,10380.34875,Banco Ripley,antiguo
2016-02-01,Banco Santander-Chile,False,2.457874903931847,2.459269330899821,2.505841941224285,2.4070263880538962,2.4858303709636065,2.366860850996564,630430.377041,Banco Santander-Chile,antiguo
2016-02-01,Banco Security,False,1.4456418828608824,1.445838557282009,1.7424019987317134,0.41676549877014263,0.9918775378797928,0.051029990593454526,59160.016166,Banco Security,antiguo
2016-02-01,Banco de Chile,False,1.271137929424169,1.298988114592173,1.26283321864477,1.3501560490165436,1.8145648422576715,1.0827818778208402,319748.520317,Banco de Chile,antiguo
2016-02-01,Banco de Crédito e Inversiones,False,1.6383054014597003,1.647918797401169,1.6098134229306265,1.7078946829667425,1.4469774446196981,1.8603821000494725,265189.531858,Banco de Crédito e Inversiones,antiguo
2016-02-01,Banco de la Nación Argentina,False,1.7909463934435086,2.2939088661760785,2.316622654401795,0.0,0.0,,199.73525,Banco de la Nación Argentina,antiguo
2016-02-01,Banco del Estado de Chile,False,3.418212145101683,3.429885458128684,1.5678825402513463,5.435253859946522,2.4443707730113475,6.05566576801408,639650.654065,Banco del Estado de Chile,antiguo
2016-02-01,Banco do Brasil S.A.,False,0.0,0.0,0.0,,,,0.0,Banco do Brasil S.A.,antiguo
2016-02-01,"China Construction Bank, Agencia en Chile",False,,,,,,,0.0,"China Construction Bank, Agencia en Chile",antiguo
2016-02-01,HSBC Bank (Chile),False,0.0,0.0,0.0,0.0,0.0,,0.0,HSBC Bank (Chile),antiguo
2016-02-01,"JP Morgan Chase Bank, N.A.",False,,,,,,,0.0,"JP Morgan Chase Bank, N.A.",antiguo
2016-02-01,Rabobank Chile,False,2.391879312755032,2.391879312755032,2.391879312755032,,,,21680.854014,Rabobank Chile,antiguo
2016-02-01,Scotiabank Chile,False,2.3918955911922755,2.4265137053518644,2.0124839835112036,3.001735862949635,1.9502126515490776,3.2490471726065007,196779.444671,Scotiabank Chile,antiguo
2016-02-01,Sistema Bancario,True,1.9573253653316243,1.972338827176489,1.5673137406510746,2.5690209367180437,2.0583560286358944,2.7948452712649794,2596167.7231179997,Sistema Bancario,antiguo
2016-03-01,BBVA Chile / Scotiabank Azul,False,1.490257780085986,1.4960985493554289,0.8060822597052036,2.1806043606109524,1.9108093037246083,2.270958441824476,131791.738954,"Banco Bilbao Vizcaya Argentaria, Chile",antiguo
2016-03-01,Banco BTG Pactual Chile,False,0.0,0.0,0.0,,,,0.0,Banco BTG Pactual Chile,antiguo
2016-03-01,Banco Bice,False,0.2823979281624106,0.28256709051162987,0.291203070224523,0.2452592700673589,0.40976577518396995,0.21329117807122167,11312.060061,Banco Bice,antiguo
2016-03-01,Banco Consorcio,False,0.5964462776665543,0.5982628664880639,0.5422144574409644,1.1484834081289368,2.1719469191707996,0.2830535801154811,9821.475712,Banco Consorcio,antiguo
2016-03-01,Banco Falabella,False,3.5279680035911616,3.5279680035911616,5.700373688307628,3.307535271802558,2.719176729943523,4.563779069099142,51157.557081,Banco Falabella,antiguo
2016-03-01,Banco Internacional,False,1.914537810748423,1.914537810748423,1.8076844643324776,5.165840949507704,4.522722449287043,5.38363883336833,16611.197008,Banco Internacional,antiguo
2016-03-01,Banco Ripley,False,4.2410508228188695,4.2410508228188695,2.412319307175744,4.265517168365986,3.8694936124401087,6.278173911463017,10193.444226,Banco Ripley,antiguo
2016-03-01,Banco Santander-Chile,False,2.481496783699639,2.484580338081455,2.7032172751464754,2.2443372529040326,2.2625991910389334,2.234998742894651,638344.138023,Banco Santander-Chile,antiguo
2016-03-01,Banco Security,False,1.5978500584216047,1.5978667292104447,1.7429619076671805,1.0976449376223367,1.0720051626921567,1.1142938988458537,65490.525626,Banco Security,antiguo
2016-03-01,Banco de Chile,False,1.2652087946693407,1.2811084218140507,1.267703406730863,1.2996902135280737,1.6862777804108338,1.0757812729329757,314303.587207,Banco de Chile,antiguo
2016-03-01,Banco de Crédito e Inversiones,False,1.7357096476463798,1.7488105771048428,1.775977020861191,1.7061975844527073,1.5334438107281665,1.8076371028245473,283683.094431,Banco de Crédito e Inversiones,antiguo
2016-03-01,Banco de la Nación Argentina,False,1.7033512163789317,2.19180595184209,2.2123049478859014,0.0,0.0,,199.73525,Banco de la Nación Argentina,antiguo
2016-03-01,Banco del Estado de Chile,False,3.459867037943308,3.483043424429815,1.6186236956430362,5.468144629946586,2.3712079166919384,6.108890614982387,653459.400605,Banco del Estado de Chile,antiguo
2016-03-01,Banco do Brasil S.A.,False,0.0,0.0,0.0,,,,0.0,Banco do Brasil S.A.,antiguo
2016-03-01,"China Construction Bank, Agencia en Chile",False,,,,,,,0.0,"China Construction Bank, Agencia en Chile",antiguo
2016-03-01,HSBC Bank (Chile),False,0.0,0.0,0.0,0.0,0.0,,0.0,HSBC Bank (Chile),antiguo
2016-03-01,"JP Morgan Chase Bank, N.A.",False,,,,,,,0.0,"JP Morgan Chase Bank, N.A.",antiguo
2016-03-01,Rabobank Chile,False,2.470234966242894,2.470234966242894,2.470234966242894,,,,21596.491773,Rabobank Chile,antiguo
2016-03-01,Scotiabank Chile,False,2.737076185104044,2.7731875928958116,2.6534425097869616,2.935235416975553,1.8239828563062495,3.2005667964065925,224283.190906,Scotiabank Chile,antiguo
2016-03-01,Sistema Bancario,True,2.010647008595879,2.0227049001603064,1.6711847181907202,2.5308473010324017,1.963115764671165,2.7828616678897515,2660933.0454019997,Sistema Bancario,antiguo
2016-04-01,BBVA Chile / Scotiabank Azul,False,1.2659871926623447,1.2685857129335143,0.6695453735555219,1.8551461767037611,1.8765492316296497,1.848035247902391,111936.946912,"Banco Bilbao Vizcaya Argentaria, Chile",antiguo
2016-04-01,Banco BTG Pactual Chile,False,0.0,0.0,0.0,,,,0.0,Banco BTG Pactual Chile,antiguo
2016-04-01,Banco Bice,False,0.22222873946884675,0.2223605160498741,0.2124517200277244,0.2643431046355386,0.37862426760905216,0.24251079018040955,8910.143439,Banco Bice,antiguo
2016-04-01,Banco Consorcio,False,0.3211300342902666,0.3211300342902666,0.24661805711793192,1.0839938837134482,2.0480509389247437,0.20517612901918458,5238.858267,Banco Consorcio,antiguo
2016-04-01,Banco Falabella,False,3.3410025550021607,3.3410025550021607,5.83947162157054,3.0908349433539937,2.574536998300209,4.196908663847857,48728.242292,Banco Falabella,antiguo
2016-04-01,Banco Internacional,False,1.9741483943232854,1.9741483943232854,1.883121957883399,4.79481070963038,2.314650287819856,5.571101483169376,17107.186373,Banco Internacional,antiguo
2016-04-01,Banco Itaú Chile,False,1.4520102959762111,1.459831303082628,1.3403642754642324,1.7515220115520111,1.8308740436212525,1.7201569661487333,230432.702433,Itaú Corpbanca,antiguo
2016-04-01,Banco Ripley,False,3.89495152425555,3.89495152425555,2.8149839628052997,3.909242099804138,3.5967024859822887,5.507072116329552,9350.263991,Banco Ripley,antiguo
2016-04-01,Banco Santander-Chile,False,2.275051500845888,2.279699243468608,2.347739819226541,2.2058673660233024,2.259080511894084,2.178519892989718,589149.572506,Banco Santander-Chile,antiguo
2016-04-01,Banco Security,False,1.3623979227677971,1.3623979227677971,1.4316353731578781,1.1253275842704957,1.1258849480756923,1.1249597121099253,56030.386774,Banco Security,antiguo
2016-04-01,Banco de Chile,False,1.2419393486411423,1.2582915344430252,1.244594192249211,1.2773849005244637,1.6141557080066513,1.0817434034276838,311854.123294,Banco de Chile,antiguo
2016-04-01,Banco de Crédito e Inversiones,False,1.5622577254959948,1.575348575310143,1.5278478295576075,1.650300635420569,1.4579053480088429,1.7629125478053607,257890.922949,Banco de Crédito e Inversiones,antiguo
2016-04-01,Banco de la Nación Argentina,False,1.440388501797064,2.2788915510835697,2.300785335641754,0.0,0.0,,199.73525,Banco de la Nación Argentina,antiguo
2016-04-01,Banco del Estado de Chile,False,3.48186404705286,3.5533154093867534,1.7074212331481073,5.5163324266798535,2.316863859502084,6.175827192858404,672221.357438,Banco del Estado de Chile,antiguo
2016-04-01,Banco do Brasil S.A.,False,0.0,0.0,0.0,,,,0.0,Banco do Brasil S.A.,antiguo
2016-04-01,"China Construction Bank, Agencia en Chile",False,,,,,,,0.0,"China Construction Bank, Agencia en Chile",antiguo
2016-04-01,HSBC Bank (Chile),False,0.0,0.0,0.0,0.0,0.0,,0.0,HSBC Bank (Chile),antiguo
2016-04-01,"JP Morgan Chase Bank, N.A.",False,,,,,,,0.0,"JP Morgan Chase Bank, N.A.",antiguo
2016-04-01,Rabobank Chile,False,2.4357088580308623,2.4357088580308623,2.4357088580308623,,,,20746.479143,Rabobank Chile,antiguo
2016-04-01,Scotiabank Chile,False,2.2410312601695757,2.2681568504596865,1.852334695514905,2.8168305742993027,1.8114331873768965,3.0556583892329376,182970.751138,Scotiabank Chile,antiguo
2016-04-01,Sistema Bancario,True,1.893560466415531,1.9099119735885481,1.5145436334568332,2.4779354060727106,1.9210222927962244,2.7251617269665953,2523716.435433,Sistema Bancario,antiguo
2016-05-01,BBVA Chile / Scotiabank Azul,False,1.3566349495470273,1.3574776925704624,0.6912469657345339,2.01805270271054,1.869307386223488,2.0669414695302617,121201.848063,"Banco Bilbao Vizcaya Argentaria, Chile",antiguo
2016-05-01,Banco BTG Pactual Chile,False,0.0,0.0,0.0,,,,0.0,Banco BTG Pactual Chile,antiguo
2016-05-01,Banco Bice,False,0.19146085756994016,0.19157764263512564,0.18980114085000518,0.19921057631534902,0.3839230708282856,0.16497767329220983,7829.761062,Banco Bice,antiguo
2016-05-01,Banco Consorcio,False,0.33711002602884627,0.33711002602884627,0.25597540825429643,1.196951456683873,2.2166114809244983,0.25212055292902985,5632.245013,Banco Consorcio,antiguo
2016-05-01,Banco Falabella,False,3.4782661392237797,3.4782661392237797,5.975110022806093,3.230578223807613,2.6409502364894326,4.499267819508219,51011.582907,Banco Falabella,antiguo
2016-05-01,Banco Internacional,False,1.9329584620940052,1.9329584620940052,1.843735890751707,4.825859023757297,3.4876673778063796,5.232433442377398,17200.732875,Banco Internacional,antiguo
2016-05-01,Banco Itaú Chile,False,1.4081744375458303,1.413745365312319,1.282352387517497,1.7399616890491263,1.7727107803286286,1.727133657292844,226331.763341,Itaú Corpbanca,antiguo
2016-05-01,Banco Ripley,False,3.722274912689536,3.722274912689536,2.8962632334755845,3.733110139556283,3.4916465629635103,4.9719221604431185,8898.615969,Banco Ripley,antiguo
2016-05-01,Banco Santander-Chile,False,2.1297121164184616,2.1443266330385997,2.240985052916031,2.0377526026117914,2.18245652339674,1.9635334555290545,563347.97539,Banco Santander-Chile,antiguo
2016-05-01,Banco Security,False,1.411175813311356,1.411175813311356,1.5204316119721017,1.0313241298861264,1.0824079658082635,0.9979851345733448,58663.872077,Banco Security,antiguo
2016-05-01,Banco de Chile,False,1.1818833504838084,1.1976243309518306,1.1506836872077852,1.2627095952186203,1.6459411686249141,1.0410364584594,297572.492672,Banco de Chile,antiguo
2016-05-01,Banco de Crédito e Inversiones,False,1.540559268034405,1.5537514180446421,1.495773736744685,1.6464077177913383,1.4933632410219264,1.7358507394619898,258012.710201,Banco de Crédito e Inversiones,antiguo
2016-05-01,Banco de la Nación Argentina,False,1.373094836349775,2.125912596452556,2.1449184177765175,0.0,0.0,,199.73525,Banco de la Nación Argentina,antiguo
2016-05-01,Banco del Estado de Chile,False,3.2718484752623977,3.3236098035529875,1.3475971205643245,5.420228109934451,2.239122403432652,6.067296212561604,632490.290748,Banco del Estado de Chile,antiguo
2016-05-01,Banco do Brasil S.A.,False,0.0,0.0,0.0,,,,0.0,Banco do Brasil S.A.,antiguo
2016-05-01,"China Construction Bank, Agencia en Chile",False,,,,,,,0.0,"China Construction Bank, Agencia en Chile",antiguo
2016-05-01,HSBC Bank (Chile),False,0.0,0.0,0.0,0.0,0.0,,0.0,HSBC Bank (Chile),antiguo
2016-05-01,"JP Morgan Chase Bank, N.A.",False,,,,,,,0.0,"JP Morgan Chase Bank, N.A.",antiguo
2016-05-01,Rabobank Chile,False,2.3947363824819856,2.3947363824819856,2.3947363824819856,,,,20948.427401,Rabobank Chile,antiguo
2016-05-01,Scotiabank Chile,False,2.248208289873451,2.2699711867028736,1.874573798753142,2.79618213504389,1.8291492280491248,3.026455613584127,185939.30312,Scotiabank Chile,antiguo
2016-05-01,Sistema Bancario,True,1.8219961897115717,1.837743638226327,1.4271745804100364,2.432718657731142,1.9053257846003646,2.665642935175847,2456446.363146,Sistema Bancario,antiguo
2016-06-01,BBVA Chile / Scotiabank Azul,False,1.334325664349489,1.3400513828552365,0.6502166482876137,2.0124545849525006,1.859526943410579,2.062255974331643,119104.043499,"Banco Bilbao Vizcaya Argentaria, Chile",antiguo
2016-06-01,Banco BTG Pactual Chile,False,0.0,0.0,0.0,,,,0.0,Banco BTG Pactual Chile,antiguo
2016-06-01,Banco Bice,False,0.2099828605994747,0.21010671189143262,0.20038910077634473,0.25134533815193694,0.4036371804574173,0.22381004767965798,8525.926821,Banco Bice,antiguo
2016-06-01,Banco Consorcio,False,0.351822325492143,0.351822325492143,0.26630838230783777,1.2692956730814742,2.2103177616878424,0.38609981836973006,5874.461403,Banco Consorcio,antiguo
2016-06-01,Banco Falabella,False,3.5518477330319245,3.5518477330319245,6.1772498127639075,3.2951929608934316,2.6908871401671624,4.6019098451413845,52388.325948,Banco Falabella,antiguo
2016-06-01,Banco Internacional,False,2.045160642160842,2.045160642160842,1.9435587593264665,5.221027475941691,3.3513769898634673,5.769033892543743,17568.999932,Banco Internacional,antiguo
2016-06-01,Banco Itaú Chile,False,1.4467614966560376,1.4515195680119308,1.3249201790368632,1.7628072437891324,1.7518946521420875,1.767075344912182,230721.88372,Itaú Corpbanca,antiguo
2016-06-01,Banco Ripley,False,3.7980532765828503,3.7980532765828503,2.8061135140337723,3.810887943913277,3.5271129646139108,5.277951204313996,9093.381695,Banco Ripley,antiguo
2016-06-01,Banco Santander-Chile,False,2.1384479640675838,2.157781057508603,2.3282571108838575,1.9731798892459005,2.0991062710389476,1.9090265498213677,564539.012106,Banco Santander-Chile,antiguo
2016-06-01,Banco Security,False,1.4690549980675716,1.4690549980675716,1.580280632793591,1.0759132560034856,1.2767782897289226,0.9459518540936422,61830.544749,Banco Security,antiguo
2016-06-01,Banco de Chile,False,1.2633870316350064,1.283315683410779,1.2837153791297444,1.2827695934064876,1.6550671964464927,1.068650662355352,317403.712304,Banco de Chile,antiguo
2016-06-01,Banco de Crédito e Inversiones,False,1.5188083092886724,1.532036961788321,1.4954813542830774,1.589927928040737,1.456070720422035,1.6682901186635717,255452.221559,Banco de Crédito e Inversiones,antiguo
2016-06-01,Banco de la Nación Argentina,False,1.3588834005821924,2.5949111694740297,2.622337009039225,0.0,0.0,,199.73525,Banco de la Nación Argentina,antiguo
2016-06-01,Banco del Estado de Chile,False,3.3266716903214615,3.380830250333596,1.3817025866155752,5.525064112576661,2.247506511405967,6.185111325030845,651994.33202,Banco del Estado de Chile,antiguo
2016-06-01,Banco do Brasil S.A.,False,0.0,0.0,0.0,,,,0.0,Banco do Brasil S.A.,antiguo
2016-06-01,"China Construction Bank, Agencia en Chile",False,,,,,,,0.0,"China Construction Bank, Agencia en Chile",antiguo
2016-06-01,HSBC Bank (Chile),False,0.0,0.0,0.0,0.0,0.0,,0.0,HSBC Bank (Chile),antiguo
2016-06-01,"JP Morgan Chase Bank, N.A.",False,,,,,,,0.0,"JP Morgan Chase Bank, N.A.",antiguo
2016-06-01,Rabobank Chile,False,1.7888737820365879,1.7888737820365879,1.7888737820365879,,,,14797.839514,Rabobank Chile,antiguo
2016-06-01,Scotiabank Chile,False,2.2125473618655827,2.2317612849330737,1.7985749092611636,2.807993457554172,1.9096240502704365,3.023452049941407,185077.159432,Scotiabank Chile,antiguo
2016-06-01,Sistema Bancario,True,1.8497749632848743,1.8675246952143454,1.4678410833937698,2.440997922500114,1.890332905851029,2.6830496423820294,2495831.4477500003,Sistema Bancario,antiguo
2016-07-01,BBVA Chile / Scotiabank Azul,False,1.3181743766208374,1.321428954644947,0.6901557332360336,1.942030430135289,1.752216284938016,2.0036037024448117,118692.50536,"Banco Bilbao Vizcaya Argentaria, Chile",antiguo
2016-07-01,Banco BTG Pactual Chile,False,0.0,0.0,0.0,,,,0.0,Banco BTG Pactual Chile,antiguo
2016-07-01,Banco Bice,False,0.2067101222709123,0.20690887890990206,0.20037074996338086,0.23446987915749481,0.4122489748602412,0.20267895240721306,8468.599424,Banco Bice,antiguo
2016-07-01,Banco Consorcio,False,0.31516017917223255,0.3197569954701455,0.2361463205867562,1.2280310506396641,2.125698818484773,0.4162955151637111,5481.743383,Banco Consorcio,antiguo
2016-07-01,Banco Falabella,False,3.6244133827870986,3.6244133827870986,6.186376338420549,3.3773037358096216,2.7729272583610554,4.692474855992557,53762.830058,Banco Falabella,antiguo
2016-07-01,Banco Internacional,False,2.322070851201986,2.322070851201986,2.244101144938714,4.9042192734525205,2.889859687467827,5.481380574532552,20209.398235,Banco Internacional,antiguo
2016-07-01,Banco Itaú Chile,False,1.478324592560778,1.4831567085303436,1.3625732283389793,1.7798697908479655,1.7738955095817177,1.782200804522263,235985.534338,Itaú Corpbanca,antiguo
2016-07-01,Banco Ripley,False,3.832029756008498,3.832029756008498,3.5236899422080032,3.8359187685446114,3.5430664985434346,5.364585875564637,9186.932403,Banco Ripley,antiguo
2016-07-01,Banco Santander-Chile,False,2.131069614421101,2.1477997829823425,2.336448945391357,1.9448695159305185,2.146430099998349,1.8424787310362252,563943.754626,Banco Santander-Chile,antiguo
2016-07-01,Banco Security,False,1.4155007193605609,1.4155007193605609,1.529802183835305,1.0127645203996347,1.0821007784344165,0.9678406387492153,59859.763783,Banco Security,antiguo
2016-07-01,Banco de Chile,False,1.21501747646188,1.2461283657189905,1.217578305453156,1.2850661801602883,1.6562455779796041,1.0718531551333466,309620.597648,Banco de Chile,antiguo
2016-07-01,Banco de Crédito e Inversiones,False,1.540105794041569,1.5552947765046647,1.5254596034757162,1.6023580523460856,1.497478321080115,1.6636134846824586,260832.137841,Banco de Crédito e Inversiones,antiguo
2016-07-01,Banco de la Nación Argentina,False,1.382929003860502,2.587002593197222,2.6152289281401098,0.0,0.0,,199.73525,Banco de la Nación Argentina,antiguo
2016-07-01,Banco del Estado de Chile,False,3.375388058726662,3.437437197908285,1.4036286871416281,5.622462703309201,2.220358272922408,6.304136077791937,666790.294864,Banco del Estado de Chile,antiguo
2016-07-01,Banco do Brasil S.A.,False,0.0,0.0,0.0,,,,0.0,Banco do Brasil S.A.,antiguo
2016-07-01,"China Construction Bank, Agencia en Chile",False,0.0,0.0,0.0,,,,0.0,"China Construction Bank, Agencia en Chile",antiguo
2016-07-01,HSBC Bank (Chile),False,0.0,0.0,0.0,0.0,0.0,,0.0,HSBC Bank (Chile),antiguo
2016-07-01,"JP Morgan Chase Bank, N.A.",False,,,,,,,0.0,"JP Morgan Chase Bank, N.A.",antiguo
2016-07-01,Rabobank Chile,False,2.084155614156223,2.084155614156223,2.084155614156223,,,,17026.917479,Rabobank Chile,antiguo
2016-07-01,Scotiabank Chile,False,2.2523235922686737,2.2715207168545968,1.856203405852039,2.8158528245117207,2.032261174226205,3.003330260518788,188739.294598,Scotiabank Chile,antiguo
2016-07-01,Sistema Bancario,True,1.8546313113693969,1.8760913444462628,1.4764279317724953,2.4483071456643986,1.9055451074660157,2.6863229843859893,2519748.0279030004,Sistema Bancario,antiguo
2016-08-01,BBVA Chile / Scotiabank Azul,False,1.2870901404867476,1.28861102408218,0.705556726971413,1.8663222747480792,1.7159859902009837,1.9150170851498969,116814.718937,"Banco Bilbao Vizcaya Argentaria, Chile",antiguo
2016-08-01,Banco BTG Pactual Chile,False,0.0,0.0,0.0,,,,0.0,Banco BTG Pactual Chile,antiguo
2016-08-01,Banco Bice,False,0.19015758916185121,0.19042167527186613,0.18005124175295972,0.23451368075821044,0.35693507881042996,0.21273813925017318,7975.368591,Banco Bice,antiguo
2016-08-01,Banco Consorcio,False,0.3258470470372076,0.3258470470372076,0.24411389214512913,1.2113987247298268,2.0713640964800892,0.44878525405671876,5654.517287,Banco Consorcio,antiguo
2016-08-01,Banco Falabella,False,3.5572394735673964,3.5572394735673964,5.976982171082729,3.328741174789842,2.734894577356551,4.6378807651012846,53300.090429,Banco Falabella,antiguo
2016-08-01,Banco Internacional,False,2.637759617176536,2.637759617176536,2.550153191257056,5.577032881202041,4.683344119694848,5.837369578746221,23268.207455,Banco Internacional,antiguo
2016-08-01,Banco Itaú Chile,False,1.459292452533148,1.4640070445081312,1.309757624068963,1.846181069470422,1.820683608363623,1.8561638159363285,234902.688742,Itaú Corpbanca,antiguo
2016-08-01,Banco Ripley,False,3.6446654572386104,3.6446654572386104,5.25444812695621,3.6248535414799896,3.4077022970103448,4.778242139959323,8781.689706,Banco Ripley,antiguo
2016-08-01,Banco Santander-Chile,False,2.102360407308784,2.122071052114875,2.365822168187256,1.8600307965602363,2.0628099034653626,1.756653208501146,561401.664085,Banco Santander-Chile,antiguo
2016-08-01,Banco Security,False,1.4961445104536517,1.4961562230954037,1.6226078223925737,1.0458020083074835,1.1304314138393317,0.9903468350705188,64327.050084,Banco Security,antiguo
2016-08-01,Banco de Chile,False,1.2548334194886805,1.276466028803752,1.2427989195585096,1.3221254825764064,1.7472391326438412,1.0771905402617707,318768.607309,Banco de Chile,antiguo
2016-08-01,Banco de Crédito e Inversiones,False,1.5488108594052017,1.5671652478215992,1.5341386006648727,1.6193515642129241,1.5197298373508412,1.677681226612221,265896.064883,Banco de Crédito e Inversiones,antiguo
2016-08-01,Banco de la Nación Argentina,False,1.3654961759441455,2.068396290683873,2.086649096014336,0.0,0.0,,199.73525,Banco de la Nación Argentina,antiguo
2016-08-01,Banco del Estado de Chile,False,3.37730644246119,3.453898604498782,1.4453353258573756,5.58688072214261,2.02470968174892,6.302598958270031,670994.910384,Banco del Estado de Chile,antiguo
2016-08-01,Banco do Brasil S.A.,False,0.0,0.0,0.0,,,,0.0,Banco do Brasil S.A.,antiguo
2016-08-01,"China Construction Bank, Agencia en Chile",False,0.0,0.0,0.0,,,,0.0,"China Construction Bank, Agencia en Chile",antiguo
2016-08-01,HSBC Bank (Chile),False,0.0,0.0,0.0,0.0,0.0,,0.0,HSBC Bank (Chile),antiguo
2016-08-01,"JP Morgan Chase Bank, N.A.",False,,,,,,,0.0,"JP Morgan Chase Bank, N.A.",antiguo
2016-08-01,Rabobank Chile,False,1.9750421565370582,1.9750421565370582,1.9750421565370582,,,,16219.289163,Rabobank Chile,antiguo
2016-08-01,Scotiabank Chile,False,2.2987922985890834,2.3133644960205078,1.969730648819607,2.757745954994565,1.8126756747300958,2.9853240495297038,193396.165558,Scotiabank Chile,antiguo
2016-08-01,Sistema Bancario,True,1.8590972265235255,1.8790540047773325,1.4964828146596572,2.426233752054157,1.8797343754957834,2.6666637957212385,2543058.916255,Sistema Bancario,antiguo
2016-09-01,BBVA Chile / Scotiabank Azul,False,1.2958519159573638,1.3004359890230561,0.7105978138666487,1.8769679345778296,1.7500650460846627,1.917897587817505,117190.553846,"Banco Bilbao Vizcaya Argentaria, Chile",antiguo
2016-09-01,Banco BTG Pactual Chile,False,0.0,0.0,0.0,,,,0.0,Banco BTG Pactual Chile,antiguo
2016-09-01,Banco Bice,False,0.1785376199824018,0.17885872115679535,0.16890336478588036,0.2206975303884621,0.273883728430218,0.21138372950108325,7550.534849,Banco Bice,antiguo
2016-09-01,Banco Consorcio,False,0.30497738753730924,0.30497738753730924,0.23401027321336731,1.069446363801622,1.716097546363262,0.5101006644520791,5331.201304,Banco Consorcio,antiguo
2016-09-01,Banco Falabella,False,3.587637636951773,3.587637636951773,6.109090162932172,3.3527526141142565,2.766959607444849,4.650240003708862,53959.045997,Banco Falabella,antiguo
2016-09-01,Banco Internacional,False,3.406344408476424,3.406344408476424,3.332427657960297,5.851371624144649,4.230031591115254,6.376895303280593,30364.492222,Banco Internacional,antiguo
2016-09-01,Banco Itaú Chile,False,1.427859484297701,1.432374351841308,1.2409962421527394,1.9003567216492676,1.8428058215193222,1.9229342371440548,227790.230456,Itaú Corpbanca,antiguo
2016-09-01,Banco Ripley,False,3.426168143597409,3.426168143597409,6.563996354551663,3.3882399244087895,3.3868500715556804,3.3957032851913502,8278.49886,Banco Ripley,antiguo
2016-09-01,Banco Santander-Chile,False,2.06697779196723,2.088487431097151,2.284728064582492,1.8765530354354065,2.1854611786205487,1.7193351654900824,555326.021127,Banco Santander-Chile,antiguo
2016-09-01,Banco Security,False,1.4346319314980533,1.4347251776603034,1.5679057110712147,0.9621364410637274,1.135147011092378,0.8485135399696068,61662.457054,Banco Security,antiguo
2016-09-01,Banco de Chile,False,1.1871442137255046,1.208148728122437,1.1355313200070656,1.3062799750655825,1.7552770766830503,1.0488024403772764,302015.045316,Banco de Chile,antiguo
2016-09-01,Banco de Crédito e Inversiones,False,1.5723850648283406,1.5937222542199356,1.582311524115789,1.6114417307599969,1.5365031824071815,1.6551729908467243,270205.12913,Banco de Crédito e Inversiones,antiguo
2016-09-01,Banco de la Nación Argentina,False,1.707077568619967,2.0591588388662103,2.0769774160005303,0.0,0.0,,199.73525,Banco de la Nación Argentina,antiguo
2016-09-01,Banco del Estado de Chile,False,3.4129723772118052,3.467609748239578,1.4536169864179507,5.586730695028053,1.850206699437807,6.344567734935371,675959.536913,Banco del Estado de Chile,antiguo
2016-09-01,Banco do Brasil S.A.,False,0.0,0.0,0.0,,,,0.0,Banco do Brasil S.A.,antiguo
2016-09-01,"China Construction Bank, Agencia en Chile",False,0.0,0.0,0.0,,,,0.0,"China Construction Bank, Agencia en Chile",antiguo
2016-09-01,HSBC Bank (Chile),False,0.0,0.0,0.0,0.0,0.0,,0.0,HSBC Bank (Chile),antiguo
2016-09-01,"JP Morgan Chase Bank, N.A.",False,,,,,,,0.0,"JP Morgan Chase Bank, N.A.",antiguo
2016-09-01,Rabobank Chile,False,2.3471458319933856,2.3471458319933856,2.3471458319933856,,,,17887.429874,Rabobank Chile,antiguo
2016-09-01,Scotiabank Chile,False,2.290355867854903,2.3032855204580382,1.9841294420085698,2.6993993231007805,1.7349893818793811,2.934841376022492,190490.264256,Scotiabank Chile,antiguo
2016-09-01,Sistema Bancario,True,1.847665787369197,1.866804146514874,1.4711988125187474,2.427264371321085,1.8988287991652193,2.6595506208972384,2525300.961582,Sistema Bancario,antiguo
2016-10-01,BBVA Chile / Scotiabank Azul,False,1.175702993888397,1.1788725591248483,0.6979970494360339,1.6567844746905827,1.7459367490870334,1.6280248689017438,107271.419874,"Banco Bilbao Vizcaya Argentaria, Chile",antiguo
2016-10-01,Banco BTG Pactual Chile,False,0.0,0.0,0.0,,,,0.0,Banco BTG Pactual Chile,antiguo
2016-10-01,Banco Bice,False,0.13197157663660927,0.1322457278132103,0.11618422449577602,0.19953830839457828,0.26686118890213917,0.18778359286246943,5624.43945,Banco Bice,antiguo
2016-10-01,Banco Consorcio,False,0.3055615759355299,0.3055615759355299,0.2397384473635993,1.0038012946784065,1.634117622801013,0.45917124634733775,5276.87123,Banco Consorcio,antiguo
2016-10-01,Banco Falabella,False,3.7121337014498623,3.7121337014498623,6.675246474030273,3.441336447583384,2.8234963384997207,4.826534279001912,56260.661363,Banco Falabella,antiguo
2016-10-01,Banco Internacional,False,3.3204600739486763,3.3204600739486763,3.265361684907833,5.203573399521464,2.652231415159866,6.027371848717433,29955.218386,Banco Internacional,antiguo
2016-10-01,Banco Itaú Chile,False,1.4943242507437826,1.495950546938961,1.301750725689294,1.9558098632185026,1.873720111584316,1.9880016023038967,233211.08909,Itaú Corpbanca,antiguo
2016-10-01,Banco Ripley,False,3.380486533514497,3.380486533514497,5.799137719787815,3.351846439326482,3.402522503782527,3.075652235802391,8200.474519,Banco Ripley,antiguo
2016-10-01,Banco Santander-Chile,False,2.0703943659619517,2.091686559551156,2.2844020982807485,1.8841308085246016,2.1749055376606523,1.7358624199624033,557829.242121,Banco Santander-Chile,antiguo
2016-10-01,Banco Security,False,1.2971564522241175,1.2972395511103765,1.363442429223396,1.061159719368589,1.2461110968817417,0.9402480695746902,55999.876046,Banco Security,antiguo
2016-10-01,Banco de Chile,False,1.1776352737737072,1.1995964730189763,1.0946848228508714,1.3392808558139309,1.7621924550397305,1.097906576993057,298519.346273,Banco de Chile,antiguo
2016-10-01,Banco de Crédito e Inversiones,False,1.6689578823281432,1.6886762500601438,1.72022672774701,1.6404265682170012,1.5808236806214848,1.6751725998233422,286027.426754,Banco de Crédito e Inversiones,antiguo
2016-10-01,Banco de la Nación Argentina,False,2.5191941171636176,2.5191941171636176,2.5454325247395024,0.0,0.0,,199.73525,Banco de la Nación Argentina,antiguo
2016-10-01,Banco del Estado de Chile,False,3.384024768194526,3.4634397091431173,1.4018286818176524,5.683173997666204,1.8859904067809234,6.459032720880191,686443.342398,Banco del Estado de Chile,antiguo
2016-10-01,Banco do Brasil S.A.,False,0.0,0.0,0.0,,,,0.0,Banco do Brasil S.A.,antiguo
2016-10-01,"China Construction Bank, Agencia en Chile",False,0.0,0.0,0.0,,,,0.0,"China Construction Bank, Agencia en Chile",antiguo
2016-10-01,HSBC Bank (Chile),False,0.0,0.0,0.0,0.0,0.0,,0.0,HSBC Bank (Chile),antiguo
2016-10-01,"JP Morgan Chase Bank, N.A.",False,,,,,,,0.0,"JP Morgan Chase Bank, N.A.",antiguo
2016-10-01,Rabobank Chile,False,2.403005821548574,2.403005821548574,2.403005821548574,,,,17887.429874,Rabobank Chile,antiguo
2016-10-01,Scotiabank Chile,False,2.3454803188674966,2.3506751964788792,2.0245684267674333,2.752769406911737,1.7490502890398596,2.998051064699958,195777.022851,Scotiabank Chile,antiguo
2016-10-01,Sistema Bancario,True,1.8588853693600562,1.8797262780042487,1.475892058790594,2.4479512893605877,1.9154391056277242,2.6821490358609417,2545306.546176,Sistema Bancario,antiguo
2016-11-01,BBVA Chile / Scotiabank Azul,False,1.3235836858692487,1.3270919758775,0.7199550233330441,1.9340449948677982,1.845214454811335,1.96291849796583,121901.053932,"Banco Bilbao Vizcaya Argentaria, Chile",antiguo
2016-11-01,Banco BTG Pactual Chile,False,0.0,0.0,0.0,,,,0.0,Banco BTG Pactual Chile,antiguo
2016-11-01,Banco Bice,False,0.16717529355529684,0.1676282374840656,0.16337696512870334,0.18567117562472993,0.18486952678398955,0.18581395330682712,7321.75587,Banco Bice,antiguo
2016-11-01,Banco Consorcio,False,0.3197544858138675,0.3197544858138675,0.24663707086544323,1.1032191513506813,1.749694940206227,0.5603988383715887,5670.209241,Banco Consorcio,antiguo
2016-11-01,Banco Falabella,False,3.672346424148517,3.672346424148517,6.721822873311793,3.401388617442744,2.7189562997399706,4.952422603031727,56320.253848,Banco Falabella,antiguo
2016-11-01,Banco Internacional,False,3.6409223293669966,3.6409223293669966,3.6059165383829597,4.87267063022001,1.8545685439672828,5.878813013696048,33335.849458,Banco Internacional,antiguo
2016-11-01,Banco Itaú Chile,False,1.5613787683712526,1.5631333452887708,1.328927040557389,2.114900207896487,2.022337476804826,2.1518873822309867,245022.337971,Itaú Corpbanca,antiguo
2016-11-01,Banco Ripley,False,3.468678665296586,3.468678665296586,6.258250276538332,3.43639600755325,3.4484698559054205,3.369299121351526,8484.520587,Banco Ripley,antiguo
2016-11-01,Banco Santander-Chile,False,2.0583297536616842,2.079052539451855,2.2602878060072378,1.8844190264468492,2.149175317673597,1.7481737056360585,559499.435613,Banco Santander-Chile,antiguo
2016-11-01,Banco Security,False,1.4017772048821584,1.401943264306672,1.4928194729324538,1.0706595301817046,1.3210997538937912,0.8998736115571729,62331.958464,Banco Security,antiguo
2016-11-01,Banco de Chile,False,1.2052744384164364,1.221391459373673,1.08145223436376,1.4090766260693188,1.8100967422277754,1.1781080979731553,309022.586572,Banco de Chile,antiguo
2016-11-01,Banco de Crédito e Inversiones,False,1.6717519265679561,1.693923388373216,1.7137870605572318,1.6637422446989723,1.682734527153578,1.6526462560881274,290633.248691,Banco de Crédito e Inversiones,antiguo
2016-11-01,Banco de la Nación Argentina,False,2.101119757233892,2.494868786051311,2.521270757720125,0.0,0.0,,199.73525,Banco de la Nación Argentina,antiguo
2016-11-01,Banco del Estado de Chile,False,3.4741364783231523,3.5303903985297147,1.487105959899871,5.68623684114652,1.836078247263933,6.480842047872574,698580.07117,Banco del Estado de Chile,antiguo
2016-11-01,Banco do Brasil S.A.,False,0.0,0.0,0.0,,,,0.0,Banco do Brasil S.A.,antiguo
2016-11-01,"China Construction Bank, Agencia en Chile",False,0.0,0.0,0.0,,,,0.0,"China Construction Bank, Agencia en Chile",antiguo
2016-11-01,HSBC Bank (Chile),False,0.0,0.0,0.0,0.0,0.0,,0.0,HSBC Bank (Chile),antiguo
2016-11-01,"JP Morgan Chase Bank, N.A.",False,,,,,,,0.0,"JP Morgan Chase Bank, N.A.",antiguo
2016-11-01,Rabobank Chile,False,2.9465828571778028,2.9465828571778028,2.9465828571778028,,,,22184.942997,Rabobank Chile,antiguo
2016-11-01,Scotiabank Chile,False,2.295058883456542,2.297068188883863,1.9250060867291818,2.763691854477897,1.8239364496772759,2.997564742741374,196574.544002,Scotiabank Chile,antiguo
2016-11-01,Sistema Bancario,True,1.8937698266764464,1.9108459122578156,1.4930729132918106,2.4988973190955397,1.9458753427167543,2.744602431678597,2618118.3787209997,Sistema Bancario,antiguo
2016-12-01,BBVA Chile / Scotiabank Azul,False,1.2757031018150649,1.2782990025306167,0.6513370777277652,1.9014873023117127,1.859777813340086,1.9150850630995333,117806.622794,"Banco Bilbao Vizcaya Argentaria, Chile",antiguo
2016-12-01,Banco BTG Pactual Chile,False,0.0,0.0,0.0,,,,0.0,Banco BTG Pactual Chile,antiguo
2016-12-01,Banco Bice,False,0.14807685099224455,0.14847892292842177,0.1295674017786824,0.22653486974343537,0.1934502878643953,0.2324719127165387,6451.543308,Banco Bice,antiguo
2016-12-01,Banco Consorcio,False,0.2751789068949819,0.28423153828148623,0.21337733586141439,1.0552468193497624,1.6744168892454396,0.5490823617864787,5184.49006,Banco Consorcio,antiguo
2016-12-01,Banco Falabella,False,3.592185614815438,3.592185614815438,6.50166973207778,3.33934162358429,2.620649680154772,4.988643614635355,55567.126876,Banco Falabella,antiguo
2016-12-01,Banco Internacional,False,3.6697504396827703,3.6697504396827703,3.6109949786743734,5.753752152972213,2.833923071832976,6.727363142833203,33750.372002,Banco Internacional,antiguo
2016-12-01,Banco Itaú Chile,False,1.580007524615893,1.5804215894053026,1.316492499364911,2.1870217742938554,2.1095144194438444,2.2182334047886116,245748.603992,Itaú Corpbanca,antiguo
2016-12-01,Banco Ripley,False,3.596162171906672,3.596162171906672,6.9364091984745455,3.558111468458053,3.548130608228791,3.614231491512006,8831.171423,Banco Ripley,antiguo
2016-12-01,Banco Santander-Chile,False,2.067637569377774,2.0885817604833914,2.273244245592956,1.8926201034611612,2.2425309775609756,1.7120978742968145,562492.95168,Banco Santander-Chile,antiguo
2016-12-01,Banco Security,False,1.4303358463688367,1.430412199055009,1.5303283669153982,1.063684402183817,1.3021358020571345,0.9031951680528137,63826.500282,Banco Security,antiguo
2016-12-01,Banco de Chile,False,1.1243448187139284,1.1453036335516333,0.9608647758233186,1.3905261656610797,1.7909309459496172,1.1605565340042272,290677.618644,Banco de Chile,antiguo
2016-12-01,Banco de Crédito e Inversiones,False,1.6204935359400616,1.6387101164597269,1.6884429819461317,1.564305833806724,1.4721380395681722,1.6173939624530274,283489.68245,Banco de Crédito e Inversiones,antiguo
2016-12-01,Banco de la Nación Argentina,False,2.4542792077230215,2.4542792077230215,2.4804931526128424,0.0,0.0,,199.73525,Banco de la Nación Argentina,antiguo
2016-12-01,Banco del Estado de Chile,False,3.4925859740317624,3.5836377981720022,1.5108466419409672,5.74323802349741,1.8668328820677946,6.5522786049508435,712655.065193,Banco del Estado de Chile,antiguo
2016-12-01,Banco do Brasil S.A.,False,0.0,0.0,0.0,,,,0.0,Banco do Brasil S.A.,antiguo
2016-12-01,"China Construction Bank, Agencia en Chile",False,0.0,0.0,0.0,,,,0.0,"China Construction Bank, Agencia en Chile",antiguo
2016-12-01,HSBC Bank (Chile),False,0.0,0.0,0.0,0.0,0.0,,0.0,HSBC Bank (Chile),antiguo
2016-12-01,"JP Morgan Chase Bank, N.A.",False,,,,,,,0.0,"JP Morgan Chase Bank, N.A.",antiguo
2016-12-01,MUFG Bank,False,0.0,0.0,0.0,,,,0.0,"The Bank of Tokyo-Mitsubishi UFJ, Ltd.",antiguo
2016-12-01,Rabobank Chile,False,2.9975423585469567,2.9975423585469567,2.9975423585469567,,,,22184.942997,Rabobank Chile,antiguo
2016-12-01,Scotiabank Chile,False,2.266813963275146,2.2700492946201205,1.8924724668284143,2.731513524607792,1.8719152318533223,2.945273795256846,195970.540915,Scotiabank Chile,antiguo
2016-12-01,Sistema Bancario,True,1.8745590662216725,1.8969522435074686,1.4646566172817586,2.497353148612735,1.942995833147338,2.7435445502180733,2606074.9190430003,Sistema Bancario,antiguo
2017-01-01,BBVA Chile / Scotiabank Azul,False,1.2780154939775192,1.2796127862978024,0.6531014556675011,1.9226299805125315,1.9037985468254217,1.9287685727582313,119965.701333,"Banco Bilbao Vizcaya Argentaria, Chile",antiguo
2017-01-01,Banco BTG Pactual Chile,False,0.0,0.0,0.0,,,,0.0,Banco BTG Pactual Chile,antiguo
2017-01-01,Banco Bice,False,0.15974468341403122,0.16016311723923587,0.12053139858840833,0.3226296770173043,0.24889495865532346,0.33554618232024774,6989.93463,Banco Bice,antiguo
2017-01-01,Banco Consorcio,False,0.3830804716114221,0.3830804716114221,0.3174959669682488,1.1055933540872651,1.806109987570615,0.5340743878027793,7034.568516,Banco Consorcio,antiguo
2017-01-01,Banco Falabella,False,3.926099899377656,3.926099899377656,6.6601663034651875,3.6937495691412865,2.7968671017446436,5.781070213657686,61143.251832,Banco Falabella,antiguo
2017-01-01,Banco Internacional,False,4.349629464012815,4.349629464012815,4.258818136063942,7.576406358122536,3.2246150457864977,9.037962518379176,40348.017341,Banco Internacional,antiguo
2017-01-01,Banco Itaú Chile,False,1.7351844927537825,1.735628804994592,1.4943367650498656,2.279835656304357,2.271873329110713,2.283062428708492,266772.778813,Itaú Corpbanca,antiguo
2017-01-01,Banco Penta,False,,,,,,,0.0,Banco Penta,antiguo
2017-01-01,Banco Ripley,False,3.637451342609382,3.637451342609382,6.510537795414417,3.6054786396326826,3.6373234251224984,3.4229960163724393,8965.721312,Banco Ripley,antiguo
2017-01-01,Banco Santander-Chile,False,2.1255948322397247,2.147193720098771,2.318790759647738,1.9669566651576331,2.3158309800881947,1.7877583822589058,575242.691445,Banco Santander-Chile,antiguo
2017-01-01,Banco Security,False,1.4170975622345552,1.4173221017795576,1.5155785982474654,1.0561482831804803,1.3494685119926229,0.857245818950512,63209.604973,Banco Security,antiguo
2017-01-01,Banco de Chile,False,1.198735979572306,1.2201143396236556,1.0141721613371513,1.4916955237535245,1.9978894087801846,1.203436749580935,308606.888468,Banco de Chile,antiguo
2017-01-01,Banco de Crédito e Inversiones,False,1.744649764654687,1.765319519574982,1.804301342169192,1.7082737579670542,1.768723493978535,1.6734516700826652,303329.331281,Banco de Crédito e Inversiones,antiguo
2017-01-01,Banco de la Nación Argentina,False,1.9996896502767436,1.9996896502767436,2.0171707153331373,0.0,0.0,,199.73525,Banco de la Nación Argentina,antiguo
2017-01-01,Banco del Estado de Chile,False,3.5939824962446925,3.648216498882483,1.5750340350855412,5.796177539498413,2.2887560749448226,6.5283075048752925,727928.749436,Banco del Estado de Chile,antiguo
2017-01-01,Banco do Brasil S.A.,False,0.0,0.0,0.0,,,,0.0,Banco do Brasil S.A.,antiguo
2017-01-01,"China Construction Bank, Agencia en Chile",False,0.0,0.0,0.0,,,,0.0,"China Construction Bank, Agencia en Chile",antiguo
2017-01-01,HSBC Bank (Chile),False,0.0,0.0,0.0,0.0,0.0,,0.0,HSBC Bank (Chile),antiguo
2017-01-01,"JP Morgan Chase Bank, N.A.",False,,,,,,,0.0,"JP Morgan Chase Bank, N.A.",antiguo
2017-01-01,MUFG Bank,False,0.0,0.0,0.0,,,,0.0,"The Bank of Tokyo-Mitsubishi UFJ, Ltd.",antiguo
2017-01-01,Rabobank Chile,False,2.6249323503175823,2.6249323503175823,2.6249323503175823,,,,18854.251944,Rabobank Chile,antiguo
2017-01-01,Scotiabank Chile,False,2.279600264405212,2.28458211004154,1.889541097656314,2.7742676078615607,1.9616331568455787,2.9757560487637646,201339.359211,Scotiabank Chile,antiguo
2017-01-01,Sistema Bancario,True,1.9557095512420928,1.974684510495156,1.5327040984389342,2.5839099803505903,2.123155276349868,2.7880326211755824,2709930.585785,Sistema Bancario,antiguo
2017-02-01,BBVA Chile / Scotiabank Azul,False,1.433268763866887,1.4341116246921415,0.8884435335444995,1.9994225509156551,1.8897140953920393,2.034943551145908,135592.452667,"Banco Bilbao Vizcaya Argentaria, Chile",antiguo
2017-02-01,Banco BTG Pactual Chile,False,0.0,0.0,0.0,,,,0.0,Banco BTG Pactual Chile,antiguo
2017-02-01,Banco Bice,False,0.15740623522716896,0.1577534044968662,0.1123717110217414,0.3445497078963467,0.33250589670928243,0.34663772935126724,6962.816998,Banco Bice,antiguo
2017-02-01,Banco Consorcio,False,0.4024769570860551,0.4024769570860551,0.33484722084143026,1.167998984511868,1.8954525176349681,0.5633577032473587,7427.153834,Banco Consorcio,antiguo
2017-02-01,Banco Falabella,False,3.719580959396672,3.719580959396672,7.822363057901431,3.3764969162702836,2.8820572580401898,4.533053811290652,58305.096958,Banco Falabella,antiguo
2017-02-01,Banco Internacional,False,4.877602860820451,4.877602860820451,4.8293813652826225,6.625881040177127,3.373759303186962,7.711322816483297,45967.321253,Banco Internacional,antiguo
2017-02-01,Banco Itaú Chile,False,1.7806480037611296,1.7811079371245213,1.522972538947016,2.3600844739697644,2.178336947384734,2.4335050052300757,273491.742421,Itaú Corpbanca,antiguo
2017-02-01,Banco Penta,False,,,,,,,0.0,Banco Penta,antiguo
2017-02-01,Banco Ripley,False,3.896289447711683,3.896289447711683,7.616213452717374,3.8554313333889167,3.8560928301042137,3.851610191612332,9619.591815,Banco Ripley,antiguo
2017-02-01,Banco Santander-Chile,False,2.0027662149825485,2.025977559142355,2.2353926322803037,1.8059604790434411,2.382731862993978,1.5118229929003346,544724.135762,Banco Santander-Chile,antiguo
2017-02-01,Banco Security,False,1.3726649417390853,1.3728117621304277,1.4448855998388366,1.105865286960903,1.395145109913524,0.9105437709477116,61501.993529,Banco Security,antiguo
2017-02-01,Banco de Chile,False,1.2182678098555921,1.2366152590016806,1.008649965097144,1.5371568303322825,2.0417612004051455,1.2547550398717275,313339.737452,Banco de Chile,antiguo
2017-02-01,Banco de Crédito e Inversiones,False,1.7854035629241278,1.8063125578578452,1.898429965743367,1.6730110458141667,1.693300959579714,1.6614140300713325,311584.068944,Banco de Crédito e Inversiones,antiguo
2017-02-01,Banco de la Nación Argentina,False,2.0157604623694243,2.0157604623694243,2.033483172878584,0.0,0.0,,200.2421,Banco de la Nación Argentina,antiguo
2017-02-01,Banco del Estado de Chile,False,3.759761761246682,3.8021787597404946,1.6976489677354643,5.967864324038842,2.6232574967635705,6.661202003461403,762524.790575,Banco del Estado de Chile,antiguo
2017-02-01,Banco do Brasil S.A.,False,0.0,0.0,0.0,,,,0.0,Banco do Brasil S.A.,antiguo
2017-02-01,"China Construction Bank, Agencia en Chile",False,0.0,0.0,0.0,,,,0.0,"China Construction Bank, Agencia en Chile",antiguo
2017-02-01,HSBC Bank (Chile),False,0.0,0.0,0.0,0.0,0.0,,0.0,HSBC Bank (Chile),antiguo
2017-02-01,"JP Morgan Chase Bank, N.A.",False,,,,,,,0.0,"JP Morgan Chase Bank, N.A.",antiguo
2017-02-01,MUFG Bank,False,0.0,0.0,0.0,,,,0.0,"The Bank of Tokyo-Mitsubishi UFJ, Ltd.",antiguo
2017-02-01,Rabobank Chile,False,2.4323390597721803,2.4323390597721803,2.4323390597721803,,,,17241.937264,Rabobank Chile,antiguo
2017-02-01,Scotiabank Chile,False,2.3954693193344303,2.3994870181184615,2.0374953412835928,2.844281868698282,2.2002567301203335,3.0033990327977733,212820.538311,Scotiabank Chile,antiguo
2017-02-01,Sistema Bancario,True,1.9869251617420454,2.004186180784105,1.5743411339952285,2.595182339101285,2.1831262981459814,2.7761717932428502,2761303.6198829995,Sistema Bancario,antiguo
2017-03-01,BBVA Chile / Scotiabank Azul,False,1.4270819569089341,1.4307491877008083,0.9503255340094318,1.9222083765492484,1.8315964317218554,1.9517118511315004,135334.772254,"Banco Bilbao Vizcaya Argentaria, Chile",antiguo
2017-03-01,Banco BTG Pactual Chile,False,0.0,0.0,0.0,,,,0.0,Banco BTG Pactual Chile,antiguo
2017-03-01,Banco Bice,False,0.1530424287207027,0.15346591904061277,0.11567779157057921,0.30748873236132496,0.41354329153686137,0.2891659047225103,6828.816779,Banco Bice,antiguo
2017-03-01,Banco Consorcio,False,0.4076699651136262,0.4076699651136262,0.3392993632596263,1.1908579947375597,1.8861165547915466,0.623563002029174,7648.573117,Banco Consorcio,antiguo
2017-03-01,Banco Falabella,False,3.6231629394894007,3.6231629394894007,7.610665037287469,3.2936000685918114,2.8745455074115607,4.277417629994906,57040.827053,Banco Falabella,antiguo
2017-03-01,Banco Internacional,False,4.617480599138728,4.617480599138728,4.546320459436845,7.221996264990399,3.691988618503819,8.313576208409692,44685.849629,Banco Internacional,antiguo
2017-03-01,Banco Itaú Chile,False,1.8066555409996017,1.8066555409996017,1.5736201898727813,2.322360773518832,2.1038998643370563,2.410585608806073,277169.477172,Itaú Corpbanca,antiguo
2017-03-01,Banco Ripley,False,3.817975426829539,3.817975426829539,7.504621070440468,3.7780880325568993,3.746746746506703,3.960351604432895,9440.440406,Banco Ripley,antiguo
2017-03-01,Banco Santander-Chile,False,2.161011473983339,2.1890854395277106,2.351820317079411,2.018990501804262,2.3675151964864463,1.8395968531897016,593215.742541,Banco Santander-Chile,antiguo
2017-03-01,Banco Security,False,1.4944325825427383,1.494511702354827,1.6011979592889531,1.0976698984667572,1.3458584318325937,0.925489235519207,67746.115857,Banco Security,antiguo
2017-03-01,Banco de Chile,False,1.2052166138688178,1.219961915532323,1.021446321976949,1.4778854619957622,1.9042906087768743,1.2387443111182035,310214.576164,Banco de Chile,antiguo
2017-03-01,Banco de Crédito e Inversiones,False,2.0072600168850654,2.0296856389035516,2.331371793434146,1.6017412010918393,1.6558478753895896,1.5709642390286396,352835.987737,Banco de Crédito e Inversiones,antiguo
2017-03-01,Banco de la Nación Argentina,False,1.8744265332148218,1.8744265332148218,1.889498065295002,0.0,0.0,,200.2333,Banco de la Nación Argentina,antiguo
2017-03-01,Banco del Estado de Chile,False,3.7278004182957916,3.7760342894942847,1.7079089606683397,5.866878160146944,2.656143446709571,6.533034889726102,758699.628217,Banco del Estado de Chile,antiguo
2017-03-01,Banco do Brasil S.A.,False,5.767621795508604,6.881995694049752,6.881995694049752,,,,2200.933138,Banco do Brasil S.A.,antiguo
2017-03-01,"China Construction Bank, Agencia en Chile",False,0.0,0.0,0.0,,,,0.0,"China Construction Bank, Agencia en Chile",antiguo
2017-03-01,HSBC Bank (Chile),False,0.0,0.0,0.0,0.0,0.0,,0.0,HSBC Bank (Chile),antiguo
2017-03-01,"JP Morgan Chase Bank, N.A.",False,,,,,,,0.0,"JP Morgan Chase Bank, N.A.",antiguo
2017-03-01,MUFG Bank,False,0.0,0.0,0.0,,,,0.0,"The Bank of Tokyo-Mitsubishi UFJ, Ltd.",antiguo
2017-03-01,Rabobank Chile,False,2.5035948107116344,2.5035948107116344,2.5035948107116344,,,,18123.773666,Rabobank Chile,antiguo
2017-03-01,Scotiabank Chile,False,2.3205957546612326,2.3232013021453843,2.011421395780789,2.715978699957761,2.145915955138768,2.8576177852660827,212915.846301,Scotiabank Chile,antiguo
2017-03-01,Sistema Bancario,True,2.040171409468458,2.0577449006102877,1.6712957043532328,2.5843814428256016,2.1318649165917596,2.7837310061931233,2854301.5933310003,Sistema Bancario,antiguo
2017-04-01,BBVA Chile / Scotiabank Azul,False,1.2240418359219984,1.2253693081767327,0.8889194576500729,1.577950728693035,1.7230332069655228,1.530899877385735,118019.586206,"Banco Bilbao Vizcaya Argentaria, Chile",antiguo
2017-04-01,Banco BTG Pactual Chile,False,0.0,0.0,0.0,,,,0.0,Banco BTG Pactual Chile,antiguo
2017-04-01,Banco Bice,False,0.16705470777132206,0.16746309294590897,0.13033669879319207,0.3200692074601163,0.49370353470558903,0.2907582181462002,7600.72845,Banco Bice,antiguo
2017-04-01,Banco Consorcio,False,0.3763098071699305,0.3763098071699305,0.31163520514920434,1.133136578674075,1.8098642937729188,0.5988813405452353,7269.21093,Banco Consorcio,antiguo
2017-04-01,Banco Falabella,False,3.615830808039782,3.615830808039782,7.7708653622662816,3.27650686714794,2.910424507850487,4.136619568627405,57134.683308,Banco Falabella,antiguo
2017-04-01,Banco Internacional,False,4.639398937730145,4.639398937730145,4.568666313824124,7.002804377125667,3.155651562328092,8.035159432124233,45461.286018,Banco Internacional,antiguo
2017-04-01,Banco Itaú Chile,False,1.814452500422697,1.826229003350343,1.5970102729418363,2.3317471000118295,2.0242062604677606,2.455706954883349,281640.876376,Itaú Corpbanca,antiguo
2017-04-01,Banco Ripley,False,3.8964440747284264,3.8964440747284264,7.853966294677327,3.8541382747636272,3.8695821511439465,3.763672312742043,9594.914033,Banco Ripley,antiguo
2017-04-01,Banco Santander-Chile,False,2.0397660866341942,2.079680004048461,2.3698839679470853,1.776764443550934,2.219712487972138,1.549752928369893,565285.747283,Banco Santander-Chile,antiguo
2017-04-01,Banco Security,False,1.5489923950399351,1.5490355783898486,1.6527526851110728,1.1595938788067384,1.4714241684802445,0.9446643766993779,70699.749708,Banco Security,antiguo
2017-04-01,Banco de Chile,False,1.2326422759318996,1.2476356852931207,1.0549529724901103,1.4981051523115092,1.9277161714271758,1.2593401803767386,318337.480794,Banco de Chile,antiguo
2017-04-01,Banco de Crédito e Inversiones,False,2.0031269302265224,2.027314957238139,2.3232415781138602,1.6034542668544352,1.6376144350237511,1.5841151903308264,357322.737055,Banco de Crédito e Inversiones,antiguo
2017-04-01,Banco de la Nación Argentina,False,2.011399625181244,2.011399625181244,2.027238126275556,0.0,0.0,,222.887913,Banco de la Nación Argentina,antiguo
2017-04-01,Banco del Estado de Chile,False,3.7217342052847657,3.79676330016093,1.6755042986319648,6.004870649838758,2.712916070738371,6.684296371052972,779840.930472,Banco del Estado de Chile,antiguo
2017-04-01,Banco do Brasil S.A.,False,5.675353548394341,6.143656063788976,6.143656063788976,,,,2224.263996,Banco do Brasil S.A.,antiguo
2017-04-01,"China Construction Bank, Agencia en Chile",False,0.0,0.0,0.0,,,,0.0,"China Construction Bank, Agencia en Chile",antiguo
2017-04-01,HSBC Bank (Chile),False,0.0,0.0,0.0,0.0,0.0,,0.0,HSBC Bank (Chile),antiguo
2017-04-01,"JP Morgan Chase Bank, N.A.",False,,,,,,,0.0,"JP Morgan Chase Bank, N.A.",antiguo
2017-04-01,MUFG Bank,False,0.0,0.0,0.0,,,,0.0,"The Bank of Tokyo-Mitsubishi UFJ, Ltd.",antiguo
2017-04-01,Rabobank Chile,False,2.593983955502768,2.593983955502768,2.593983955502768,,,,18082.868505,Rabobank Chile,antiguo
2017-04-01,Scotiabank Chile,False,2.1255127607092326,2.1262311961436082,1.9963301027563398,2.291396052607805,2.187087946776121,2.3171185327250043,197997.806891,Scotiabank Chile,antiguo
2017-04-01,Sistema Bancario,True,2.000532628506232,2.024214692857883,1.675244831283685,2.503426322638312,2.0980792141704976,2.680902655693828,2836735.757938,Sistema Bancario,antiguo
2017-05-01,BBVA Chile / Scotiabank Azul,False,1.27035439879486,1.2740437963303068,0.9310844682283027,1.6247324260253388,1.8041801021961505,1.5668871392526509,122049.013639,"Banco Bilbao Vizcaya Argentaria, Chile",antiguo
2017-05-01,Banco BTG Pactual Chile,False,0.0,0.0,0.0,,,,0.0,Banco BTG Pactual Chile,antiguo
2017-05-01,Banco Bice,False,0.16514669724077305,0.16545323329561826,0.13195625997095756,0.30332120117650846,0.5835911678184826,0.2571538361884138,7616.542612,Banco Bice,antiguo
2017-05-01,Banco Consorcio,False,0.3851313044503773,0.3851313044503773,0.3218308797719679,1.0994501248281354,1.7144376003115536,0.6444995455460679,7460.826501,Banco Consorcio,antiguo
2017-05-01,Banco Falabella,False,3.686068860917323,3.686068860917323,7.548023091261519,3.373950824711907,2.8973892661538714,4.492178212589441,58353.686712,Banco Falabella,antiguo
2017-05-01,Banco Internacional,False,5.084518877774972,5.084518877774972,5.032195475757947,6.807669620028214,3.472948361871568,7.678593582623179,50499.428048,Banco Internacional,antiguo
2017-05-01,Banco Itaú Chile,False,1.8400290567710447,1.852145909701555,1.6770151521076007,2.2315195751486288,1.9610706851733561,2.3398513532430676,284461.076661,Itaú Corpbanca,antiguo
2017-05-01,Banco Ripley,False,3.7801501986319743,3.7801501986319743,8.374346814362008,3.7316440643502222,3.8553382462972916,3.0058612683222603,9236.383092,Banco Ripley,antiguo
2017-05-01,Banco Santander-Chile,False,2.1908175911515197,2.213418751585016,2.5290285756805098,1.8914531397316274,2.0546842248205492,1.8081337488319995,596307.606675,Banco Santander-Chile,antiguo
2017-05-01,Banco Security,False,1.4828537229979373,1.4828951329576063,1.5812560493779895,1.1129280408777888,1.4111287031648494,0.9065878293980726,68113.547199,Banco Security,antiguo
2017-05-01,Banco de Chile,False,1.2183909754245206,1.234574910023151,1.0100044817366323,1.5260746563130287,2.032170647971502,1.2477803799401748,316146.754906,Banco de Chile,antiguo
2017-05-01,Banco de Crédito e Inversiones,False,1.974572941768749,2.0001173310831937,2.316337088744263,1.5592559484162272,1.7039308479577262,1.4781756211904669,353117.432311,Banco de Crédito e Inversiones,antiguo
2017-05-01,Banco de la Nación Argentina,False,2.015370525603893,2.015370525603893,2.03139881164935,0.0,0.0,,222.887913,Banco de la Nación Argentina,antiguo
2017-05-01,Banco del Estado de Chile,False,3.0788442927304387,3.141011620558059,1.7045434107952673,4.6301644978685665,2.6904069118644034,5.0299835891688405,649148.168001,Banco del Estado de Chile,antiguo
2017-05-01,Banco do Brasil S.A.,False,5.665830103669256,5.935826533976036,5.935826533976036,,,,2242.262087,Banco do Brasil S.A.,antiguo
2017-05-01,"China Construction Bank, Agencia en Chile",False,0.0,0.0,0.0,,,,0.0,"China Construction Bank, Agencia en Chile",antiguo
2017-05-01,HSBC Bank (Chile),False,0.0,0.0,0.0,0.0,0.0,,0.0,HSBC Bank (Chile),antiguo
2017-05-01,"JP Morgan Chase Bank, N.A.",False,,,,,,,0.0,"JP Morgan Chase Bank, N.A.",antiguo
2017-05-01,MUFG Bank,False,0.0,0.0,0.0,,,,0.0,"The Bank of Tokyo-Mitsubishi UFJ, Ltd.",antiguo
2017-05-01,Scotiabank Chile,False,2.3119149928915834,2.313138651386422,2.015230761140567,2.6874630459850337,2.1852955178468836,2.8106184704553736,217008.213729,Scotiabank Chile,antiguo
2017-05-01,Sistema Bancario,True,1.9442117831852328,1.9648701079018462,1.7018808700721206,2.31865315213713,2.0854062357390886,2.4200720691965607,2741983.8300860003,Sistema Bancario,antiguo
2017-06-01,BBVA Chile / Scotiabank Azul,False,1.275218877706167,1.2792511341065633,0.9508014129770157,1.6074361997208786,1.7764545286936293,1.5533681576682223,121762.521001,"Banco Bilbao Vizcaya Argentaria, Chile",antiguo
2017-06-01,Banco BTG Pactual Chile,False,0.0,0.0,0.0,,,,0.0,Banco BTG Pactual Chile,antiguo
2017-06-01,Banco Bice,False,0.18531324422425288,0.18565514450477108,0.15607461181316523,0.3050069190014353,0.462119496512149,0.2797033047578797,8502.921462,Banco Bice,antiguo
2017-06-01,Banco Consorcio,False,0.3670015748205811,0.3670015748205811,0.3146709942946085,0.9485273135846384,1.5773306587747462,0.49330413245770477,7138.81599,Banco Consorcio,antiguo
2017-06-01,Banco Falabella,False,3.5568828540959907,3.5568828540959907,7.198761202622501,3.265840652837958,2.832488231975814,4.282035720768719,56419.091916,Banco Falabella,antiguo
2017-06-01,Banco Internacional,False,5.241445110003189,5.241445110003189,5.212118317130914,6.242898316009072,2.563540954783633,7.114710754315739,53894.078785,Banco Internacional,antiguo
2017-06-01,Banco Itaú Chile,False,1.816066865493506,1.8341105157858546,1.6567937530985153,2.217053383135589,1.8830786280399117,2.350416674511011,282875.509704,Itaú Corpbanca,antiguo
2017-06-01,Banco Ripley,False,3.972374012318864,3.972374012318864,8.756494591486273,3.922325468606448,4.058594171413659,3.1237063924378465,9632.913969,Banco Ripley,antiguo
2017-06-01,Banco Santander-Chile,False,2.1560879418485825,2.1749598015544542,2.480900466441035,1.8631393697695946,2.0252237137826583,1.7813813615483314,585468.608858,Banco Santander-Chile,antiguo
2017-06-01,Banco Security,False,1.3163328783448078,1.3165212609288979,1.351429312944482,1.1851148901842454,1.4900552031774796,0.9753579633540942,60825.069408,Banco Security,antiguo
2017-06-01,Banco de Chile,False,1.179950551386334,1.1974670234181737,0.9525709869717202,1.5149998264462752,1.9803173186637886,1.2634552206681335,307129.141552,Banco de Chile,antiguo
2017-06-01,Banco de Crédito e Inversiones,False,1.674488350473433,1.6945236931522938,1.8122181457573419,1.532852183346834,1.6756387773853725,1.4536839804189978,300388.246722,Banco de Crédito e Inversiones,antiguo
2017-06-01,Banco de la Nación Argentina,False,2.057865024207559,2.057865024207559,2.0742957605957995,0.0,0.0,,222.887913,Banco de la Nación Argentina,antiguo
2017-06-01,Banco del Estado de Chile,False,3.052517523976061,3.1635648568353756,1.775135473880141,4.630890413348966,2.37386000109118,5.093656715848531,665287.285419,Banco del Estado de Chile,antiguo
2017-06-01,Banco do Brasil S.A.,False,0.26104073683417894,0.2928691279121718,0.2928691279121718,,,,98.486838,Banco do Brasil S.A.,antiguo
2017-06-01,"China Construction Bank, Agencia en Chile",False,0.0,0.0,0.0,,,,0.0,"China Construction Bank, Agencia en Chile",antiguo
2017-06-01,HSBC Bank (Chile),False,0.0,0.0,0.0,0.0,0.0,,0.0,HSBC Bank (Chile),antiguo
2017-06-01,"JP Morgan Chase Bank, N.A.",False,,,,,,,0.0,"JP Morgan Chase Bank, N.A.",antiguo
2017-06-01,MUFG Bank,False,0.0,0.0,0.0,,,,0.0,"The Bank of Tokyo-Mitsubishi UFJ, Ltd.",antiguo
2017-06-01,Scotiabank Chile,False,2.257268683831005,2.2592885256625173,1.9630948268840556,2.6361494147877576,2.075323469363767,2.7733921259160756,216507.037936,Scotiabank Chile,antiguo
2017-06-01,Sistema Bancario,True,1.8833767504481804,1.9081530344231803,1.6161668773649815,2.3006223571049658,2.017864217494614,2.422273171139297,2676152.617473,Sistema Bancario,antiguo
2017-07-01,BBVA Chile / Scotiabank Azul,False,1.1743645290750502,1.1756863536231754,0.7881675730159318,1.5612913417473486,1.777611786658727,1.4920031342228655,111866.111949,"Banco Bilbao Vizcaya Argentaria, Chile",antiguo
2017-07-01,Banco BTG Pactual Chile,False,0.0,0.0,0.0,,,,0.0,Banco BTG Pactual Chile,antiguo
2017-07-01,Banco Bice,False,0.21339437090350552,0.21370224960685882,0.19120556059341423,0.3048206523645099,0.49515982261998287,0.27507794361355137,9908.716231,Banco Bice,antiguo
2017-07-01,Banco Consorcio,False,0.38248918099039053,0.38248918099039053,0.32814110433192456,0.9891153659119954,1.462654126619902,0.6330497078946773,7390.440777,Banco Consorcio,antiguo
2017-07-01,Banco Falabella,False,3.552107138461184,3.552107138461184,7.335664512618088,3.256256332730472,2.8211512671458037,4.280229282825935,56419.091916,Banco Falabella,antiguo
2017-07-01,Banco Internacional,False,5.275424226445363,5.275424226445363,5.249658397132885,6.164379377827386,2.377185908176392,7.058973311086324,54674.983193,Banco Internacional,antiguo
2017-07-01,Banco Itaú Chile,False,1.8958706037773547,1.9079987935956406,1.784641654137233,2.1702575360473055,1.814122779761112,2.3134635921002693,292078.064556,Itaú Corpbanca,antiguo
2017-07-01,Banco Ripley,False,3.9957978019835223,3.9957978019835223,8.17221971132938,3.9527349081278773,4.145509680558856,2.8174087414851168,9614.918911,Banco Ripley,antiguo
2017-07-01,Banco Santander-Chile,False,2.111379952502978,2.1383859772945817,2.451154734266828,1.8161787753845495,1.9246984871036064,1.7614903131113673,578794.978976,Banco Santander-Chile,antiguo
2017-07-01,Banco Security,False,1.3818806761514224,1.3820447195094667,1.4338140292881867,1.1904247150989884,1.4706534303935255,0.9979277901637902,63932.567689,Banco Security,antiguo
2017-07-01,Banco de Chile,False,1.2108907423099975,1.225082348958814,0.9703886543942138,1.5526008271582636,2.0541464077582976,1.2831611004646544,313009.082743,Banco de Chile,antiguo
2017-07-01,Banco de Crédito e Inversiones,False,1.6878534050424099,1.7062978207161763,1.8555240313571646,1.5012405883383144,1.6776883580714292,1.404378561524826,305762.485652,Banco de Crédito e Inversiones,antiguo
2017-07-01,Banco de la Nación Argentina,False,2.503706523179155,2.517989550748467,2.5428410198916556,0.0,0.0,,222.887913,Banco de la Nación Argentina,antiguo
2017-07-01,Banco del Estado de Chile,False,2.986299382615074,3.0948871599271346,1.7800111684148574,4.492632087493777,2.182553943897009,4.967777935414644,654289.310015,Banco del Estado de Chile,antiguo
2017-07-01,Banco do Brasil S.A.,False,0.47898660619494865,0.5225038698968643,0.5225038698968643,,,,159.040483,Banco do Brasil S.A.,antiguo
2017-07-01,"China Construction Bank, Agencia en Chile",False,0.0,0.0,0.0,,,,0.0,"China Construction Bank, Agencia en Chile",antiguo
2017-07-01,HSBC Bank (Chile),False,0.0,0.0,0.0,0.0,0.0,,0.0,HSBC Bank (Chile),antiguo
2017-07-01,"JP Morgan Chase Bank, N.A.",False,,,,,,,0.0,"JP Morgan Chase Bank, N.A.",antiguo
2017-07-01,MUFG Bank,False,0.0,0.0,0.0,,,,0.0,"The Bank of Tokyo-Mitsubishi UFJ, Ltd.",antiguo
2017-07-01,Scotiabank Chile,False,2.2003807953108927,2.2015429833518856,1.8442361102651725,2.6547926583869046,2.097364106015572,2.7912383802824845,212397.780543,Scotiabank Chile,antiguo
2017-07-01,Sistema Bancario,True,1.8756352148433135,1.898972447760439,1.6280033734798895,2.2628385382920952,1.9859769162593621,2.3817094575245203,2670520.4615470003,Sistema Bancario,antiguo
2017-08-01,BBVA Chile / Scotiabank Azul,False,1.1898234699169896,1.1901262672990924,0.8038345513954628,1.5692835876260949,1.8352157685022186,1.484240866829992,113278.43347,"Banco Bilbao Vizcaya Argentaria, Chile",antiguo
2017-08-01,Banco BTG Pactual Chile,False,0.0,0.0,0.0,,,,0.0,Banco BTG Pactual Chile,antiguo
2017-08-01,Banco Bice,False,0.21675615130544668,0.21680039994077452,0.19541256634852433,0.3023815397457644,0.4764230377432248,0.2748852846516674,10144.924005,Banco Bice,antiguo
2017-08-01,Banco Consorcio,False,0.41847396882527405,0.42279202104898733,0.38759999920407195,0.8058937980348855,1.3182501514686444,0.43086032716259104,8194.780696,Banco Consorcio,antiguo
2017-08-01,Banco Falabella,False,3.37101385283511,3.37101385283511,6.494298510571056,3.131907832416521,2.7947566591275765,3.9341770222448758,53790.06239,Banco Falabella,antiguo
2017-08-01,Banco Internacional,False,5.058806368808709,5.058806368808709,5.041543109261406,5.686134156395277,2.8091300731260103,6.392088871527717,54622.989352,Banco Internacional,antiguo
2017-08-01,Banco Itaú Chile,False,1.9016481773953418,1.9133635088710323,1.7853432472554136,2.182083261788623,1.8550150633449627,2.3143826712350695,293384.557985,Itaú Corpbanca,antiguo
2017-08-01,Banco Ripley,False,3.9795742660752613,3.9795742660752613,8.053192653906807,3.938132512493274,4.111811759075095,2.9057712184104583,9534.870892,Banco Ripley,antiguo
2017-08-01,Banco Santander-Chile,False,2.067422327708385,2.0878563484675965,2.4098330249179467,1.7569678708446266,1.8773147871304074,1.6962888138653516,566307.681803,Banco Santander-Chile,antiguo
2017-08-01,Banco Security,False,1.3927455035359317,1.3927925441846905,1.4603391631062692,1.1444441869478956,1.4045756435448213,0.9647255792975851,65139.235616,Banco Security,antiguo
2017-08-01,Banco de Chile,False,1.196544511232522,1.214016179248973,0.9836180402771203,1.5064158953386495,1.9796507186961,1.250900004518951,310453.414783,Banco de Chile,antiguo
2017-08-01,Banco de Crédito e Inversiones,False,1.7156402068084862,1.730640137516724,1.9213738987100233,1.4671695852881246,1.68288850025519,1.3491663217429133,313746.519992,Banco de Crédito e Inversiones,antiguo
2017-08-01,Banco de la Nación Argentina,False,0.27356635901991005,0.27643311092918055,0.2792183689521457,0.0,0.0,,24.527413,Banco de la Nación Argentina,antiguo
2017-08-01,Banco del Estado de Chile,False,2.8905951557179796,2.9573405956717553,1.6611029743308945,4.32669120426696,1.8885102606561475,4.831513453066492,628432.349855,Banco del Estado de Chile,antiguo
2017-08-01,Banco do Brasil S.A.,False,0.0,0.0,0.0,,,,0.0,Banco do Brasil S.A.,antiguo
2017-08-01,"China Construction Bank, Agencia en Chile",False,0.0,0.0,0.0,,,,0.0,"China Construction Bank, Agencia en Chile",antiguo
2017-08-01,HSBC Bank (Chile),False,0.0,0.0,0.0,0.0,0.0,,0.0,HSBC Bank (Chile),antiguo
2017-08-01,"JP Morgan Chase Bank, N.A.",False,,,,,,,0.0,"JP Morgan Chase Bank, N.A.",antiguo
2017-08-01,MUFG Bank,False,0.0,0.0,0.0,,,,0.0,"The Bank of Tokyo-Mitsubishi UFJ, Ltd.",antiguo
2017-08-01,Scotiabank Chile,False,2.2298178595038016,2.230457656160589,1.8886134113694366,2.6593512766907264,2.0966127483863644,2.797306961861656,215940.000098,Scotiabank Chile,antiguo
2017-08-01,Sistema Bancario,True,1.8521181109237599,1.8710820258407042,1.6205067698795177,2.2056877420702343,1.9328882488094095,2.323026563766353,2642994.3483499996,Sistema Bancario,antiguo
2017-09-01,BBVA Chile / Scotiabank Azul,False,1.1688567635176883,1.1695713178765217,0.8016317967691332,1.5284382659131308,1.8224665639940036,1.4352874795464734,111587.655371,"Banco Bilbao Vizcaya Argentaria, Chile",antiguo
2017-09-01,Banco BTG Pactual Chile,False,0.0,0.0,0.0,,,,0.0,Banco BTG Pactual Chile,antiguo
2017-09-01,Banco Bice,False,0.2847478924486655,0.2847478924486655,0.2782690202088245,0.3100675138980694,0.5014622142572807,0.28023331697604625,13319.509322,Banco Bice,antiguo
2017-09-01,Banco Consorcio,False,0.57522792402079,0.5810076139717495,0.5607337117323139,0.8083652889959707,1.2124754805889488,0.5114182596828499,11565.845639,Banco Consorcio,antiguo
2017-09-01,Banco Falabella,False,3.348290594244834,3.348290594244834,6.646944003663862,3.0994380649028708,2.8621940754913884,3.6660983870353685,53591.272334,Banco Falabella,antiguo
2017-09-01,Banco Internacional,False,4.543250891291848,4.543250891291848,4.493133578846004,6.307868538361136,3.0086950378118904,7.098410657982413,48770.099804,Banco Internacional,antiguo
2017-09-01,Banco Itaú Chile,False,1.9226156636911635,1.9346997057057072,1.777618828381599,2.2611490080662406,1.977235566918609,2.3760226264824844,296776.077265,Itaú Corpbanca,antiguo
2017-09-01,Banco Ripley,False,4.290772160611627,4.290772160611627,6.741318459222509,4.266003262153802,4.384881539576339,3.5618635023147736,10200.044323,Banco Ripley,antiguo
2017-09-01,Banco Santander-Chile,False,2.117956024048269,2.139397517377386,2.437155272181466,1.827075006220184,1.992045618148806,1.744415646081281,587939.703053,Banco Santander-Chile,antiguo
2017-09-01,Banco Security,False,1.4590944657513423,1.4591086343733914,1.5442112046657561,1.1488577750398177,1.376576864385784,0.9907061021237453,69057.913728,Banco Security,antiguo
2017-09-01,Banco de Chile,False,1.2204078483688707,1.2344569628209143,1.0237820952863672,1.4980853346994503,1.9539741213486295,1.2548164201650531,314070.461581,Banco de Chile,antiguo
2017-09-01,Banco de Crédito e Inversiones,False,1.7165868193669689,1.7328059287948365,1.9490646570571326,1.435594703562005,1.6477783204231544,1.3217206969925162,316845.306193,Banco de Crédito e Inversiones,antiguo
2017-09-01,Banco de la Nación Argentina,False,0.2793751763107511,0.280810684269049,0.28381082146953296,0.0,0.0,,24.527413,Banco de la Nación Argentina,antiguo
2017-09-01,Banco del Estado de Chile,False,3.0124750628816783,3.0358623867939656,1.733562172336052,4.388243038798966,1.8307451032192643,4.916698725695545,645586.2748,Banco del Estado de Chile,antiguo
2017-09-01,Banco do Brasil S.A.,False,0.49477521660528656,0.5626877564680608,0.5626877564680608,,,,157.906293,Banco do Brasil S.A.,antiguo
2017-09-01,"China Construction Bank, Agencia en Chile",False,0.0,0.0,0.0,,,,0.0,"China Construction Bank, Agencia en Chile",antiguo
2017-09-01,HSBC Bank (Chile),False,0.0,0.0,0.0,0.0,0.0,,0.0,HSBC Bank (Chile),antiguo
2017-09-01,"JP Morgan Chase Bank, N.A.",False,,,,,,,0.0,"JP Morgan Chase Bank, N.A.",antiguo
2017-09-01,MUFG Bank,False,0.0,0.0,0.0,,,,0.0,"The Bank of Tokyo-Mitsubishi UFJ, Ltd.",antiguo
2017-09-01,Scotiabank Chile,False,2.2092390723862616,2.209946319773979,1.8421251065559605,2.6637920775574933,2.0421763359750535,2.8141251282072437,215416.44573,Scotiabank Chile,antiguo
2017-09-01,Sistema Bancario,True,1.885410468875031,1.8998475689425545,1.6499991408746553,2.2318346690560733,1.9567873907341757,2.349072535495003,2694909.042849,Sistema Bancario,antiguo
2017-10-01,BBVA Chile / Scotiabank Azul,False,1.1644524086344537,1.164982969908583,0.7667830450505551,1.5517944844863434,1.8832330048697645,1.4468919039547028,111443.314622,"Banco Bilbao Vizcaya Argentaria, Chile",antiguo
2017-10-01,Banco BTG Pactual Chile,False,0.0,0.0,0.0,,,,0.0,Banco BTG Pactual Chile,antiguo
2017-10-01,Banco Bice,False,0.3982574276383724,0.40080152740801284,0.4311803695376643,0.28390932458785406,0.6264239112349873,0.2308793760667856,18823.939856,Banco Bice,antiguo
2017-10-01,Banco Consorcio,False,0.6278200380533853,0.6278200380533853,0.6115731803201196,0.8078974808505757,1.2140913080955422,0.5153032262244448,12730.200044,Banco Consorcio,antiguo
2017-10-01,Banco Falabella,False,3.3217345089832593,3.3217345089832593,6.594332148636388,3.080283743149774,2.90277877916309,3.5104281006966027,53474.677275,Banco Falabella,antiguo
2017-10-01,Banco Internacional,False,5.131045047554135,5.131045047554135,5.102938543438482,6.1169070248367285,2.7098203527335385,6.9349057731806205,56250.941197,Banco Internacional,antiguo
2017-10-01,Banco Itaú Chile,False,2.0742568483435564,2.091424409242973,1.954161768535175,2.3681511055670015,2.1066167292810025,2.4760020927675352,317281.878441,Itaú Corpbanca,antiguo
2017-10-01,Banco Ripley,False,4.333715949064948,4.333715949064948,7.170586390408719,4.305283690033763,4.4114863114275495,3.6729022741760313,10221.273778,Banco Ripley,antiguo
2017-10-01,Banco Santander-Chile,False,2.169992406170778,2.191404961503034,2.4906603467532067,1.8828702071956829,2.029349116000863,1.8093628155580694,598467.390352,Banco Santander-Chile,antiguo
2017-10-01,Banco Security,False,1.3440767842615418,1.344089747134487,1.4051433124521289,1.123949140777034,1.3885105643898394,0.9416224540484049,63791.095807,Banco Security,antiguo
2017-10-01,Banco de Chile,False,1.2081879177769514,1.2222284713538418,1.000850647129656,1.4973105959157966,1.9841475944172557,1.2377939821978963,310779.688828,Banco de Chile,antiguo
2017-10-01,Banco de Crédito e Inversiones,False,1.747652227844514,1.7639858826610681,2.066930118624044,1.3504277033856678,1.4113836103873192,1.3180124311533392,324532.026492,Banco de Crédito e Inversiones,antiguo
2017-10-01,Banco de la Nación Argentina,False,0.6101252231158639,0.6101252231158639,0.6165127951675948,0.0,0.0,,52.927413,Banco de la Nación Argentina,antiguo
2017-10-01,Banco del Estado de Chile,False,3.0081753676209764,3.062667843746768,1.7976566222956947,4.377693490846284,1.8274711937687191,4.9076274554982104,655620.810643,Banco del Estado de Chile,antiguo
2017-10-01,Banco do Brasil S.A.,False,1.902235688799792,2.2111363342373314,2.2111363342373314,,,,592.07637,Banco do Brasil S.A.,antiguo
2017-10-01,"China Construction Bank, Agencia en Chile",False,0.0,0.0,0.0,,,,0.0,"China Construction Bank, Agencia en Chile",antiguo
2017-10-01,HSBC Bank (Chile),False,0.0,0.0,0.0,0.0,0.0,,0.0,HSBC Bank (Chile),antiguo
2017-10-01,"JP Morgan Chase Bank, N.A.",False,,,,,,,0.0,"JP Morgan Chase Bank, N.A.",antiguo
2017-10-01,MUFG Bank,False,0.0,0.0,0.0,,,,0.0,"The Bank of Tokyo-Mitsubishi UFJ, Ltd.",antiguo
2017-10-01,Scotiabank Chile,False,2.228137312187881,2.228699248901126,1.8979100807844116,2.639816880646341,2.0408548971356737,2.7837152888750127,220042.096872,Scotiabank Chile,antiguo
2017-10-01,Sistema Bancario,True,1.9216209599427263,1.939439587798966,1.7121393261282165,2.2389150715316464,1.9550580810645817,2.3599578866607542,2754104.33799,Sistema Bancario,antiguo
2017-11-01,BBVA Chile / Scotiabank Azul,False,1.1804830370533619,1.1809161722649406,0.7780403396887109,1.5798261424222164,1.8388997521279475,1.4975190700909238,115254.77839,"Banco Bilbao Vizcaya Argentaria, Chile",antiguo
2017-11-01,Banco BTG Pactual Chile,False,0.0,0.0,0.0,,,,0.0,Banco BTG Pactual Chile,antiguo
2017-11-01,Banco Bice,False,0.2358820913018249,0.2358820913018249,0.21664670027133148,0.30972414565660605,0.6253896144761761,0.2595235282387636,11298.251997,Banco Bice,antiguo
2017-11-01,Banco Consorcio,False,0.7328897153026106,0.7328897153026106,0.7189888107135791,0.8895771621236312,1.2607568956915727,0.6246932708446881,15364.313946,Banco Consorcio,antiguo
2017-11-01,Banco Falabella,False,3.3660319291145213,3.3660319291145213,6.332973012554902,3.152672178668661,3.012470695005379,3.496214195142037,54741.953153,Banco Falabella,antiguo
2017-11-01,Banco Internacional,False,4.94587616171834,4.94587616171834,4.9112986238928515,6.168199059334545,2.3841538427697433,7.067275694096028,54736.654641,Banco Internacional,antiguo
2017-11-01,Banco Itaú Chile,False,1.88484161221695,1.8967014862684084,1.8413339853630373,2.0089149307041447,1.8829229836013304,2.0617629259036643,293804.327904,Itaú Corpbanca,antiguo
2017-11-01,Banco Ripley,False,4.386714699899017,4.386714699899017,9.865293928616381,4.332256090070195,4.3736721323932475,4.085244122267164,10292.050191,Banco Ripley,antiguo
2017-11-01,Banco Santander-Chile,False,2.16701703752322,2.186109097203479,2.4704603324741545,1.8907181515599842,2.059254577655173,1.805908087906596,604796.383264,Banco Santander-Chile,antiguo
2017-11-01,Banco Security,False,1.256233866770155,1.256233866770155,1.2896605238933676,1.1367752767683397,1.302549269346818,1.0212821559319805,60185.918923,Banco Security,antiguo
2017-11-01,Banco de Chile,False,1.2042692158779245,1.218546801899425,1.0246265696692387,1.4550804690767074,1.920867598950738,1.2050257513236433,309458.402641,Banco de Chile,antiguo
2017-11-01,Banco de Crédito e Inversiones,False,1.6969438706151456,1.7099048729124655,1.9527982665195047,1.383412617081512,1.6295595118368873,1.2531728437980794,317187.050439,Banco de Crédito e Inversiones,antiguo
2017-11-01,Banco de la Nación Argentina,False,0.5915371948276836,0.5953868623161932,0.6015126523760104,0.0,0.0,,52.927413,Banco de la Nación Argentina,antiguo
2017-11-01,Banco del Estado de Chile,False,3.0426472691706294,3.1295875779074653,1.7490632870515943,4.585712428804865,2.2046788865159965,5.084376730578854,682257.815315,Banco del Estado de Chile,antiguo
2017-11-01,Banco do Brasil S.A.,False,1.9453240355083297,2.143530157167822,2.143530157167822,,,,593.312823,Banco do Brasil S.A.,antiguo
2017-11-01,"China Construction Bank, Agencia en Chile",False,0.0,0.0,0.0,,,,0.0,"China Construction Bank, Agencia en Chile",antiguo
2017-11-01,HSBC Bank (Chile),False,0.0,0.0,0.0,0.0,0.0,,0.0,HSBC Bank (Chile),antiguo
2017-11-01,"JP Morgan Chase Bank, N.A.",False,,,,,,,0.0,"JP Morgan Chase Bank, N.A.",antiguo
2017-11-01,MUFG Bank,False,0.0,0.0,0.0,,,,0.0,"The Bank of Tokyo-Mitsubishi UFJ, Ltd.",antiguo
2017-11-01,Scotiabank Chile,False,2.2568519241846094,2.257346883267049,1.8831233235466982,2.7183616076868042,2.3224995698859434,2.8136883342770034,225760.377049,Scotiabank Chile,antiguo
2017-11-01,Sistema Bancario,True,1.8979047694002302,1.9168383964546205,1.661781732636317,2.2529831267904843,2.013612548629849,2.355499638687176,2755784.5180889997,Sistema Bancario,antiguo
2017-12-01,BBVA Chile / Scotiabank Azul,False,1.1573341670659827,1.160032439572569,0.7854178083124451,1.5173303138305037,1.8409381727370597,1.414322775341715,112041.449538,"Banco Bilbao Vizcaya Argentaria, Chile",antiguo
2017-12-01,Banco BTG Pactual Chile,False,0.0,0.0,0.0,,,,0.0,Banco BTG Pactual Chile,antiguo
2017-12-01,Banco Bice,False,0.24925106012778372,0.24925106012778372,0.22544755393943577,0.33770828881688625,0.5646119164760327,0.301314621610072,11846.500387,Banco Bice,antiguo
2017-12-01,Banco Consorcio,False,0.6844985353256727,0.6844985353256727,0.6600999850791084,0.9609731102984883,1.3573002478367358,0.6741822196025674,14393.302024,Banco Consorcio,antiguo
2017-12-01,Banco Falabella,False,3.384514618126329,3.384514618126329,5.687119018645913,3.2222416768865205,3.1073941385851773,3.505339683501186,55635.252791,Banco Falabella,antiguo
2017-12-01,Banco Internacional,False,4.646668922646378,4.646668922646378,4.577424522415661,7.088555709131309,2.4369930765375787,8.282964779750111,53029.438738,Banco Internacional,antiguo
2017-12-01,Banco Itaú Chile,False,2.0507119121678685,2.0630521894009286,2.0845954450833206,2.0205251758469824,1.914784302052187,2.0654290837465226,317826.178072,Itaú Corpbanca,antiguo
2017-12-01,Banco Ripley,False,4.293185096972235,4.293185096972235,9.727422111243703,4.239623736014715,4.337202632206372,3.6605279673332185,9975.012873,Banco Ripley,antiguo
2017-12-01,Banco Santander-Chile,False,2.2789630454145433,2.2924148933980435,2.6381571383206306,1.9402858180478377,2.2636675510896196,1.7782663051869072,631821.880188,Banco Santander-Chile,antiguo
2017-12-01,Banco Security,False,1.3803024569955877,1.3803024569955877,1.456894552846003,1.1072128701948138,1.2396019704927244,1.0129981245972193,66728.040262,Banco Security,antiguo
2017-12-01,Banco de Chile,False,1.1678847064072786,1.1866360815781927,0.998223415734985,1.4164446795399512,1.769570690297318,1.22679660295512,302550.81287,Banco de Chile,antiguo
2017-12-01,Banco de Crédito e Inversiones,False,1.660863860779447,1.6723972603122996,1.9280508258864208,1.3351032701791226,1.5212095020417962,1.237518224520729,311750.899882,Banco de Crédito e Inversiones,antiguo
2017-12-01,Banco de la Nación Argentina,False,0.593692536523134,0.5974052436278663,0.6034928511934577,0.0,0.0,,52.927413,Banco de la Nación Argentina,antiguo
2017-12-01,Banco del Estado de Chile,False,3.1456296336098277,3.179419938264596,1.6815026572698315,4.743919948851849,2.642336541182996,5.185086396901991,696171.260708,Banco del Estado de Chile,antiguo
2017-12-01,Banco do Brasil S.A.,False,2.7601156833524727,2.9541609067615875,2.9541609067615875,,,,849.519938,Banco do Brasil S.A.,antiguo
2017-12-01,"China Construction Bank, Agencia en Chile",False,0.0,0.0,0.0,,,,0.0,"China Construction Bank, Agencia en Chile",antiguo
2017-12-01,HSBC Bank (Chile),False,0.0,0.0,0.0,0.0,0.0,,0.0,HSBC Bank (Chile),antiguo
2017-12-01,"JP Morgan Chase Bank, N.A.",False,,,,,,,0.0,"JP Morgan Chase Bank, N.A.",antiguo
2017-12-01,MUFG Bank,False,0.0,0.0,0.0,,,,0.0,"The Bank of Tokyo-Mitsubishi UFJ, Ltd.",antiguo
2017-12-01,Scotiabank Chile,False,2.2100744116846296,2.210081661546877,1.8363753908617675,2.67425431673237,2.3423957190625107,2.7536321944126496,225870.564899,Scotiabank Chile,antiguo
2017-12-01,Sistema Bancario,True,1.9364798273977746,1.950933533690121,1.7036266159288973,2.2727122136506224,2.0649390328743134,2.3616036753528347,2810543.040583,Sistema Bancario,antiguo
2018-01-01,BBVA Chile / Scotiabank Azul,False,1.1677247009699054,1.1682856690159271,0.7996423314792642,1.51407022076861,1.8306048647279087,1.4136056509283512,112441.262385,"Banco Bilbao Vizcaya Argentaria, Chile",antiguo
2018-01-01,Banco BTG Pactual Chile,False,0.0,0.0,0.0,,,,0.0,Banco BTG Pactual Chile,antiguo
2018-01-01,Banco Bice,False,0.24317300907104655,0.24317300907104655,0.21705524801312143,0.337254492846943,0.4979184438108009,0.31172381087780926,11469.496533,Banco Bice,antiguo
2018-01-01,Banco Consorcio,False,0.6451135597901805,0.6451135597901805,0.6239729125761212,0.8901508024162854,1.2973246701986534,0.5882701453883092,13688.854466,Banco Consorcio,antiguo
2018-01-01,Banco Falabella,False,3.325704904301019,3.325704904301019,5.904305453548149,3.149048554321712,3.0672606619123615,3.354263998853213,55192.776596,Banco Falabella,antiguo
2018-01-01,Banco Internacional,False,4.524796400782679,4.524796400782679,4.456415649712971,6.955059800510186,2.2298915064897917,8.280691401119823,53029.438738,Banco Internacional,antiguo
2018-01-01,Banco Itaú Chile,False,2.0734424955060633,2.0856317105727933,2.1154467530301986,2.02730116583483,2.0192495022631856,2.030762858107361,322489.460822,Itaú Corpbanca,antiguo
2018-01-01,Banco Ripley,False,4.164420394678838,4.164420394678838,9.865180921819787,4.10873586025888,4.218205039976521,3.4548870054274525,9595.935412,Banco Ripley,antiguo
2018-01-01,Banco Santander-Chile,False,2.29034747139423,2.3032412764379013,2.6406778970267224,1.9568650509691081,2.3566181291067165,1.7579147261751478,639103.192032,Banco Santander-Chile,antiguo
2018-01-01,Banco Security,False,1.4553953363134082,1.455419076218015,1.5510794433648947,1.1156030283124156,1.305258936026437,0.9804948208568223,70621.014436,Banco Security,antiguo
2018-01-01,Banco de Chile,False,1.322901805694585,1.3417029430611755,1.2582973426576665,1.441424054756843,1.8130638758019686,1.2420080705582874,339075.732138,Banco de Chile,antiguo
2018-01-01,Banco de Crédito e Inversiones,False,1.688237531205276,1.6998347899985267,1.9787579631692243,1.3294695137618848,1.5276575557297334,1.225829683094104,320761.275069,Banco de Crédito e Inversiones,antiguo
2018-01-01,Banco de la Nación Argentina,False,1.0769035743438178,1.087691814013973,1.099550859500952,0.0,0.0,,93.711861,Banco de la Nación Argentina,antiguo
2018-01-01,Banco del Estado de Chile,False,3.24221149393612,3.2576093260574037,1.7316013079254247,4.795589083921947,2.7650379227889292,5.222773132250276,705013.839279,Banco del Estado de Chile,antiguo
2018-01-01,Banco do Brasil S.A.,False,2.6497135076704246,2.888853182977257,2.888853182977257,,,,848.292782,Banco do Brasil S.A.,antiguo
2018-01-01,"China Construction Bank, Agencia en Chile",False,0.0,0.0,0.0,,,,0.0,"China Construction Bank, Agencia en Chile",antiguo
2018-01-01,HSBC Bank (Chile),False,0.0,0.0,0.0,0.0,0.0,,0.0,HSBC Bank (Chile),antiguo
2018-01-01,"JP Morgan Chase Bank, N.A.",False,,,,,,,0.0,"JP Morgan Chase Bank, N.A.",antiguo
2018-01-01,MUFG Bank,False,0.0,0.0,0.0,,,,0.0,"The Bank of Tokyo-Mitsubishi UFJ, Ltd.",antiguo
2018-01-01,Scotiabank Chile,False,2.1450244837178305,2.1451778796989744,1.7125607508704652,2.685630715471645,2.46501980677377,2.7379849561234746,222259.68335,Scotiabank Chile,antiguo
2018-01-01,Sistema Bancario,True,1.9821354432862088,1.9939659681105517,1.765850476436097,2.288353525604423,2.120892025100492,2.359900151973858,2875683.9658989995,Sistema Bancario,antiguo
2018-02-01,BBVA Chile / Scotiabank Azul,False,1.195768731713758,1.1962451212954721,0.7857327894667511,1.580200114205144,1.778090249690711,1.5180224711601473,115442.094055,"Banco Bilbao Vizcaya Argentaria, Chile",antiguo
2018-02-01,Banco BTG Pactual Chile,False,0.0,0.0,0.0,,,,0.0,Banco BTG Pactual Chile,antiguo
2018-02-01,Banco Bice,False,0.24577274688971704,0.24577274688971704,0.23076569594184929,0.29885603313354886,0.41224479357572275,0.28131918038555315,11580.351076,Banco Bice,antiguo
2018-02-01,Banco Consorcio,False,0.6219443710071867,0.6254243272526584,0.6168774630711444,0.7259908146694904,1.2026971110196283,0.3665642356614697,13288.275725,Banco Consorcio,antiguo
2018-02-01,Banco Falabella,False,3.2660815391172346,3.2660815391172346,6.272245560492275,3.0636896371425517,3.081615742368276,3.0187858072427813,54501.934235,Banco Falabella,antiguo
2018-02-01,Banco Internacional,False,4.4284574803813666,4.4284574803813666,4.3563527481099165,7.107324706412122,2.8195149369310872,8.029881104589023,53029.438738,Banco Internacional,antiguo
2018-02-01,Banco Itaú Chile,False,2.1358928143208766,2.1482692268409607,2.222945833994677,2.0036565432803815,1.9252207432857937,2.0372347367833785,331873.520811,Itaú Corpbanca,antiguo
2018-02-01,Banco Ripley,False,4.249388203663542,4.249388203663542,11.1232140932029,4.182402972688515,4.2824375697592,3.5873776192008253,9685.939482,Banco Ripley,antiguo
2018-02-01,Banco Santander-Chile,False,2.1723216134565284,2.176021208008631,2.569227117964252,1.7707655628041046,2.3706531361861343,1.4764717454685292,606905.111079,Banco Santander-Chile,antiguo
2018-02-01,Banco Security,False,1.4967039940794464,1.496806602922984,1.592858879085024,1.153907545433304,1.3922756565020822,0.9854328714051286,73238.080706,Banco Security,antiguo
2018-02-01,Banco de Chile,False,1.1951708380646286,1.2076688234038533,1.0246377838098772,1.4289271014183333,1.7074099005014953,1.2806805049284569,306736.438602,Banco de Chile,antiguo
2018-02-01,Banco de Crédito e Inversiones,False,1.7563128654508622,1.769653053459509,2.0294026874187012,1.4233149910840617,1.6796276856515877,1.2904209263407325,337026.325985,Banco de Crédito e Inversiones,antiguo
2018-02-01,Banco de la Nación Argentina,False,2.606880149151127,2.6277491489926885,2.656173583276327,0.0,0.0,,225.240238,Banco de la Nación Argentina,antiguo
2018-02-01,Banco del Estado de Chile,False,3.3980799048371493,3.412578041195298,1.8326294971491055,4.972596526695974,2.721858687855446,5.442592379375247,736842.398458,Banco del Estado de Chile,antiguo
2018-02-01,Banco do Brasil S.A.,False,2.444906659626681,2.750556049347974,2.750556049347974,,,,847.623424,Banco do Brasil S.A.,antiguo
2018-02-01,"China Construction Bank, Agencia en Chile",False,0.0,0.0,0.0,,,,0.0,"China Construction Bank, Agencia en Chile",antiguo
2018-02-01,HSBC Bank (Chile),False,0.0,0.0,0.0,0.0,0.0,,0.0,HSBC Bank (Chile),antiguo
2018-02-01,"JP Morgan Chase Bank, N.A.",False,,,,,,,0.0,"JP Morgan Chase Bank, N.A.",antiguo
2018-02-01,MUFG Bank,False,0.0,0.0,0.0,,,,0.0,"The Bank of Tokyo-Mitsubishi UFJ, Ltd.",antiguo
2018-02-01,Scotiabank Chile,False,2.2723395402396167,2.272771852619018,1.9163620481083679,2.7109204634575352,2.4639301420338997,2.7691687992116725,235709.474485,Scotiabank Chile,antiguo
2018-02-01,Sistema Bancario,True,1.9855022505491018,1.9947619255390552,1.763152304454289,2.2930615973842428,2.1118962759545203,2.369710987241946,2886932.2470990005,Sistema Bancario,antiguo
2018-03-01,BBVA Chile / Scotiabank Azul,False,1.1686364534484521,1.1700513795861653,0.7602611660575058,1.561502873103581,1.6778473973407002,1.5247899828499745,114621.48248,"Banco Bilbao Vizcaya Argentaria, Chile",antiguo
2018-03-01,Banco BTG Pactual Chile,False,0.0,0.0,0.0,,,,0.0,Banco BTG Pactual Chile,antiguo
2018-03-01,Banco Bice,False,0.25495286155728364,0.25495286155728364,0.2487426135266033,0.2771473237993638,0.31932995300481587,0.27055413093806985,12274.754248,Banco Bice,antiguo
2018-03-01,Banco Consorcio,False,0.6102325348612716,0.6102325348612716,0.6032895696745614,0.6923792768685046,1.100269091355647,0.3811624566930433,12989.808305,Banco Consorcio,antiguo
2018-03-01,Banco Falabella,False,3.2096959293442975,3.2096959293442975,6.160877828495774,3.0138621315511553,2.94831159567174,3.178851027551974,53750.102912,Banco Falabella,antiguo
2018-03-01,Banco Internacional,False,4.432356561385617,4.432356561385617,4.353926979131879,7.394973662272515,4.089206306488001,8.08874910446107,54513.818136,Banco Internacional,antiguo
2018-03-01,Banco Itaú Chile,False,2.1556052440541476,2.1683830562748634,2.31287547628492,1.8938026861686028,1.768758874885545,1.947853047465577,333561.896946,Itaú Corpbanca,antiguo
2018-03-01,Banco Ripley,False,4.265916729221718,4.265916729221718,9.827335439442843,4.212554018174621,4.298235487131019,3.705736865133379,9617.53738,Banco Ripley,antiguo
2018-03-01,Banco Santander-Chile,False,2.3205622434772937,2.3213194006269973,2.626368974516749,2.003023537599001,2.361674466878445,1.8252049458742667,657707.030348,Banco Santander-Chile,antiguo
2018-03-01,Banco Security,False,1.7473245372433979,1.747523650603897,1.9279525635421846,1.1042435720946184,1.3240193555378175,0.9449197716777994,86209.174269,Banco Security,antiguo
2018-03-01,Banco de Chile,False,1.1518625817025059,1.1709256678299724,1.007549420526698,1.3723137149113658,1.6143532760225536,1.240888990783268,303142.75873,Banco de Chile,antiguo
2018-03-01,Banco de Crédito e Inversiones,False,1.6238526550820642,1.638686360640284,1.8632666694693742,1.3372059477187672,1.5221971734680007,1.2414979633799699,316095.922548,Banco de Crédito e Inversiones,antiguo
2018-03-01,Banco de la Nación Argentina,False,2.765438629602415,2.7983647049020295,2.8302566177127364,0.0,0.0,,229.952042,Banco de la Nación Argentina,antiguo
2018-03-01,Banco del Estado de Chile,False,3.3483517904574116,3.3814009677455363,1.791478465552145,4.967126778105679,2.418847323124895,5.498027866147535,739455.524189,Banco del Estado de Chile,antiguo
2018-03-01,Banco do Brasil S.A.,False,2.182032810500459,2.7734753731651645,2.7734753731651645,,,,848.488011,Banco do Brasil S.A.,antiguo
2018-03-01,"China Construction Bank, Agencia en Chile",False,0.0,0.0,0.0,,,,0.0,"China Construction Bank, Agencia en Chile",antiguo
2018-03-01,HSBC Bank (Chile),False,0.0,0.0,0.0,0.0,0.0,,0.0,HSBC Bank (Chile),antiguo
2018-03-01,"JP Morgan Chase Bank, N.A.",False,,,,,,,0.0,"JP Morgan Chase Bank, N.A.",antiguo
2018-03-01,MUFG Bank,False,0.0,0.0,0.0,,,,0.0,"The Bank of Tokyo-Mitsubishi UFJ, Ltd.",antiguo
2018-03-01,Scotiabank Chile,False,2.1438967028624853,2.143981864690385,1.785618164135137,2.5920034043615767,2.2671492858293822,2.6685016406745876,226713.855025,Scotiabank Chile,antiguo
2018-03-01,Sistema Bancario,True,1.9784794023091505,1.991780510232533,1.7554185642472895,2.299007969554408,1.9960481900242892,2.4281139435018946,2921732.105569,Sistema Bancario,antiguo
2018-04-01,BBVA Chile / Scotiabank Azul,False,1.163541628787316,1.1653762074367737,0.7928256261760833,1.5116479114863441,1.6315526493467982,1.473925772563092,112945.06336,"Banco Bilbao Vizcaya Argentaria, Chile",antiguo
2018-04-01,Banco BTG Pactual Chile,False,0.0,0.0,0.0,,,,0.0,Banco BTG Pactual Chile,antiguo
2018-04-01,Banco Bice,False,0.27557612170359275,0.27557612170359275,0.2603269333093237,0.33020828950824765,0.47049246517424215,0.30831732342109075,13459.585288,Banco Bice,antiguo
2018-04-01,Banco Consorcio,False,0.5872884223060293,0.5872884223060293,0.5831106855552745,0.6351071264017337,1.087417801951677,0.31017042559244473,12738.448642,Banco Consorcio,antiguo
2018-04-01,Banco Falabella,False,3.1545274256166564,3.1545274256166564,6.006155151659359,2.969009317410876,3.0399467901402883,2.7892995360625106,53122.038141,Banco Falabella,antiguo
2018-04-01,Banco Internacional,False,4.5259459111086136,4.5259459111086136,4.415526866766154,8.715950594661075,10.276343130295693,8.379791300528899,56869.899706,Banco Internacional,antiguo
2018-04-01,Banco Itaú Chile,False,2.108308703299353,2.1209336370040845,2.2824983345894765,1.818248956720403,1.6477732511960614,1.8926679864829252,326325.301289,Itaú Corpbanca,antiguo
2018-04-01,Banco Ripley,False,4.119908410264992,4.119908410264992,11.79576697913599,4.046761831934467,4.131318696372977,3.545583979093392,9195.027622,Banco Ripley,antiguo
2018-04-01,Banco Santander-Chile,False,2.1127780693836575,2.1137552476413175,2.5200977072214443,1.6880551951850318,2.246214929410937,1.4092416719504393,606076.19848,Banco Santander-Chile,antiguo
2018-04-01,Banco Security,False,1.7161107030525986,1.7165237079088396,1.8978363318285802,1.0683484348989152,1.2559357224822478,0.9294232540233966,85619.724814,Banco Security,antiguo
2018-04-01,Banco de Chile,False,1.1274647033172622,1.1410349009126117,0.9627457531458753,1.364352736044737,1.634666145798283,1.2160919065922073,299921.188098,Banco de Chile,antiguo
2018-04-01,Banco de Crédito e Inversiones,False,1.7133465247627693,1.7281920441862195,2.013305545031762,1.3443928811527581,1.4640442465333434,1.282644617509629,336016.262908,Banco de Crédito e Inversiones,antiguo
2018-04-01,Banco de la Nación Argentina,False,2.815270685117311,2.839877787584476,2.8708156424146565,0.0,0.0,,230.092431,Banco de la Nación Argentina,antiguo
2018-04-01,Banco del Estado de Chile,False,3.3302847707803984,3.347171124897292,1.761726407084624,4.937425894126533,2.205284607590984,5.5069669206382645,737716.124516,Banco del Estado de Chile,antiguo
2018-04-01,Banco do Brasil S.A.,False,1.7946757432568756,2.3276058769348436,2.3276058769348436,,,,792.368862,Banco do Brasil S.A.,antiguo
2018-04-01,"China Construction Bank, Agencia en Chile",False,0.0,0.0,0.0,,,,0.0,"China Construction Bank, Agencia en Chile",antiguo
2018-04-01,HSBC Bank (Chile),False,0.0,0.0,0.0,0.0,0.0,,0.0,HSBC Bank (Chile),antiguo
2018-04-01,"JP Morgan Chase Bank, N.A.",False,,,,,,,0.0,"JP Morgan Chase Bank, N.A.",antiguo
2018-04-01,MUFG Bank,False,0.0,0.0,0.0,,,,0.0,"MUFG Bank, Ltd.",antiguo
2018-04-01,Scotiabank Chile,False,1.9637799990477716,1.9642748502534553,1.762286561714067,2.216364372639245,2.2800282427738066,2.2015181080003687,208724.561391,Scotiabank Chile,antiguo
2018-04-01,Sistema Bancario,True,1.9233011139306275,1.9329897890663448,1.7398182428930236,2.1847472910489025,1.934945177844247,2.291645117695066,2859751.885548,Sistema Bancario,antiguo
2018-05-01,BBVA Chile / Scotiabank Azul,False,1.08813321830086,1.0898726363697744,0.7139533085235176,1.445035527959418,1.6290813151006778,1.3872418207713888,106883.083992,"Banco Bilbao Vizcaya Argentaria, Chile",antiguo
2018-05-01,Banco BTG Pactual Chile,False,0.0,0.0,0.0,,,,0.0,Banco BTG Pactual Chile,antiguo
2018-05-01,Banco Bice,False,0.24672924651687791,0.24672924651687791,0.2178869551213019,0.3518491899348171,0.5100325131346845,0.32772209944560554,12329.709011,Banco Bice,antiguo
2018-05-01,Banco Consorcio,False,0.6080811901703348,0.6080811901703348,0.5985616103812564,0.7147130850141472,1.0867726150163575,0.4639928805556157,13535.420022,Banco Consorcio,antiguo
2018-05-01,Banco Falabella,False,3.230926714600434,3.230926714600434,5.833466631610397,3.063661463411895,3.0206230313222884,3.1729788134842227,54615.65179,Banco Falabella,antiguo
2018-05-01,Banco Internacional,False,4.862018255643052,4.862018255643052,4.775523360402065,8.326304200724872,9.012010523458102,8.174769753104846,64019.919766,Banco Internacional,antiguo
2018-05-01,Banco Itaú Chile,False,2.1245539193228247,2.1375359734790873,2.339946043787343,1.7549783661760392,1.572615359937498,1.8347747461778208,332907.167754,Itaú Corpbanca,antiguo
2018-05-01,Banco Ripley,False,3.969504189970268,3.969504189970268,7.407705913983745,3.937336421337628,4.117633165522164,2.8718915982447357,8766.171071,Banco Ripley,antiguo
2018-05-01,Banco Santander-Chile,False,2.224061554712219,2.2254534614595802,2.558893629409713,1.872141397128873,2.2480415012915316,1.6857453831958067,645893.282426,Banco Santander-Chile,antiguo
2018-05-01,Banco Security,False,1.299134603821631,1.2999873349422426,1.3640173658751813,1.0703397207688037,1.2389368559793048,0.9440380727102564,65287.032168,Banco Security,antiguo
2018-05-01,Banco de Chile,False,1.1681280212466965,1.1901994322311242,0.9856180150945205,1.4471589464436225,1.839723689645403,1.2327656571005376,314989.598818,Banco de Chile,antiguo
2018-05-01,Banco de Crédito e Inversiones,False,1.7862507125332643,1.802557985063872,2.06511273536006,1.4386057965265282,1.788847438028482,1.258133845046332,358966.627567,Banco de Crédito e Inversiones,antiguo
2018-05-01,Banco de la Nación Argentina,False,2.9960743334997773,2.9960743334997773,3.031402548020349,0.0,0.0,,236.699486,Banco de la Nación Argentina,antiguo
2018-05-01,Banco del Estado de Chile,False,3.287369923418152,3.326898253487856,1.7149726294546326,4.968685588084278,2.206211453696442,5.547518492483429,744403.594162,Banco del Estado de Chile,antiguo
2018-05-01,Banco do Brasil S.A.,False,1.8843448422032147,2.12429797975557,2.12429797975557,,,,792.368862,Banco do Brasil S.A.,antiguo
2018-05-01,"China Construction Bank, Agencia en Chile",False,0.0,0.0,0.0,,,,0.0,"China Construction Bank, Agencia en Chile",antiguo
2018-05-01,HSBC Bank (Chile),False,0.0,0.0,0.0,0.0,0.0,,0.0,HSBC Bank (Chile),antiguo
2018-05-01,"JP Morgan Chase Bank, N.A.",False,,,,,,,0.0,"JP Morgan Chase Bank, N.A.",antiguo
2018-05-01,MUFG Bank,False,0.0,0.0,0.0,,,,0.0,"MUFG Bank, Ltd.",antiguo
2018-05-01,Scotiabank Chile,False,2.0921988406976375,2.0929287626251964,1.7130530900006193,2.5792684704744846,2.212293495119446,2.664097959138025,226898.017181,Scotiabank Chile,antiguo
2018-05-01,Sistema Bancario,True,1.9508514191514632,1.9652438042433102,1.730082827014125,2.276344676789176,2.0153261619253335,2.3877099411912224,2950524.344076,Sistema Bancario,antiguo
2018-06-01,BBVA Chile / Scotiabank Azul,False,1.0762517629512562,1.0795333582954247,0.7272358301613829,1.41353896222434,1.6045453907600098,1.354122304000849,106358.742175,"Banco Bilbao Vizcaya Argentaria, Chile",antiguo
2018-06-01,Banco BTG Pactual Chile,False,0.0,0.0,0.0,,,,0.0,Banco BTG Pactual Chile,antiguo
2018-06-01,Banco Bice,False,0.29288311449819354,0.29288311449819354,0.30162374246455453,0.26115731391000896,0.43722320660581676,0.23425115292091403,14768.589186,Banco Bice,antiguo
2018-06-01,Banco Consorcio,False,0.6148686809082313,0.6148686809082313,0.6040696444215657,0.7316955151725127,1.069328649704881,0.5175770624077194,13988.860431,Banco Consorcio,antiguo
2018-06-01,Banco Falabella,False,3.1303815222021725,3.1303815222021725,5.726803012831967,2.9659489883750103,2.878686944844055,3.1861916774000116,52972.032207,Banco Falabella,antiguo
2018-06-01,Banco Internacional,False,4.80492458321158,4.80492458321158,4.716677240608032,8.367516911358203,7.828744262728754,8.482821676236284,65450.675205,Banco Internacional,antiguo
2018-06-01,Banco Itaú Chile,False,2.05860798891685,2.0715767103034497,2.2596550045170947,1.7156284408369356,1.5014921803403614,1.8088599806721184,324542.974945,Itaú Corpbanca,antiguo
2018-06-01,Banco Ripley,False,3.9505216299909764,3.9505216299909764,9.11720841260087,3.9025377968455963,4.034368534357293,3.1285111713249667,8633.805656,Banco Ripley,antiguo
2018-06-01,Banco Santander-Chile,False,2.2180050495681156,2.22026808188089,2.564581694393234,1.854741120896157,2.18701842978046,1.6927870974432002,648369.594184,Banco Santander-Chile,antiguo
2018-06-01,Banco Security,False,1.36766011321051,1.3690537890667396,1.457860230049465,1.04280474048753,1.2428825343544025,0.8905094984984848,69500.619625,Banco Security,antiguo
2018-06-01,Banco de Chile,False,1.171620178820291,1.189326091258128,1.0042239526100052,1.4216030281999315,1.7714838095402685,1.232130567533419,316427.7726,Banco de Chile,antiguo
2018-06-01,Banco de Crédito e Inversiones,False,1.7704724256254103,1.787633249502002,2.0442652123834986,1.428939276905514,1.861833184160639,1.206711910376278,360266.236171,Banco de Crédito e Inversiones,antiguo
2018-06-01,Banco de la Nación Argentina,False,3.3394324817658547,3.3394324817658547,3.3751749451560427,0.0,0.0,,214.037885,Banco de la Nación Argentina,antiguo
2018-06-01,Banco del Estado de Chile,False,3.3473864645880007,3.3661924311981903,1.7258196190208126,5.028351322531283,1.9974711395863265,5.661940630305264,756218.552802,Banco del Estado de Chile,antiguo
2018-06-01,Banco do Brasil S.A.,False,1.9151029146248273,2.1987470582075153,2.1987470582075153,,,,792.368862,Banco do Brasil S.A.,antiguo
2018-06-01,"China Construction Bank, Agencia en Chile",False,0.0,0.0,0.0,,,,0.0,"China Construction Bank, Agencia en Chile",antiguo
2018-06-01,HSBC Bank (Chile),False,0.0,0.0,0.0,0.0,0.0,,0.0,HSBC Bank (Chile),antiguo
2018-06-01,"JP Morgan Chase Bank, N.A.",False,,,,,,,0.0,"JP Morgan Chase Bank, N.A.",antiguo
2018-06-01,MUFG Bank,False,0.0,0.0,0.0,,,,0.0,"MUFG Bank, Ltd.",antiguo
2018-06-01,Scotiabank Chile,False,2.028639469490928,2.028785058727384,1.6335221930906223,2.54998222753533,2.0280956710156426,2.6696983238529346,225296.451725,Scotiabank Chile,antiguo
2018-06-01,Sistema Bancario,True,1.9456531546300386,1.957845704001808,1.7267968660332242,2.264896090552688,1.9489926914127171,2.3985353725798744,2963801.313659,Sistema Bancario,antiguo
2018-07-01,BBVA Chile / Scotiabank Azul,False,1.0648602950303983,1.0668705548529234,0.710642037109728,1.4066434308236107,1.666429979890333,1.3260027553277045,105841.404202,"Banco Bilbao Vizcaya Argentaria, Chile",antiguo
2018-07-01,Banco BTG Pactual Chile,False,0.0,0.0,0.0,,,,0.0,Banco BTG Pactual Chile,antiguo
2018-07-01,Banco Bice,False,0.22119482198028695,0.22119482198028695,0.2062434369500294,0.27502224880791326,0.39066600918281286,0.2574679134997405,11193.477068,Banco Bice,antiguo
2018-07-01,Banco Consorcio,False,0.6219912527035779,0.6219912527035779,0.6169602838264435,0.6731327021543336,1.2138380985165704,0.35720799089152,14341.366219,Banco Consorcio,antiguo
2018-07-01,Banco Falabella,False,3.1569729794111026,3.1569729794111026,5.2220897348792015,3.0279604144777497,2.9392853831777113,3.253178043312202,53542.997344,Banco Falabella,antiguo
2018-07-01,Banco Internacional,False,4.792755244599191,4.792755244599191,4.684694566280031,9.114258290985875,10.372424839760725,8.840183966778879,67617.472154,Banco Internacional,antiguo
2018-07-01,Banco Itaú Chile,False,2.076419466529925,2.0891231097446195,2.248150712141565,1.7901937988943573,1.8150607840537654,1.779298424994515,326823.095314,Itaú Corpbanca,antiguo
2018-07-01,Banco Ripley,False,3.95048577478832,3.95048577478832,8.18082540284668,3.911750447135599,4.012410538974855,3.323126322059819,8512.085534,Banco Ripley,antiguo
2018-07-01,Banco Santander-Chile,False,2.186113821431386,2.187393597258795,2.556057876871661,1.7966972632394627,2.089124187902218,1.6551796820616649,642497.856326,Banco Santander-Chile,antiguo
2018-07-01,Banco Security,False,1.3716735237247317,1.3731192649613388,1.4513645881893122,1.086926987411919,1.2322944799257642,0.975214290788342,69325.286679,Banco Security,antiguo
2018-07-01,Banco de Chile,False,1.1966932468478397,1.2100894710832601,1.0283590181269275,1.435972513145592,1.8399510545498643,1.2172242698226783,321837.181702,Banco de Chile,antiguo
2018-07-01,Banco de Crédito e Inversiones,False,1.85691218364129,1.873877875588555,2.175352200203675,1.456334642053941,1.9437800853011187,1.2056072878497708,378063.594846,Banco de Crédito e Inversiones,antiguo
2018-07-01,Banco de la Nación Argentina,False,4.256251874757125,4.256251874757125,4.307780202285987,0.0,0.0,,211.358796,Banco de la Nación Argentina,antiguo
2018-07-01,Banco del Estado de Chile,False,3.450689479080356,3.4729335102343923,1.8122656305090714,5.14624180939913,2.2892916986467284,5.745633558246163,781663.600911,Banco del Estado de Chile,antiguo
2018-07-01,Banco do Brasil S.A.,False,2.0390222195392282,2.202308662760925,2.202308662760925,,,,792.368862,Banco do Brasil S.A.,antiguo
2018-07-01,"Bank of China, Agencia en Chile",False,,,,,,,0.0,"Bank of China, Agencia en Chile",antiguo
2018-07-01,"China Construction Bank, Agencia en Chile",False,0.0,0.0,0.0,,,,0.0,"China Construction Bank, Agencia en Chile",antiguo
2018-07-01,HSBC Bank (Chile),False,0.0,0.0,0.0,0.0,0.0,,0.0,HSBC Bank (Chile),antiguo
2018-07-01,"JP Morgan Chase Bank, N.A.",False,,,,,,,0.0,"JP Morgan Chase Bank, N.A.",antiguo
2018-07-01,MUFG Bank,False,0.0,0.0,0.0,,,,0.0,"MUFG Bank, Ltd.",antiguo
2018-07-01,Scotiabank Chile,False,2.036826385358472,2.037334113601856,1.6347290225141844,2.5627216186138884,2.0395889477328915,2.6823486557123926,226374.54144,Scotiabank Chile,antiguo
2018-07-01,Sistema Bancario,True,1.972171743076791,1.982235306457781,1.751524141757914,2.287335615698023,2.016275506961803,2.40188917207908,3008637.6873970004,Sistema Bancario,antiguo
2018-08-01,BBVA Chile / Scotiabank Azul,False,1.0258915808950708,1.0277501530545936,0.6805832720287153,1.367327239068035,1.5951816213908014,1.2964112484922627,104265.687473,Scotiabank Azul,antiguo
2018-08-01,Banco BTG Pactual Chile,False,0.0,0.0,0.0,,,,0.0,Banco BTG Pactual Chile,antiguo
2018-08-01,Banco Bice,False,0.15048801379257642,0.15048801379257642,0.11440743639997261,0.2834815176975115,0.4720531628694706,0.2551953193365502,7838.069406,Banco Bice,antiguo
2018-08-01,Banco Consorcio,False,0.5787680013050359,0.5787680013050359,0.5726099665805842,0.639420281383876,1.0977382744528057,0.3838609967269641,13697.809504,Banco Consorcio,antiguo
2018-08-01,Banco Falabella,False,3.0824868290020997,3.0824868290020997,5.054625736680093,2.961764710223406,2.8755548434228206,3.181482612832302,52538.60347,Banco Falabella,antiguo
2018-08-01,Banco Internacional,False,4.423979514563078,4.423979514563078,4.36388624908938,6.863775066630351,2.5273522960829475,7.799663083535011,64601.991239,Banco Internacional,antiguo
2018-08-01,Banco Itaú Chile,False,2.039671514249459,2.052910363932724,2.206003226935542,1.7622220057177118,1.8176847702731043,1.7378951737464514,325153.550132,Itaú Corpbanca,antiguo
2018-08-01,Banco Ripley,False,3.9524754633015724,3.9524754633015724,8.40875719948061,3.912032284322976,4.044575213042715,3.1356746660117887,8459.372268,Banco Ripley,antiguo
2018-08-01,Banco Santander-Chile,False,2.1791264971267577,2.180302998382157,2.570219880230291,1.7627921953159362,2.0674660662459265,1.6163022423703206,650769.263008,Banco Santander-Chile,antiguo
2018-08-01,Banco Security,False,1.4176366157449378,1.4180417396249374,1.48983803041875,1.1485475090963178,1.5978406755889647,0.7935467251400186,73462.639031,Banco Security,antiguo
2018-08-01,Banco de Chile,False,1.1069570298845401,1.1221480838255058,0.9348899530337249,1.354920150036135,1.7168878754907013,1.1558125378984005,302713.063415,Banco de Chile,antiguo
2018-08-01,Banco de Crédito e Inversiones,False,1.855198234917185,1.8761898588680688,2.236305323916577,1.3798574668007653,1.821499009126315,1.1526172182969363,380734.033799,Banco de Crédito e Inversiones,antiguo
2018-08-01,Banco de la Nación Argentina,False,5.260573694593566,5.260573694593566,5.328046930031936,0.0,0.0,,222.060529,Banco de la Nación Argentina,antiguo
2018-08-01,Banco del Estado de Chile,False,3.431340380431646,3.453991404839759,1.7716899847639256,5.157241816763099,2.16821147098526,5.79316179928535,786069.138873,Banco del Estado de Chile,antiguo
2018-08-01,Banco do Brasil S.A.,False,2.0625596264056156,2.2728437273634223,2.2728437273634223,,,,792.368862,Banco do Brasil S.A.,antiguo
2018-08-01,"Bank of China, Agencia en Chile",False,,,,,,,0.0,"Bank of China, Agencia en Chile",antiguo
2018-08-01,"China Construction Bank, Agencia en Chile",False,0.0,0.0,0.0,,,,0.0,"China Construction Bank, Agencia en Chile",antiguo
2018-08-01,HSBC Bank (Chile),False,0.0,0.0,0.0,0.0,0.0,,0.0,HSBC Bank (Chile),antiguo
2018-08-01,"JP Morgan Chase Bank, N.A.",False,,,,,,,0.0,"JP Morgan Chase Bank, N.A.",antiguo
2018-08-01,MUFG Bank,False,0.0,0.0,0.0,,,,0.0,"MUFG Bank, Ltd.",antiguo
2018-08-01,Scotiabank Chile,False,1.999481650526543,1.9998560254565774,1.6737829799749477,2.4336324546179586,1.7957418765326405,2.5788310319065215,226388.969086,Scotiabank Chile,antiguo
2018-08-01,Sistema Bancario,True,1.934171831332123,1.9457641733986886,1.7258398195016373,2.2391675259999504,1.9410492215732216,2.365629749655001,2997706.6200950006,Sistema Bancario,antiguo
2018-09-01,Banco BTG Pactual Chile,False,0.0,0.0,0.0,,,,0.0,Banco BTG Pactual Chile,antiguo
2018-09-01,Banco Bice,False,0.2427226255421764,0.2427226255421764,0.22361035574511448,0.31215280196774037,0.45977631752965137,0.2899957163747125,12598.033925,Banco Bice,antiguo
2018-09-01,Banco Consorcio,False,0.5691532999900603,0.5691532999900603,0.5590988286788555,0.6665866925556444,1.141546352374259,0.41777053031404365,13898.557663,Banco Consorcio,antiguo
2018-09-01,Banco Falabella,False,3.242667263035133,3.242667263035133,4.948148865639666,3.138752646891021,2.984033887400658,3.530068912725866,55171.783784,Banco Falabella,antiguo
2018-09-01,Banco Internacional,False,4.234721672160743,4.234721672160743,4.162539022797447,7.187665897725511,1.7224812820079607,8.316543090914774,63031.749081,Banco Internacional,antiguo
2018-09-01,Banco Itaú Chile,False,1.997628562176538,2.0101430188766307,2.138690677181764,1.7660776932563227,1.8310346608985795,1.7376790198475003,318691.960129,Itaú Corpbanca,antiguo
2018-09-01,Banco Ripley,False,4.186219967175638,4.186219967175638,8.423036060837102,4.14793089163025,4.2223284615455,3.716780889696542,8833.001447,Banco Ripley,antiguo
2018-09-01,Banco Santander-Chile,False,2.2012455273936684,2.2022989278798732,2.605801290951103,1.772294490514904,1.952650474724104,1.6862398401467626,659728.545442,Banco Santander-Chile,antiguo
2018-09-01,Banco Security,False,1.416685984250481,1.4168615853836537,1.5032343576709832,1.092983818831,1.3370008677715168,0.8992704048651873,73418.934872,Banco Security,antiguo
2018-09-01,Banco de Chile,False,1.1222776263223784,1.1399618476468734,0.9457275666249179,1.3828317889784725,1.716787884340474,1.2004434524882222,310282.59118,Banco de Chile,antiguo
2018-09-01,Banco de Crédito e Inversiones,False,1.882606752155459,1.8994935118631717,2.24355116264724,1.42713764122353,1.915371329605954,1.1760259284094587,386908.568061,Banco de Crédito e Inversiones,antiguo
2018-09-01,Banco de la Nación Argentina,False,5.450010221237174,5.450010221237174,5.522288971417449,0.0,0.0,,218.000949,Banco de la Nación Argentina,antiguo
2018-09-01,Banco del Estado de Chile,False,3.572024015580226,3.5895699857926227,1.8403142830654287,5.343068275070935,2.2736393542150886,5.995414801537777,818933.157386,Banco del Estado de Chile,antiguo
2018-09-01,Banco do Brasil S.A.,False,2.091650900308523,2.46485413629991,2.46485413629991,,,,792.368862,Banco do Brasil S.A.,antiguo
2018-09-01,"Bank of China, Agencia en Chile",False,0.0,0.0,0.0,,,,0.0,"Bank of China, Agencia en Chile",antiguo
2018-09-01,"China Construction Bank, Agencia en Chile",False,0.0,0.0,0.0,,,,0.0,"China Construction Bank, Agencia en Chile",antiguo
2018-09-01,HSBC Bank (Chile),False,0.0,0.0,0.0,0.0,0.0,,0.0,HSBC Bank (Chile),antiguo
2018-09-01,"JP Morgan Chase Bank, N.A.",False,,,,,,,0.0,"JP Morgan Chase Bank, N.A.",antiguo
2018-09-01,MUFG Bank,False,0.0,0.0,0.0,,,,0.0,"MUFG Bank, Ltd.",antiguo
2018-09-01,Scotiabank Chile,False,1.5855234504791142,1.5861992279018517,1.2764072910151762,1.933571959460814,1.8122074658231353,1.9660991456564456,337979.291968,Scotiabank Chile,antiguo
2018-09-01,Sistema Bancario,True,1.969719059248283,1.9808527557023015,1.7425299380863826,2.29726864080708,1.954338050278603,2.441977385597122,3060486.5447490006,Sistema Bancario,antiguo
2018-10-01,Banco BTG Pactual Chile,False,0.0,0.0,0.0,,,,0.0,Banco BTG Pactual Chile,antiguo
2018-10-01,Banco Bice,False,0.1880030395136308,0.1880030395136308,0.1574668618195149,0.30088995459618023,0.42950088554481686,0.28169224074581195,9962.265706,Banco Bice,antiguo
2018-10-01,Banco Consorcio,False,0.5987807566117846,0.5987807566117846,0.5991529867603799,0.595300186717466,1.0812330156211387,0.3545555717485823,14940.741184,Banco Consorcio,antiguo
2018-10-01,Banco Falabella,False,3.273933601112039,3.273933601112039,4.68388699928206,3.1885313039400147,3.061729713903184,3.510185017914038,55863.038152,Banco Falabella,antiguo
2018-10-01,Banco Internacional,False,4.175044179658119,4.175044179658119,4.083206418784411,7.926814355988567,2.35613399234803,9.105965077375979,62925.996482,Banco Internacional,antiguo
2018-10-01,Banco Itaú Chile,False,2.0910413029899435,2.1047638950044365,2.274895691605708,1.7823739983193632,1.9138153298748213,1.7236651811528083,335608.17399,Itaú Corpbanca,antiguo
2018-10-01,Banco Ripley,False,4.255868248935785,4.255868248935785,8.092981342785407,4.221769642624026,4.311251341240583,3.7049232538216077,8856.564124,Banco Ripley,antiguo
2018-10-01,Banco Santander-Chile,False,2.179051248200039,2.1800691939920664,2.62970690489252,1.7072501143897836,1.9791352456524296,1.5766839332845288,657560.302033,Banco Santander-Chile,antiguo
2018-10-01,Banco Security,False,1.5531895950415782,1.554421960155867,1.6386739028708248,1.2368166633493254,1.631687409759832,0.9148943409470484,81911.17308,Banco Security,antiguo
2018-10-01,Banco de Chile,False,1.1387759013209944,1.1524846046409665,0.9720422927287145,1.376027988725681,1.8333928078440118,1.1254392580311205,315797.783096,Banco de Chile,antiguo
2018-10-01,Banco de Crédito e Inversiones,False,1.8951772158167666,1.9106970526955442,2.2561871856642863,1.4324915927512163,1.8999137213582955,1.1915286754219103,394906.574196,Banco de Crédito e Inversiones,antiguo
2018-10-01,Banco del Estado de Chile,False,3.5595876342997332,3.5702191123160962,1.893223210256379,5.2555332318194745,2.197734281905541,5.919932651665408,823404.593396,Banco del Estado de Chile,antiguo
2018-10-01,Banco do Brasil S.A.,False,1.7024240088079556,1.794909612365361,1.794909612365361,,,,693.882024,Banco do Brasil S.A.,antiguo
2018-10-01,"Bank of China, Agencia en Chile",False,,,,,,,0.0,"Bank of China, Agencia en Chile",antiguo
2018-10-01,"China Construction Bank, Agencia en Chile",False,0.0,0.0,0.0,,,,0.0,"China Construction Bank, Agencia en Chile",antiguo
2018-10-01,HSBC Bank (Chile),False,0.0,0.0,0.0,0.0,0.0,,0.0,HSBC Bank (Chile),antiguo
2018-10-01,"JP Morgan Chase Bank, N.A.",False,,,,,,,0.0,"JP Morgan Chase Bank, N.A.",antiguo
2018-10-01,MUFG Bank,False,0.0,0.0,0.0,,,,0.0,"MUFG Bank, Ltd.",antiguo
2018-10-01,Scotiabank Chile,False,1.5468569869079314,1.5472694883759281,1.2442809676805575,1.8927389064505724,1.8567365497728854,1.9024004653400397,335782.381095,Scotiabank Chile,antiguo
2018-10-01,Sistema Bancario,True,1.9735222272879853,1.9827716186234308,1.77034408518957,2.2651259992672155,1.9991415441288574,2.3781739879659476,3098213.4685580004,Sistema Bancario,antiguo
2018-11-01,Banco BTG Pactual Chile,False,0.0,0.0,0.0,,,,0.0,Banco BTG Pactual Chile,antiguo
2018-11-01,Banco Bice,False,0.24144670209337013,0.24144670209337013,0.2330998157898027,0.2729383934161196,0.34434828173980686,0.2620813630843329,13152.136885,Banco Bice,antiguo
2018-11-01,Banco Consorcio,False,0.5814179245335979,0.5836972045427363,0.5841431268533428,0.5797252117612509,1.014333544710163,0.37983121175962586,14889.439466,Banco Consorcio,antiguo
2018-11-01,Banco Falabella,False,3.238703370176578,3.238703370176578,4.805061730514284,3.1455601743143617,3.0193448121377475,3.4651846660919463,55599.245011,Banco Falabella,antiguo
2018-11-01,Banco Internacional,False,4.26179809699362,4.26179809699362,4.19618047548277,6.927212500224394,2.260769023674197,7.946806135331132,64668.198329,Banco Internacional,antiguo
2018-11-01,Banco Itaú Chile,False,1.949667248753352,1.9620225877570372,2.06225860060551,1.7737993167053994,1.7956373285081133,1.7639953906210377,313990.995108,Itaú Corpbanca,antiguo
2018-11-01,Banco Ripley,False,4.28869050632719,4.28869050632719,8.784553440601913,4.249208529046136,4.3603499674410475,3.606303480375635,8863.427512,Banco Ripley,antiguo
2018-11-01,Banco Santander-Chile,False,2.210641470406843,2.211702897888557,2.7031192552592564,1.7021940707435699,1.8560809624375014,1.6282559962425385,670400.902814,Banco Santander-Chile,antiguo
2018-11-01,Banco Security,False,1.4683101933796228,1.4708193206621942,1.5730660321022427,1.084463905805234,1.3153000746135097,0.8984480408693772,77522.311287,Banco Security,antiguo
2018-11-01,Banco de Chile,False,1.0994914811621899,1.1237914191646652,0.9618424780999313,1.323956873067325,1.707995171648501,1.1121937968115623,311431.635401,Banco de Chile,antiguo
2018-11-01,Banco de Crédito e Inversiones,False,1.7401171463319784,1.7528743031063398,2.066864374708649,1.330662851933962,1.635242652160452,1.173708749140021,360294.212837,Banco de Crédito e Inversiones,antiguo
2018-11-01,Banco del Estado de Chile,False,3.6418892169286092,3.648020395832267,1.929616426735697,5.357935091387363,1.9390365476745264,6.10893213867104,844708.228462,Banco del Estado de Chile,antiguo
2018-11-01,Banco do Brasil S.A.,False,0.654228547272721,0.7380075539228764,0.7380075539228764,,,,259.358675,Banco do Brasil S.A.,antiguo
2018-11-01,"Bank of China, Agencia en Chile",False,,,,,,,0.0,"Bank of China, Agencia en Chile",antiguo
2018-11-01,"China Construction Bank, Agencia en Chile",False,0.0,0.0,0.0,,,,0.0,"China Construction Bank, Agencia en Chile",antiguo
2018-11-01,HSBC Bank (Chile),False,0.0,0.0,0.0,0.0,0.0,,0.0,HSBC Bank (Chile),antiguo
2018-11-01,"JP Morgan Chase Bank, N.A.",False,,,,,,,0.0,"JP Morgan Chase Bank, N.A.",antiguo
2018-11-01,MUFG Bank,False,0.0,0.0,0.0,,,,0.0,"MUFG Bank, Ltd.",antiguo
2018-11-01,Scotiabank Chile,False,1.5488272485940822,1.5492909440074494,1.1997551943156564,1.955966347244468,1.8670755716351326,1.9797941515419901,343053.01848,Scotiabank Chile,antiguo
2018-11-01,Sistema Bancario,True,1.9436744232435232,1.9558992468661718,1.7245918754022878,2.2615607566136924,1.856635896456246,2.434096517295312,3078833.1102670003,Sistema Bancario,antiguo
2018-12-01,Banco BTG Pactual Chile,False,0.0,0.0,0.0,,,,0.0,Banco BTG Pactual Chile,antiguo
2018-12-01,Banco Bice,False,0.2631668430553859,0.2631668430553859,0.24848057100794493,0.31868306148204517,0.3846530877678277,0.30862387372313377,14415.785338,Banco Bice,antiguo
2018-12-01,Banco Consorcio,False,0.6248435047241064,0.6248435047241064,0.6271378498194244,0.6048290982101264,1.0044815596270924,0.43166672348830665,16520.605429,Banco Consorcio,antiguo
2018-12-01,Banco Falabella,False,3.2981829968904885,3.2981829968904885,4.781312322043116,3.211611660378564,3.0688653312433165,3.573925351127991,56796.992569,Banco Falabella,antiguo
2018-12-01,Banco Internacional,False,3.9981050266728797,3.9981050266728797,3.9562648450006677,5.716346470979548,2.421341009248418,6.455255525064412,63202.284457,Banco Internacional,antiguo
2018-12-01,Banco Itaú Chile,False,1.887170644547019,1.899347832409704,1.9842193685433238,1.7377565006140139,1.7255004235460354,1.7433262972790124,309092.209028,Itaú Corpbanca,antiguo
2018-12-01,Banco Ripley,False,4.4827073141902405,4.4827073141902405,7.7620420563400465,4.454333341968766,4.495578308841035,4.21623234627689,9183.933867,Banco Ripley,antiguo
2018-12-01,Banco Santander-Chile,False,2.080608534318639,2.081646175528961,2.6763201812495674,1.4786396098269512,1.8111780533691724,1.3188961120215872,630012.29417,Banco Santander-Chile,antiguo
2018-12-01,Banco Security,False,1.4988624930268022,1.5018874302134615,1.607770681763283,1.0979649551454087,1.26007988903902,0.9663489274587812,80130.378114,Banco Security,antiguo
2018-12-01,Banco de Chile,False,1.0743539548713246,1.0894702980446305,0.9125041956177509,1.3100260219724513,1.6846483034251365,1.1035237010646555,305516.161466,Banco de Chile,antiguo
2018-12-01,Banco de Crédito e Inversiones,False,1.7011751899215097,1.7126123425960564,2.0098416187977795,1.3203663328548818,1.6546987952282537,1.1487979570121682,352329.294479,Banco de Crédito e Inversiones,antiguo
2018-12-01,Banco del Estado de Chile,False,3.73609180038965,3.737391644557296,1.9689304234454692,5.484164169335633,2.0757619425833984,6.235858793152149,869891.161139,Banco del Estado de Chile,antiguo
2018-12-01,Banco do Brasil S.A.,False,1.3752356879931058,1.6887260761576348,1.6887260761576348,,,,518.71735,Banco do Brasil S.A.,antiguo
2018-12-01,"Bank of China, Agencia en Chile",False,,,,,,,0.0,"Bank of China, Agencia en Chile",antiguo
2018-12-01,"China Construction Bank, Agencia en Chile",False,0.0,0.0,0.0,,,,0.0,"China Construction Bank, Agencia en Chile",antiguo
2018-12-01,HSBC Bank (Chile),False,0.0,0.0,0.0,0.0,0.0,,0.0,HSBC Bank (Chile),antiguo
2018-12-01,"JP Morgan Chase Bank, N.A.",False,,,,,,,0.0,"JP Morgan Chase Bank, N.A.",antiguo
2018-12-01,MUFG Bank,False,,,,,,,0.0,"MUFG Bank, Ltd.",antiguo
2018-12-01,Scotiabank Chile,False,1.523199792533074,1.523388255386637,1.1743351891701908,1.935988693689851,1.7933908252528992,1.9740736121857012,343548.193902,Scotiabank Chile,antiguo
2018-12-01,Sistema Bancario,True,1.9126420760140113,1.921480273847715,1.6905729567938965,2.2264549965826093,1.8463733993923888,2.3884013429120525,3051158.011308,Sistema Bancario,antiguo
2019-01-01,Banco BTG Pactual Chile,False,2.0247184693508915,2.0247184693508915,2.0247184693508915,,,,9889.926134,Banco BTG Pactual Chile,antiguo
2019-01-01,Banco Bice,False,0.32305791467158923,0.32305791467158923,0.3242505512112763,0.3185626302906002,0.2478062246386174,0.32936178955860046,17753.075722,Banco Bice,antiguo
2019-01-01,Banco Consorcio,False,0.6021226352429982,0.6021226352429982,0.6013127487643278,0.6088003626014267,1.0191901319604835,0.43945221917147037,15914.632381,Banco Consorcio,antiguo
2019-01-01,Banco Falabella,False,3.1761062263075632,3.1761062263075632,4.667380319535263,3.0904514598263546,2.9611769187184263,3.419771231831694,54805.949337,Banco Falabella,antiguo
2019-01-01,Banco Internacional,False,3.8392770752643823,3.8392770752643823,3.811990138335211,4.968902669078598,2.279205754380507,5.593308199338316,62097.776545,Banco Internacional,antiguo
2019-01-01,Banco Itaú Chile,False,1.9351341950336172,1.9540736695181593,2.058503990750556,1.7586369894238685,1.8355330274935677,1.7231889671299305,315686.999002,Itaú Corpbanca,antiguo
2019-01-01,Banco Ripley,False,4.534946915195231,4.534946915195231,7.623961341398388,4.508601647408099,4.5613716576340435,4.203679375229916,9185.714713,Banco Ripley,antiguo
2019-01-01,Banco Santander-Chile,False,2.2114656627613027,2.212607345804601,2.7356276841002503,1.6844890106243564,1.7885650290666701,1.6348123377469992,671582.438665,Banco Santander-Chile,antiguo
2019-01-01,Banco Security,False,1.671552701491056,1.6737772165763178,1.8243266395270488,1.1034197495061988,1.3494919806536547,0.9004656430787168,89483.41367,Banco Security,antiguo
2019-01-01,Banco de Chile,False,1.1053633787009627,1.1281956285954213,0.9872180509916826,1.3021683557441104,1.6788697379944137,1.0971186278798255,316074.033164,Banco de Chile,antiguo
2019-01-01,Banco de Crédito e Inversiones,False,1.6989038343873157,1.7088286748252122,2.001434668879926,1.318454533508504,1.6631741905826052,1.141398174440711,356142.361574,Banco de Crédito e Inversiones,antiguo
2019-01-01,Banco del Estado de Chile,False,3.7037078555903027,3.704899204053825,1.9775800305999565,5.374537133749126,1.9834799773620262,6.131909150986424,859434.812203,Banco del Estado de Chile,antiguo
2019-01-01,Banco do Brasil S.A.,False,1.3342287665986905,1.5541052793756558,1.5541052793756558,,,,518.71735,Banco do Brasil S.A.,antiguo
2019-01-01,"Bank of China, Agencia en Chile",False,0.0,0.0,0.0,,,,0.0,"Bank of China, Agencia en Chile",antiguo
2019-01-01,"China Construction Bank, Agencia en Chile",False,0.0,0.0,0.0,,,,0.0,"China Construction Bank, Agencia en Chile",antiguo
2019-01-01,HSBC Bank (Chile),False,0.0,0.0,0.0,0.0,0.0,,0.0,HSBC Bank (Chile),antiguo
2019-01-01,"JP Morgan Chase Bank, N.A.",False,0.0,0.0,0.0,,,,0.0,"JP Morgan Chase Bank, N.A.",antiguo
2019-01-01,MUFG Bank,False,,,,,,,0.0,"MUFG Bank, Ltd.",antiguo
2019-01-01,Scotiabank Chile,False,1.5627374080282044,1.5630210934611144,1.1880540740786256,1.996491636325275,1.9154398214386983,2.018089632347391,350781.588194,Scotiabank Chile,antiguo
2019-01-01,Sistema Bancario,True,1.9577241136140189,1.9690627115704118,1.747104169551904,2.259608438801395,1.8492948238152471,2.434134362264455,3129351.4386540004,Sistema Bancario,antiguo
2019-02-01,Banco BTG Pactual Chile,False,1.8213625781942955,1.852052250780099,1.852052250780099,,,,9892.359678,Banco BTG Pactual Chile,antiguo
2019-02-01,Banco Bice,False,0.33307642710700724,0.33307642710700724,0.3237895380831031,0.3677051657805801,0.30021947469556515,0.37770283993378195,18154.915222,Banco Bice,antiguo
2019-02-01,Banco Consorcio,False,0.5904176206665663,0.5904176206665663,0.5985157286041703,0.5252192515404126,1.1126275474466694,0.2916385777087835,15839.379488,Banco Consorcio,antiguo
2019-02-01,Banco Falabella,False,3.2303276086678157,3.2303276086678157,4.979807693583952,3.130778898104765,3.1187995638999517,3.161158910941622,55653.129389,Banco Falabella,antiguo
2019-02-01,Banco Internacional,False,3.358815539755798,3.4207522039640983,3.38698449046369,4.809784605179661,2.006659131368974,5.489491665907344,55652.055889,Banco Internacional,antiguo
2019-02-01,Banco Itaú Chile,False,1.9568302704134584,1.9687508477027236,2.0284789581892886,1.8569039533984872,2.017244149944965,1.782789053265928,318841.926896,Itaú Corpbanca,antiguo
2019-02-01,Banco Ripley,False,4.580857565130844,4.580857565130844,7.829611620469803,4.553457419963735,4.619874165167561,4.172521868400275,9123.196458,Banco Ripley,antiguo
2019-02-01,Banco Santander-Chile,False,2.0736206451870904,2.0749332218755545,2.6618585018764063,1.475143940193347,1.832198580103063,1.3064668399968888,634482.349064,Banco Santander-Chile,antiguo
2019-02-01,Banco Security,False,1.7907172304573897,1.7914873928212105,1.9487604002355723,1.2009299856140445,1.3340936350590324,1.0898360168174903,95177.383455,Banco Security,antiguo
2019-02-01,Banco de Chile,False,1.1356040633165259,1.1665718788539288,1.0116833583499658,1.3582729514075182,1.7960334068711639,1.1221232812558517,328099.541053,Banco de Chile,antiguo
2019-02-01,Banco de Crédito e Inversiones,False,1.8346067548315401,1.8440875977514177,2.0994385614481064,1.5039826728011332,2.0480778460969047,1.226476104875013,385220.117924,Banco de Crédito e Inversiones,antiguo
2019-02-01,Banco del Estado de Chile,False,3.785606398441273,3.7872485914938867,2.022338750761246,5.48718047611157,2.113547179469508,6.242145062580516,880780.05425,Banco del Estado de Chile,antiguo
2019-02-01,Banco do Brasil S.A.,False,0.0,0.0,0.0,,,,0.0,Banco do Brasil S.A.,antiguo
2019-02-01,"Bank of China, Agencia en Chile",False,0.0,0.0,0.0,,,,0.0,"Bank of China, Agencia en Chile",antiguo
2019-02-01,"China Construction Bank, Agencia en Chile",False,0.0,0.0,0.0,,,,0.0,"China Construction Bank, Agencia en Chile",antiguo
2019-02-01,HSBC Bank (Chile),False,0.0,0.0,0.0,0.0,0.0,,0.0,HSBC Bank (Chile),antiguo
2019-02-01,"JP Morgan Chase Bank, N.A.",False,,,,,,,0.0,"JP Morgan Chase Bank, N.A.",antiguo
2019-02-01,MUFG Bank,False,,,,,,,0.0,"MUFG Bank, Ltd.",antiguo
2019-02-01,Scotiabank Chile,False,1.6820826495256216,1.6822137016100545,1.3152205308012708,2.1058546553193103,1.976392229220884,2.1399865668606903,378433.349024,Scotiabank Chile,antiguo
2019-02-01,Sistema Bancario,True,1.9841173172020092,1.997460343559121,1.7699411097139035,2.2957020700852695,1.9873347981859475,2.4259775782098605,3185349.75779,Sistema Bancario,antiguo
2019-03-01,Banco BTG Pactual Chile,False,1.5942254354668144,1.5942254354668144,1.5942254354668144,,,,9892.359678,Banco BTG Pactual Chile,antiguo
2019-03-01,Banco Bice,False,0.40773706651942465,0.42024109535906684,0.4227213842029296,0.4108204511607476,0.2681181285563326,0.4322017246610532,23301.626064,Banco Bice,antiguo
2019-03-01,Banco Consorcio,False,0.5088167694591968,0.5088167694591968,0.518372739432835,0.43177366290377395,0.9671814365510342,0.22666582017555137,14229.831082,Banco Consorcio,antiguo
2019-03-01,Banco Falabella,False,3.1285302353050293,3.1285302353050293,5.017484105674047,3.0217503711336606,3.0333163738555853,2.99263653935473,53689.133795,Banco Falabella,antiguo
2019-03-01,Banco Internacional,False,3.540456519567851,3.540456519567851,3.4878359509084653,5.6839691675930055,1.8126643553715929,6.633587320240348,58049.335021,Banco Internacional,antiguo
2019-03-01,Banco Itaú Chile,False,1.9499056315364476,1.9790380366972231,2.048526690095803,1.847038198185565,1.9874646256659887,1.7818663604741456,324334.246624,Itaú Corpbanca,antiguo
2019-03-01,Banco Ripley,False,4.560801542206666,4.560801542206666,8.07992925700838,4.531441005687879,4.582335343913903,4.240724381560683,8975.323401,Banco Ripley,antiguo
2019-03-01,Banco Santander-Chile,False,2.032226531815879,2.033985802385239,2.663997746779416,1.4014689380110057,1.73513276545114,1.242622400532741,621829.350747,Banco Santander-Chile,antiguo
2019-03-01,Banco Security,False,1.7410113136916812,1.7417701032671484,1.8936159436198676,1.1702451668408786,1.2703413643412969,1.0863578589205907,93490.254595,Banco Security,antiguo
2019-03-01,Banco de Chile,False,1.162110278346405,1.1751195854105894,1.0382998218020107,1.3423684794174884,1.7333456809103631,1.1299355410471963,331502.983049,Banco de Chile,antiguo
2019-03-01,Banco de Crédito e Inversiones,False,1.8687111423019407,1.876083382087978,2.1520866092107234,1.5078935462973528,2.070960144387886,1.2209530071136212,394286.841667,Banco de Crédito e Inversiones,antiguo
2019-03-01,Banco del Estado de Chile,False,3.7368829729974586,3.74339672948608,2.0045508439906774,5.404811566065826,2.062355254715955,6.151702615581941,873567.882725,Banco del Estado de Chile,antiguo
2019-03-01,Banco do Brasil S.A.,False,1.3164764117368735,1.6679059165041505,1.6679059165041505,,,,518.71735,Banco do Brasil S.A.,antiguo
2019-03-01,"Bank of China, Agencia en Chile",False,0.0,0.0,0.0,,,,0.0,"Bank of China, Agencia en Chile",antiguo
2019-03-01,"China Construction Bank, Agencia en Chile",False,0.0,0.0,0.0,,,,0.0,"China Construction Bank, Agencia en Chile",antiguo
2019-03-01,HSBC Bank (Chile),False,0.0,0.0,0.0,0.0,0.0,,0.0,HSBC Bank (Chile),antiguo
2019-03-01,"JP Morgan Chase Bank, N.A.",False,,,,,,,0.0,"JP Morgan Chase Bank, N.A.",antiguo
2019-03-01,Scotiabank Chile,False,1.5988380571500163,1.5989342055516826,1.2454843624971992,2.0176218214731265,1.9061050229468166,2.0471727906227466,367520.304692,Scotiabank Chile,antiguo
2019-03-01,Sistema Bancario,True,1.9635248889561407,1.9748592972313448,1.7685056195404936,2.245806425528289,1.929037215809264,2.3800545983034502,3175188.19049,Sistema Bancario,antiguo
2019-04-01,Banco BTG Pactual Chile,False,1.5429372586711274,1.5429372586711274,1.5429372586711274,,,,9892.359678,Banco BTG Pactual Chile,antiguo
2019-04-01,Banco Bice,False,0.41507187710177856,0.41507187710177856,0.42857391193523886,0.3640439428601595,0.3545633984874219,0.36544787449126004,23144.923291,Banco Bice,antiguo
2019-04-01,Banco Consorcio,False,0.5306865485774767,0.5306865485774767,0.5416703115812246,0.4471288675153809,1.016958965425637,0.23660831922668,14764.422197,Banco Consorcio,antiguo
2019-04-01,Banco Falabella,False,3.2148235054398224,3.2148235054398224,5.3268313449315405,3.095873546040337,3.1149538268823416,3.048306678168657,55148.988654,Banco Falabella,antiguo
2019-04-01,Banco Internacional,False,3.4727514567498794,3.4727514567498794,3.436632670657906,4.978162959827137,1.5321235196184322,5.871756278126057,57740.680089,Banco Internacional,antiguo
2019-04-01,Banco Itaú Chile,False,2.0125347434123544,2.0249898710946668,2.1368991854270325,1.8137245436175546,1.8874587357256123,1.7793199812290372,332765.860273,Itaú Corpbanca,antiguo
2019-04-01,Banco Ripley,False,4.590893083719787,4.590893083719787,9.683836615260102,4.548613527717972,4.580906314650001,4.364917346659512,8903.728688,Banco Ripley,antiguo
2019-04-01,Banco Santander-Chile,False,1.9502861284773774,1.9505826496924707,2.533557419342413,1.3610680380485047,1.6817638816880494,1.2068433242540058,605696.595487,Banco Santander-Chile,antiguo
2019-04-01,Banco Security,False,1.6839091520063707,1.6848169372933688,1.8419808834717104,1.0954069872943462,1.1770853683825542,1.0264318397480146,90935.984171,Banco Security,antiguo
2019-04-01,Banco de Chile,False,1.1681180036012437,1.1871237357082185,1.0644558066543737,1.3361887200821772,1.7594633105992838,1.1065647567181491,337220.17786,Banco de Chile,antiguo
2019-04-01,Banco de Crédito e Inversiones,False,1.821222443856268,1.8268748679857703,2.074234617748098,1.498682260129147,2.0705526979326616,1.208818366177784,385538.042504,Banco de Crédito e Inversiones,antiguo
2019-04-01,Banco del Estado de Chile,False,3.7385783228594773,3.7412644331580482,2.017554764314521,5.388245431428316,2.1070331374669826,6.125605646147957,877767.930731,Banco del Estado de Chile,antiguo
2019-04-01,Banco do Brasil S.A.,False,1.6536366730959848,1.6536366730959848,1.6536366730959848,,,,518.71735,Banco do Brasil S.A.,antiguo
2019-04-01,"Bank of China, Agencia en Chile",False,0.0,0.0,0.0,,,,0.0,"Bank of China, Agencia en Chile",antiguo
2019-04-01,"China Construction Bank, Agencia en Chile",False,0.0,0.0,0.0,,,,0.0,"China Construction Bank, Agencia en Chile",antiguo
2019-04-01,HSBC Bank (Chile),False,0.0,0.0,0.0,0.0,0.0,,0.0,HSBC Bank (Chile),antiguo
2019-04-01,"JP Morgan Chase Bank, N.A.",False,,,,,,,0.0,"JP Morgan Chase Bank, N.A.",antiguo
2019-04-01,Scotiabank Chile,False,1.4862749316430603,1.4864134035259609,1.1869870355207706,1.8426534249157351,1.8969699287941535,1.8283550038133671,345286.418549,Scotiabank Chile,antiguo
2019-04-01,Sistema Bancario,True,1.93274392775315,1.9409313350082062,1.744204750276965,2.198911324259794,1.918031148522771,2.318086698325729,3145324.8295219997,Sistema Bancario,antiguo
2019-05-01,Banco BTG Pactual Chile,False,1.462202269334062,1.462202269334062,1.462202269334062,,,,9892.359678,Banco BTG Pactual Chile,antiguo
2019-05-01,Banco Bice,False,0.42236579669647867,0.42236579669647867,0.4453157486777789,0.33595175003914096,0.394810104879699,0.3273103052112297,23701.361447,Banco Bice,antiguo
2019-05-01,Banco Consorcio,False,0.5650887919870453,0.5650887919870453,0.5729013064853107,0.5065554934479045,1.0217921929782068,0.32112579406074687,16288.377809,Banco Consorcio,antiguo
2019-05-01,Banco Falabella,False,3.290853006561499,3.290853006561499,4.955482966237841,3.19821627318264,3.1420179703812536,3.337391673929852,56477.867325,Banco Falabella,antiguo
2019-05-01,Banco Internacional,False,3.4026877158216324,3.4026877158216324,3.371716430820535,4.707043244685804,0.5706175222191456,5.839913835212796,58307.521185,Banco Internacional,antiguo
2019-05-01,Banco Itaú Chile,False,1.9064968548767027,1.9244214984045358,2.014653295216788,1.7524161533491442,1.8397051190294809,1.711313658095886,321336.926798,Itaú Corpbanca,antiguo
2019-05-01,Banco Ripley,False,4.455872721760641,4.455872721760641,9.281593645540035,4.416111456741609,4.437338869194036,4.296492408851983,8482.135643,Banco Ripley,antiguo
2019-05-01,Banco Santander-Chile,False,2.079753336022844,2.0801005598950346,2.5882516720462956,1.5643664617685689,1.6625295138118672,1.5175881606888895,652360.4133,Banco Santander-Chile,antiguo
2019-05-01,Banco Security,False,1.787947233851806,1.7890025731941064,1.9400045749235235,1.2264990009294598,1.4649935557101723,1.0257455372991664,96924.776001,Banco Security,antiguo
2019-05-01,Banco de Chile,False,1.1291971506634364,1.1555057653337097,1.0432404921455114,1.2945909366785013,1.6778258845252834,1.0902786826829785,334260.432328,Banco de Chile,antiguo
2019-05-01,Banco de Crédito e Inversiones,False,1.9479347230284005,1.953929569053946,2.324208181380585,1.4634886646947107,2.1228434132922516,1.130839032418796,415141.221075,Banco de Crédito e Inversiones,antiguo
2019-05-01,Banco del Estado de Chile,False,3.735027763073677,3.7361137324697897,2.0802540368163145,5.313786408894619,2.1818712010088377,6.022077175345706,881295.288577,Banco del Estado de Chile,antiguo
2019-05-01,Banco do Brasil S.A.,False,1.3126349695596793,1.645852347309966,1.645852347309966,,,,518.71735,Banco do Brasil S.A.,antiguo
2019-05-01,"Bank of China, Agencia en Chile",False,0.0,0.0,0.0,,,,0.0,"Bank of China, Agencia en Chile",antiguo
2019-05-01,"China Construction Bank, Agencia en Chile",False,0.0,0.0,0.0,,,,0.0,"China Construction Bank, Agencia en Chile",antiguo
2019-05-01,HSBC Bank (Chile),False,0.0,0.0,0.0,0.0,0.0,,0.0,HSBC Bank (Chile),antiguo
2019-05-01,"JP Morgan Chase Bank, N.A.",False,,,,,,,0.0,"JP Morgan Chase Bank, N.A.",antiguo
2019-05-01,Scotiabank Chile,False,1.532106488145161,1.5330470778481788,1.1539767124976588,1.9859815633668616,1.8982970181547905,2.0090083021477168,360733.923363,Scotiabank Chile,antiguo
2019-05-01,Sistema Bancario,True,1.9615429692642934,1.973447156880139,1.7730426864879627,2.2378787177357413,1.914544204170313,2.3742523948936323,3235721.3218790004,Sistema Bancario,antiguo
2019-06-01,Banco BTG Pactual Chile,False,0.0,0.0,0.0,,,,0.0,Banco BTG Pactual Chile,antiguo
2019-06-01,Banco Bice,False,0.39817740833240217,0.39844679748449474,0.41696458362491157,0.3298613537260033,0.39222147662182993,0.32077355410999603,22329.055341,Banco Bice,antiguo
2019-06-01,Banco Consorcio,False,0.5880378776739825,0.5880378776739825,0.5945689009557721,0.5407662203734408,1.0371924692652856,0.37220192627648013,17419.07966,Banco Consorcio,antiguo
2019-06-01,Banco Falabella,False,3.307917712468283,3.307917712468283,4.572470432728477,3.2379456491178287,3.15830100857862,3.4333565680775995,56746.732755,Banco Falabella,antiguo
2019-06-01,Banco Internacional,False,2.960663983232506,2.960663983232506,2.9051170589948176,5.3265000575633845,0.44773476774930887,6.681733785931995,52460.052473,Banco Internacional,antiguo
2019-06-01,Banco Itaú Chile,False,1.9237381006567984,1.9355001782146848,2.0654381830821156,1.6886727209162617,1.7189641457569147,1.674484909040963,324752.438706,Itaú Corpbanca,antiguo
2019-06-01,Banco Ripley,False,4.423614060606035,4.423614060606035,9.243315958906662,4.384003430166876,4.447494498602662,4.0312930240346585,8284.832711,Banco Ripley,antiguo
2019-06-01,Banco Santander-Chile,False,1.858610848808592,1.8591264641007572,2.4225885268838456,1.3032053532480092,1.6256085908776818,1.1522798509578693,577899.781661,Banco Santander-Chile,antiguo
2019-06-01,Banco Security,False,1.6825867110427688,1.6838208202038,1.8344495191187797,1.1219032579986337,1.2564866699277861,1.0116296286259727,92468.849468,Banco Security,antiguo
2019-06-01,Banco de Chile,False,1.098548011458482,1.1187589607605903,1.0187063408268022,1.2416114397551052,1.6307788597649115,1.0385407335209245,323887.12741,Banco de Chile,antiguo
2019-06-01,Banco de Crédito e Inversiones,False,2.0109301640605306,2.017430877585953,2.4302562332477318,1.4710909750039391,2.1432169617764623,1.1357685139954925,431328.93123,Banco de Crédito e Inversiones,antiguo
2019-06-01,Banco del Estado de Chile,False,3.6209248429802825,3.6234594520124883,2.0222178848872208,5.172444017157414,2.212438863380299,5.828522308560647,867112.875436,Banco del Estado de Chile,antiguo
2019-06-01,Banco do Brasil S.A.,False,1.281166034880658,1.601653447124492,1.601653447124492,,,,518.71735,Banco do Brasil S.A.,antiguo
2019-06-01,"Bank of China, Agencia en Chile",False,0.0,0.0,0.0,,,,0.0,"Bank of China, Agencia en Chile",antiguo
2019-06-01,"China Construction Bank, Agencia en Chile",False,0.0,0.0,0.0,,,,0.0,"China Construction Bank, Agencia en Chile",antiguo
2019-06-01,HSBC Bank (Chile),False,0.0,0.0,0.0,0.0,0.0,,0.0,HSBC Bank (Chile),antiguo
2019-06-01,"JP Morgan Chase Bank, N.A.",False,,,,,,,0.0,"JP Morgan Chase Bank, N.A.",antiguo
2019-06-01,Scotiabank Chile,False,1.5379080347505452,1.5419850354831595,1.1882175271912918,1.9544195771474988,2.003704562763359,1.941662542388052,360376.15795,Scotiabank Chile,antiguo
2019-06-01,Sistema Bancario,True,1.898293385376668,1.9082165573008996,1.7337302567536996,2.1367119457978188,1.8980504877141455,2.2357499782158623,3135584.632151,Sistema Bancario,antiguo
2019-07-01,Banco BTG Pactual Chile,False,0.0,0.0,0.0,,,,0.0,Banco BTG Pactual Chile,antiguo
2019-07-01,Banco Bice,False,0.4045041440885964,0.40477593441292775,0.4239022124523784,0.3333203392876417,0.35133396808732076,0.33071004900875084,22980.074091,Banco Bice,antiguo
2019-07-01,Banco Consorcio,False,1.088860613617671,1.088860613617671,1.1633868074640457,0.5723135940199301,1.0637571257332084,0.41390559711100866,32978.699513,Banco Consorcio,antiguo
2019-07-01,Banco Falabella,False,3.202542436169066,3.202542436169066,4.537207175969044,3.129634320872938,3.097918832938509,3.207162536960068,55058.514255,Banco Falabella,antiguo
2019-07-01,Banco Internacional,False,2.8286268220533666,2.8286268220533666,2.771676110089934,5.377057078474246,0.5791452771611902,6.728960308032371,53106.085314,Banco Internacional,antiguo
2019-07-01,Banco Itaú Chile,False,1.918867786381962,1.941841959243319,2.065824493142165,1.7013789826527772,1.8727886120407127,1.6212534990277954,332925.548634,Itaú Corpbanca,antiguo
2019-07-01,Banco Ripley,False,4.475315835198375,4.475315835198375,8.944186698330446,4.439116475376262,4.551640095439569,3.811710945279396,8285.311219,Banco Ripley,antiguo
2019-07-01,Banco Santander-Chile,False,2.0172210071016017,2.0172428651535146,2.5136534484295687,1.5279998542817812,1.6360094135899572,1.4775979437593108,631141.553116,Banco Santander-Chile,antiguo
2019-07-01,Banco Security,False,1.7923238276696858,1.7945638404699962,1.9682419371577367,1.154473254805999,1.2091116358384768,1.1106804568395912,99921.571177,Banco Security,antiguo
2019-07-01,Banco de Chile,False,1.102460998241977,1.125717307641009,1.0419905119513313,1.2261675396856673,1.6674261765544114,0.9981135947623213,323975.413429,Banco de Chile,antiguo
2019-07-01,Banco de Crédito e Inversiones,False,2.06354429894738,2.0696152158767305,2.525388382948312,1.4801346215518218,2.120902025201541,1.1674493635908032,447234.968527,Banco de Crédito e Inversiones,antiguo
2019-07-01,Banco del Estado de Chile,False,3.595580099755159,3.5971261273365376,2.1153033976448854,5.0216065574022295,2.185880235192985,5.656633507966546,860098.679751,Banco del Estado de Chile,antiguo
2019-07-01,Banco do Brasil S.A.,False,1.9919091559565696,2.1709952995066786,2.1709952995066786,,,,833.129791,Banco do Brasil S.A.,antiguo
2019-07-01,"Bank of China, Agencia en Chile",False,0.0,0.0,0.0,,,,0.0,"Bank of China, Agencia en Chile",antiguo
2019-07-01,"China Construction Bank, Agencia en Chile",False,0.0,0.0,0.0,,,,0.0,"China Construction Bank, Agencia en Chile",antiguo
2019-07-01,HSBC Bank (Chile),False,0.0,0.0,0.0,0.0,0.0,,0.0,HSBC Bank (Chile),antiguo
2019-07-01,"JP Morgan Chase Bank, N.A.",False,,,,,,,0.0,"JP Morgan Chase Bank, N.A.",antiguo
2019-07-01,Scotiabank Chile,False,1.530970437196139,1.5310605422761723,1.1394697289400986,1.9910810500876883,2.124714591369083,1.9566148698750012,361852.940526,Scotiabank Chile,antiguo
2019-07-01,Sistema Bancario,True,1.9405174422665428,1.9514594346615315,1.7925166088446063,2.159074064088984,1.9247283881515218,2.2558177225421963,3230392.4893430006,Sistema Bancario,antiguo
2019-08-01,Banco BTG Pactual Chile,False,0.0,0.0,0.0,,,,0.0,Banco BTG Pactual Chile,antiguo
2019-08-01,Banco Bice,False,0.08615605086815112,0.08615605086815112,0.0996317884900012,0.035169747155625465,0.19226892405015197,0.012710359774162114,4996.487811,Banco Bice,antiguo
2019-08-01,Banco Consorcio,False,1.0774738370275714,1.0774738370275714,1.1635068877783716,0.5244194638843749,0.9469160205284451,0.39639998244449653,32837.330473,Banco Consorcio,antiguo
2019-08-01,Banco Falabella,False,3.078274567612252,3.078274567612252,4.496548926886448,3.002149582628002,2.9255304489947505,3.1898998613976035,53308.541428,Banco Falabella,antiguo
2019-08-01,Banco Internacional,False,2.756453348522096,2.756453348522096,2.717400867175226,4.492249914757234,0.38265730767553885,5.7466189052358745,52973.328006,Banco Internacional,antiguo
2019-08-01,Banco Itaú Chile,False,1.8632986886520826,1.8956494515669509,2.0147945406957875,1.6671565229006795,1.8243454570635544,1.5935131834460246,326054.231143,Itaú Corpbanca,antiguo
2019-08-01,Banco Ripley,False,4.391921495285334,4.391921495285334,8.769764371642546,4.356959678054226,4.470238177432379,3.722951837959912,8027.776933,Banco Ripley,antiguo
2019-08-01,Banco Santander-Chile,False,1.9731932219455615,1.9732375519664291,2.475442016067603,1.4767383062628079,1.5455511770202208,1.4446515167781608,623345.342498,Banco Santander-Chile,antiguo
2019-08-01,Banco Security,False,1.5395448536201874,1.5415085490165479,1.634873120732043,1.1909461817211193,1.223387369320804,1.164869241572028,87983.719532,Banco Security,antiguo
2019-08-01,Banco de Chile,False,1.0684514342887605,1.0914609304662377,1.0046055133213778,1.1957091209637136,1.5991471111677837,0.9882214888659807,318348.837256,Banco de Chile,antiguo
2019-08-01,Banco de Crédito e Inversiones,False,1.9463724727770315,1.9515147513408655,2.398322726837201,1.3674872358453378,1.8881675112552343,1.1139891627997285,427582.375798,Banco de Crédito e Inversiones,antiguo
2019-08-01,Banco del Estado de Chile,False,3.560753985030876,3.565349958212672,2.096646869680293,4.99274510684302,2.0979973349421255,5.646701735376646,861038.863561,Banco del Estado de Chile,antiguo
2019-08-01,Banco do Brasil S.A.,False,2.3728089257639917,2.628929566404842,2.628929566404842,,,,974.341977,Banco do Brasil S.A.,antiguo
2019-08-01,"Bank of China, Agencia en Chile",False,,,,,,,0.0,"Bank of China, Agencia en Chile",antiguo
2019-08-01,"China Construction Bank, Agencia en Chile",False,0.0,0.0,0.0,,,,0.0,"China Construction Bank, Agencia en Chile",antiguo
2019-08-01,HSBC Bank (Chile),False,0.0,0.0,0.0,0.0,0.0,,0.0,HSBC Bank (Chile),antiguo
2019-08-01,"JP Morgan Chase Bank, N.A.",False,,,,,,,0.0,"JP Morgan Chase Bank, N.A.",antiguo
2019-08-01,Scotiabank Chile,False,1.5088549446879012,1.5089155546299167,1.0978678208614236,2.005241791428002,2.162420006249413,1.9647877560309834,365024.416329,Scotiabank Chile,antiguo
2019-08-01,Sistema Bancario,True,1.8733860138020058,1.8855409252228208,1.7147139486590925,2.1102928220095785,1.8327303672761746,2.2248280555501787,3162495.592745,Sistema Bancario,antiguo
2019-09-01,Banco BTG Pactual Chile,False,0.0,0.0,0.0,,,,0.0,Banco BTG Pactual Chile,antiguo
2019-09-01,Banco Bice,False,0.3114261123737697,0.3114261123737697,0.3102857266468175,0.31587860457407624,0.46608742262026875,0.2944683094700498,18714.275434,Banco Bice,antiguo
2019-09-01,Banco Consorcio,False,0.9432468267943818,0.9521821817095926,1.0249206831648903,0.492228861269372,0.9416530345407996,0.36330893049587876,30154.68876,Banco Consorcio,antiguo
2019-09-01,Banco Falabella,False,3.140781727032776,3.140781727032776,4.478421937383725,3.0696707784011332,2.9732453847426066,3.304130816228062,54433.394573,Banco Falabella,antiguo
2019-09-01,Banco Internacional,False,3.3584580693891306,3.3584580693891306,3.335767635753025,4.351927293942905,1.2235167242890466,5.32568628454521,66579.311727,Banco Internacional,antiguo
2019-09-01,Banco Itaú Chile,False,1.8470798419188126,1.8588428134789847,1.9205477570484617,1.7405053895462268,2.026382683921457,1.607095665251513,321409.51956,Itaú Corpbanca,antiguo
2019-09-01,Banco Ripley,False,4.646646275420673,4.646646275420673,8.949715924702874,4.612529573277648,4.706955040247555,4.089394725793816,8358.768214,Banco Ripley,antiguo
2019-09-01,Banco Santander-Chile,False,1.9797951058338112,1.9800519298003343,2.4328344961158153,1.5279785319547023,1.6089050158780624,1.4903927551146197,631621.432354,Banco Santander-Chile,antiguo
2019-09-01,Banco Security,False,1.5220081898572453,1.5228251745372252,1.601979233619519,1.2253978615249543,1.3323874016710362,1.141252537272253,88624.748504,Banco Security,antiguo
2019-09-01,Banco de Chile,False,1.1487053637961802,1.1694774237812517,1.107533432892731,1.244606980793427,1.7695306696384694,0.9785520155025133,346305.714823,Banco de Chile,antiguo
2019-09-01,Banco de Crédito e Inversiones,False,2.0001488442379047,2.006218363222911,2.469406185723586,1.4001506712957794,1.9755084232654572,1.1210959690682838,442335.81125,Banco de Crédito e Inversiones,antiguo
2019-09-01,Banco del Estado de Chile,False,3.5946296789136865,3.599546997027709,2.1184507255336484,5.039856553488099,2.4264449429691624,5.628461760809396,873346.640046,Banco del Estado de Chile,antiguo
2019-09-01,Banco do Brasil S.A.,False,2.1131190340962376,2.922694816770641,2.922694816770641,,,,974.341977,Banco do Brasil S.A.,antiguo
2019-09-01,"Bank of China, Agencia en Chile",False,,,,,,,0.0,"Bank of China, Agencia en Chile",antiguo
2019-09-01,"China Construction Bank, Agencia en Chile",False,0.0,0.0,0.0,,,,0.0,"China Construction Bank, Agencia en Chile",antiguo
2019-09-01,HSBC Bank (Chile),False,0.0,0.0,0.0,0.0,0.0,,0.0,HSBC Bank (Chile),antiguo
2019-09-01,"JP Morgan Chase Bank, N.A.",False,,,,,,,0.0,"JP Morgan Chase Bank, N.A.",antiguo
2019-09-01,Scotiabank Chile,False,1.518148242019435,1.5185001177036215,1.0980951331704734,2.020968520584435,2.221077960014252,1.9700187000426899,366597.662479,Scotiabank Chile,antiguo
2019-09-01,Sistema Bancario,True,1.9083695931095495,1.9179078229201383,1.738096222462272,2.156175932724659,1.9647443336188557,2.2346019774910313,3249456.309701,Sistema Bancario,antiguo
2019-10-01,Banco BTG Pactual Chile,False,0.0,0.0,0.0,,,,0.0,Banco BTG Pactual Chile,antiguo
2019-10-01,Banco Bice,False,0.33726050726034973,0.33726050726034973,0.3483664097628033,0.2941948291331759,0.3985859583464365,0.2790901305433878,20344.072911,Banco Bice,antiguo
2019-10-01,Banco Consorcio,False,0.93697162684016,0.93697162684016,1.007078971518959,0.5083573148992626,1.1334989379450564,0.33725537895785956,30190.138751,Banco Consorcio,antiguo
2019-10-01,Banco Falabella,False,3.304263967061405,3.304263967061405,4.482933502310918,3.2421506201050985,3.1360062915780653,3.4994586069887355,57239.723429,Banco Falabella,antiguo
2019-10-01,Banco Internacional,False,3.4452137443383006,3.4452137443383006,3.427879288691496,4.166984524213507,1.1103830676826478,5.14813580946355,66986.736592,Banco Internacional,antiguo
2019-10-01,Banco Itaú Chile,False,1.9823733587805838,1.995051930918174,2.089827975579946,1.813459096103462,2.111911479780899,1.6733522014570754,346510.14671,Itaú Corpbanca,antiguo
2019-10-01,Banco Ripley,False,5.1206906196845665,5.1206906196845665,11.202890002986814,5.073236756276694,5.207470576167893,4.329185086158264,9074.679273,Banco Ripley,antiguo
2019-10-01,Banco Santander-Chile,False,2.0550647605907377,2.0554030323912795,2.4451068268105622,1.66053423952577,1.6788809286380484,1.6520540785068916,662141.440109,Banco Santander-Chile,antiguo
2019-10-01,Banco Security,False,1.5557572317758899,1.556106634197718,1.5760870507977671,1.4822593797257735,1.8648073085101233,1.1900100495781794,91661.407801,Banco Security,antiguo
2019-10-01,Banco de Chile,False,1.2207486419277989,1.257572888359111,1.1852486594014426,1.3447745963998134,1.9523402524048419,1.0405030818202612,373211.49077,Banco de Chile,antiguo
2019-10-01,Banco de Crédito e Inversiones,False,1.8121667299753477,1.8189826484947658,2.072656801230434,1.4816343376868182,2.082858348710195,1.189844521900996,405476.452017,Banco de Crédito e Inversiones,antiguo
2019-10-01,Banco del Estado de Chile,False,3.7166748950832336,3.7177472930496593,2.2175096376277152,5.186546235371425,2.658812025477477,5.758825150071675,905664.615031,Banco del Estado de Chile,antiguo
2019-10-01,Banco do Brasil S.A.,False,1.9037769311741022,2.749455953022193,2.749455953022193,,,,974.341977,Banco do Brasil S.A.,antiguo
2019-10-01,"Bank of China, Agencia en Chile",False,,,,,,,0.0,"Bank of China, Agencia en Chile",antiguo
2019-10-01,"China Construction Bank, Agencia en Chile",False,0.0,0.0,0.0,,,,0.0,"China Construction Bank, Agencia en Chile",antiguo
2019-10-01,HSBC Bank (Chile),False,0.0,0.0,0.0,0.0,0.0,,0.0,HSBC Bank (Chile),antiguo
2019-10-01,"JP Morgan Chase Bank, N.A.",False,,,,,,,0.0,"JP Morgan Chase Bank, N.A.",antiguo
2019-10-01,Scotiabank Chile,False,1.6049936946371919,1.6051224847174639,1.195074503690361,2.093689755838345,2.3107422908569295,2.038982190853582,388986.715134,Scotiabank Chile,antiguo
2019-10-01,Sistema Bancario,True,1.9574902438657888,1.9709635524807683,1.7517670977639466,2.2623067596890296,2.1040450708704093,2.326869451833308,3358461.960505,Sistema Bancario,antiguo
2019-11-01,Banco BTG Pactual Chile,False,0.0,0.0,0.0,,,,0.0,Banco BTG Pactual Chile,antiguo
2019-11-01,Banco Bice,False,0.3509269443470388,0.3509269443470388,0.3610202781650543,0.31106949923627314,0.3941537122221828,0.29867185934874607,21817.986721,Banco Bice,antiguo
2019-11-01,Banco Consorcio,False,0.9359258167035915,0.9359258167035915,1.0092074639282909,0.5002731223517581,1.1934247940465654,0.3271080006360954,31814.979937,Banco Consorcio,antiguo
2019-11-01,Banco Falabella,False,3.3540482146431785,3.3540482146431785,4.070548983066251,3.316263467314738,3.142512533100557,3.7301434952720496,58187.757809,Banco Falabella,antiguo
2019-11-01,Banco Internacional,False,2.097211929586709,2.097211929586709,2.047428457830612,4.190154558905459,1.2272936604071276,5.2268355093049355,42368.634545,Banco Internacional,antiguo
2019-11-01,Banco Itaú Chile,False,2.008387761721759,2.0220662273020733,2.105194047995577,1.8591699697787714,2.1739254482211963,1.712851833658835,360796.454648,Itaú Corpbanca,antiguo
2019-11-01,Banco Ripley,False,5.83349424871169,5.83349424871169,12.139729255237249,5.784571626004131,5.874511241702827,5.29823674108552,10055.448549,Banco Ripley,antiguo
2019-11-01,Banco Santander-Chile,False,1.8649849645368335,1.8653453283628936,2.346601799759086,1.3736389521334809,1.629263736116778,1.2569950558433205,609433.37068,Banco Santander-Chile,antiguo
2019-11-01,Banco Security,False,1.5113260992613555,1.511543768036178,1.5591415713713306,1.33235892229152,1.5831639361390302,1.1453646541764486,91445.463498,Banco Security,antiguo
2019-11-01,Banco de Chile,False,1.2786103455418474,1.2979826442715237,1.176063305932934,1.4477761848464508,2.150294241153297,1.1033452048138783,393217.804321,Banco de Chile,antiguo
2019-11-01,Banco de Crédito e Inversiones,False,1.7658413361371348,1.772928580586215,1.9485090731102557,1.5296651829309975,2.1246099426406158,1.2433090396781854,407614.303871,Banco de Crédito e Inversiones,antiguo
2019-11-01,Banco del Estado de Chile,False,3.8254592281075084,3.825692712643648,2.268553712365029,5.398257184750629,2.958333446053025,5.9444700864454845,949457.012982,Banco del Estado de Chile,antiguo
2019-11-01,Banco do Brasil S.A.,False,0.0,0.0,0.0,,,,0.0,Banco do Brasil S.A.,antiguo
2019-11-01,"Bank of China, Agencia en Chile",False,,,,,,,0.0,"Bank of China, Agencia en Chile",antiguo
2019-11-01,"China Construction Bank, Agencia en Chile",False,0.0,0.0,0.0,,,,0.0,"China Construction Bank, Agencia en Chile",antiguo
2019-11-01,HSBC Bank (Chile),False,0.0,0.0,0.0,0.0,0.0,,0.0,HSBC Bank (Chile),antiguo
2019-11-01,"JP Morgan Chase Bank, N.A.",False,,,,,,,0.0,"JP Morgan Chase Bank, N.A.",antiguo
2019-11-01,Scotiabank Chile,False,1.6998251447927633,1.6999110397847053,1.3244940077114629,2.1651355619950454,2.3404157171584603,2.122064098688509,423941.429542,Scotiabank Chile,antiguo
2019-11-01,Sistema Bancario,True,1.939404630503001,1.9485492878704909,1.7122145394159523,2.2711142218899196,2.176729597836059,2.309055134278258,3400150.6471030004,Sistema Bancario,antiguo
2019-12-01,Banco BTG Pactual Chile,False,0.0,0.0,0.0,,,,0.0,Banco BTG Pactual Chile,antiguo
2019-12-01,Banco Bice,False,0.33952081309051335,0.33952081309051335,0.34741939943297906,0.3090439187870924,0.3535099575523912,0.30238045243733064,20967.495866,Banco Bice,antiguo
2019-12-01,Banco Consorcio,False,1.9057866276630526,1.9057866276630526,2.1492446648120187,0.5506346116523007,1.38631536124748,0.3609378517637715,66189.384352,Banco Consorcio,antiguo
2019-12-01,Banco Falabella,False,3.6447182171156847,3.6447182171156847,4.603114488816866,3.5946516467258056,3.402800243396018,4.04785633178868,63316.806588,Banco Falabella,antiguo
2019-12-01,Banco Internacional,False,2.1253180746720535,2.1253180746720535,2.0704861539828414,4.353237145468431,1.8243684854489837,5.22593952824946,42805.1158,Banco Internacional,antiguo
2019-12-01,Banco Itaú Chile,False,2.5230078462744476,2.539126743847016,2.895917499713244,1.8664901407899737,2.2216704777787264,1.704233911063421,449437.949572,Itaú Corpbanca,antiguo
2019-12-01,Banco Ripley,False,5.82317939263075,5.82317939263075,12.85338382598186,5.768106080367782,5.888948243296778,5.1334253167113335,9732.704371,Banco Ripley,antiguo
2019-12-01,Banco Santander-Chile,False,2.039720341232888,2.040654504219863,2.47669980136158,1.6122787788738089,1.6461951020759424,1.5969339080020395,661779.398008,Banco Santander-Chile,antiguo
2019-12-01,Banco Security,False,1.5436293471955271,1.5437739650390254,1.5800197068459545,1.4092073916179484,1.6191166598432276,1.2560573372921002,93814.170426,Banco Security,antiguo
2019-12-01,Banco de Chile,False,1.3680748860211196,1.3912645254063982,1.2643406644159918,1.542444151863929,2.391889218289063,1.124111571316515,418709.612336,Banco de Chile,antiguo
2019-12-01,Banco de Crédito e Inversiones,False,1.6962569622604606,1.7055191254462452,1.893841459594513,1.4500448272794701,1.9923212410006517,1.191339586968943,393328.904914,Banco de Crédito e Inversiones,antiguo
2019-12-01,Banco del Estado de Chile,False,3.866748474216175,3.8672972109868,2.317450435988489,5.421613872241142,3.152864077476323,5.921678482161175,962251.157776,Banco del Estado de Chile,antiguo
2019-12-01,Banco do Brasil S.A.,False,0.0,0.0,0.0,,,,0.0,Banco do Brasil S.A.,antiguo
2019-12-01,"Bank of China, Agencia en Chile",False,,,,,,,0.0,"Bank of China, Agencia en Chile",antiguo
2019-12-01,"China Construction Bank, Agencia en Chile",False,0.0,0.0,0.0,,,,0.0,"China Construction Bank, Agencia en Chile",antiguo
2019-12-01,HSBC Bank (Chile),False,0.0,0.0,0.0,0.0,0.0,,0.0,HSBC Bank (Chile),antiguo
2019-12-01,"JP Morgan Chase Bank, N.A.",False,,,,,,,0.0,"JP Morgan Chase Bank, N.A.",antiguo
2019-12-01,Scotiabank Chile,False,1.7374666814508146,1.7376245731818385,1.3339848021623368,2.2342017328658192,2.3804373887208956,2.1988261114376213,435463.662045,Scotiabank Chile,antiguo
2019-12-01,Sistema Bancario,True,2.0667703701173727,2.07650849781306,1.8727496826350145,2.3484289712889286,2.2549439332690033,2.3856796343928632,3617796.362054,Sistema Bancario,antiguo
2020-01-01,Banco BTG Pactual Chile,False,0.0,0.0,0.0,,,,0.0,Banco BTG Pactual Chile,antiguo
2020-01-01,Banco Bice,False,0.3912115300223583,0.3912115300223583,0.410933509269686,0.317445909440244,0.35214928670469214,0.312201225520819,23989.723996,Banco Bice,antiguo
2020-01-01,Banco Consorcio,False,1.950709672400127,1.950709672400127,2.2175076918617465,0.552228829931687,1.4640631679587794,0.36576951254618073,69860.715823,Banco Consorcio,antiguo
2020-01-01,Banco Falabella,False,3.6611720806690466,3.6611720806690466,4.899696939632793,3.5967336422503595,3.446624693896068,3.9449721255111583,63495.396464,Banco Falabella,antiguo
2020-01-01,Banco Internacional,False,2.057766819132676,2.057766819132676,2.0002967325490792,4.3863736756675955,2.171340062596598,5.152571029826909,42032.978213,Banco Internacional,antiguo
2020-01-01,Banco Itaú Chile,False,2.608782548904486,2.6355006943757155,3.0527617866481704,1.86750161690573,2.2855056166892536,1.6814325806767436,463802.447966,Itaú Corpbanca,antiguo
2020-01-01,Banco Ripley,False,5.944226583401556,5.944226583401556,13.63441593525891,5.884286360867395,6.055483800547142,5.003425748433767,9637.318249,Banco Ripley,antiguo
2020-01-01,Banco Santander-Chile,False,1.9413194119622064,1.9423884370945972,2.3561948661243743,1.523898316024611,1.5543540792859523,1.5103867674456852,643815.850128,Banco Santander-Chile,antiguo
2020-01-01,Banco Security,False,1.614047414039359,1.614131343944273,1.6366948609890937,1.5288597235355394,1.9281490217376387,1.2369328604355605,99446.793184,Banco Security,antiguo
2020-01-01,Banco de Chile,False,1.367865079403659,1.401085468566535,1.2944966437985939,1.527033289756725,2.317270049741044,1.1414496912643386,418650.333551,Banco de Chile,antiguo
2020-01-01,Banco de Crédito e Inversiones,False,1.753605744640545,1.7645463680274298,1.9834503801934171,1.4635059694484163,2.0007192255487127,1.2086540738526699,413570.444922,Banco de Crédito e Inversiones,antiguo
2020-01-01,Banco del Estado de Chile,False,3.8336082309063393,3.8440176917997677,2.381953376179804,5.307177753743368,2.619244362261365,5.893203500062665,957483.105947,Banco del Estado de Chile,antiguo
2020-01-01,Banco do Brasil S.A.,False,0.0,0.0,0.0,,,,0.0,Banco do Brasil S.A.,antiguo
2020-01-01,"Bank of China, Agencia en Chile",False,,,,,,,0.0,"Bank of China, Agencia en Chile",antiguo
2020-01-01,"China Construction Bank, Agencia en Chile",False,0.0,0.0,0.0,,,,0.0,"China Construction Bank, Agencia en Chile",antiguo
2020-01-01,HSBC Bank (Chile),False,0.0,0.0,0.0,0.0,0.0,,0.0,HSBC Bank (Chile),antiguo
2020-01-01,"JP Morgan Chase Bank, N.A.",False,,,,,,,0.0,"JP Morgan Chase Bank, N.A.",antiguo
2020-01-01,Scotiabank Chile,False,1.6808240497128848,1.6809913480797947,1.2299189295597412,2.2376261677156952,2.360248568206649,2.208580804472904,426106.620739,Scotiabank Chile,antiguo
2020-01-01,Sistema Bancario,True,2.055110469246096,2.0690137323333855,1.8897819841801369,2.308992408872305,2.175937925393249,2.361207081193456,3631891.729182,Sistema Bancario,antiguo
2020-02-01,Banco BTG Pactual Chile,False,0.0,0.0,0.0,,,,0.0,Banco BTG Pactual Chile,antiguo
2020-02-01,Banco Bice,False,0.3677504988814377,0.3677504988814377,0.3771244405734364,0.3325627879510122,0.37238117834681395,0.32676875409435197,22910.293374,Banco Bice,antiguo
2020-02-01,Banco Consorcio,False,2.082735359054072,2.082735359054072,2.3702130516744058,0.6415526357922167,1.6907591635601953,0.4392465267370362,75272.418884,Banco Consorcio,antiguo
2020-02-01,Banco Falabella,False,3.684416985089136,3.684416985089136,5.701591860913124,3.5802319269617757,3.506704942446904,3.748051636309688,63766.389309,Banco Falabella,antiguo
2020-02-01,Banco Internacional,False,2.1585681299479904,2.1585681299479904,2.0867458816514217,5.007020797742268,2.559345792638688,5.8335674627082925,44787.427795,Banco Internacional,antiguo
2020-02-01,Banco Itaú Chile,False,2.629180934626514,2.6474556245553984,3.0606485104550876,1.8900404633366852,2.349384134188993,1.6897855011575116,470172.75625,Itaú Corpbanca,antiguo
2020-02-01,Banco Ripley,False,6.020722637499266,6.020722637499266,14.47451093912264,5.954704348718299,6.123334833423319,5.103076055445195,9501.498735,Banco Ripley,antiguo
2020-02-01,Banco Santander-Chile,False,1.7941901954075006,1.7950326977228659,2.2719958675385477,1.3107082458986734,1.5913681729707256,1.1875097328488924,601998.397616,Banco Santander-Chile,antiguo
2020-02-01,Banco Security,False,1.5648736478798175,1.5648925212614178,1.6008483292124596,1.4277783821247694,1.6843541408694442,1.2397311904876753,96009.532791,Banco Security,antiguo
2020-02-01,Banco de Chile,False,1.3901674752806172,1.4205091166349413,1.3308239529023815,1.5273360624351373,2.2331068325091996,1.1847187857563029,425887.617257,Banco de Chile,antiguo
2020-02-01,Banco de Crédito e Inversiones,False,1.7792480357987732,1.7918359782348494,1.9961135000605965,1.5113474911445501,2.192786078166602,1.1901645373263399,423969.844389,Banco de Crédito e Inversiones,antiguo
2020-02-01,Banco del Estado de Chile,False,3.8500209770185077,3.8690251416464703,2.442454228382238,5.292536868023721,2.269171178702,5.948704623709838,966001.184044,Banco del Estado de Chile,antiguo
2020-02-01,Banco do Brasil S.A.,False,0.0,0.0,0.0,,,,0.0,Banco do Brasil S.A.,antiguo
2020-02-01,"Bank of China, Agencia en Chile",False,,,,,,,0.0,"Bank of China, Agencia en Chile",antiguo
2020-02-01,"China Construction Bank, Agencia en Chile",False,0.0,0.0,0.0,,,,0.0,"China Construction Bank, Agencia en Chile",antiguo
2020-02-01,HSBC Bank (Chile),False,0.0,0.0,0.0,0.0,0.0,,0.0,HSBC Bank (Chile),antiguo
2020-02-01,"JP Morgan Chase Bank, N.A.",False,,,,,,,0.0,"JP Morgan Chase Bank, N.A.",antiguo
2020-02-01,Scotiabank Chile,False,1.685629421240982,1.6857663239527816,1.2468925733733938,2.2288990304155973,2.408867322615345,2.187522234692044,432472.466154,Scotiabank Chile,antiguo
2020-02-01,Sistema Bancario,True,2.0398115622577437,2.053374462728474,1.896674380705817,2.2635500114903726,2.166948658889065,2.300992929959786,3632749.826598,Sistema Bancario,antiguo
2020-03-01,Banco BTG Pactual Chile,False,0.0,0.0,0.0,,,,0.0,Banco BTG Pactual Chile,antiguo
2020-03-01,Banco Bice,False,0.34898763717284054,0.34898763717284054,0.3532686105731014,0.3320171483010686,0.377541467028542,0.3255056306249987,23039.791506,Banco Bice,antiguo
2020-03-01,Banco Consorcio,False,2.0798415578585883,2.0798415578585883,2.355554481423048,0.6688317996791754,1.826609936542047,0.45499719581701453,78687.19375,Banco Consorcio,antiguo
2020-03-01,Banco Falabella,False,3.807384553602421,3.807384553602421,5.814222830293132,3.702886539074482,3.605408673440437,3.9198632988719515,65258.423363,Banco Falabella,antiguo
2020-03-01,Banco Internacional,False,1.9968567538433828,1.9968567538433828,1.9077163679735019,5.681887343306751,1.9605467816412727,6.893380888429955,42897.890132,Banco Internacional,antiguo
2020-03-01,Banco Itaú Chile,False,2.5956162439001296,2.6139407515491193,2.994528028699607,1.891822379745919,2.4671572526158716,1.647341661185096,477238.895452,Itaú Corpbanca,antiguo
2020-03-01,Banco Ripley,False,6.3399070492060074,6.3399070492060074,14.854277448971635,6.272634312985527,6.35948783668512,5.847203499037053,9712.374233,Banco Ripley,antiguo
2020-03-01,Banco Santander-Chile,False,1.954834123194477,1.9555754933470775,2.2877445181069906,1.6075748240949606,1.6200067185432228,1.6022361275188608,667651.498739,Banco Santander-Chile,antiguo
2020-03-01,Banco Security,False,1.5518787475572464,1.5519396286591072,1.5715021982137674,1.4744537600706753,1.7956587174597398,1.2415775526125692,96537.084544,Banco Security,antiguo
2020-03-01,Banco de Chile,False,1.3727276049518282,1.3968985904357523,1.2778669457548364,1.547087362158584,2.2060011655150595,1.229292060029727,431274.094119,Banco de Chile,antiguo
2020-03-01,Banco de Crédito e Inversiones,False,1.6951688023813225,1.7099013598127373,1.857346240669277,1.4972353624887347,2.1963687942953016,1.1721207629074903,417881.415751,Banco de Crédito e Inversiones,antiguo
2020-03-01,Banco del Estado de Chile,False,3.7792982942521958,3.7944047722078227,2.3218350261374514,5.3499482497252835,2.233038493388697,6.016294923866788,976124.941992,Banco del Estado de Chile,antiguo
2020-03-01,Banco do Brasil S.A.,False,0.0,0.0,0.0,,,,0.0,Banco do Brasil S.A.,antiguo
2020-03-01,"Bank of China, Agencia en Chile",False,,,,,,,0.0,"Bank of China, Agencia en Chile",antiguo
2020-03-01,"China Construction Bank, Agencia en Chile",False,0.0,0.0,0.0,,,,0.0,"China Construction Bank, Agencia en Chile",antiguo
2020-03-01,HSBC Bank (Chile),False,0.0,0.0,0.0,0.0,0.0,,0.0,HSBC Bank (Chile),antiguo
2020-03-01,"JP Morgan Chase Bank, N.A.",False,,,,,,,0.0,"JP Morgan Chase Bank, N.A.",antiguo
2020-03-01,Scotiabank Chile,False,1.6598801058968506,1.659995905655998,1.216525436454718,2.217844633668016,2.44225112278429,2.16671974144193,434453.659167,Scotiabank Chile,antiguo
2020-03-01,Sistema Bancario,True,2.035188985710064,2.0477269346789924,1.8373195531505508,2.341912259553671,2.188285396207322,2.400481541812128,3720757.262748,Sistema Bancario,antiguo
2020-04-01,Banco BTG Pactual Chile,False,0.0,0.0,0.0,,,,0.0,Banco BTG Pactual Chile,antiguo
2020-04-01,Banco Bice,False,0.3874617907152133,0.3874617907152133,0.38381250627230695,0.40188060620824706,0.5201571501626412,0.3854859774270623,25820.960392,Banco Bice,antiguo
2020-04-01,Banco Consorcio,False,2.1657233547220263,2.1657233547220263,2.5019771500255676,0.5261297541177352,1.7504160258135373,0.31254149631288425,81592.886069,Banco Consorcio,antiguo
2020-04-01,Banco Falabella,False,3.7690591457470743,3.7690591457470743,5.715178613313891,3.6663703929233757,3.659290186695261,3.6815819403987877,63766.389309,Banco Falabella,antiguo
2020-04-01,Banco Internacional,False,1.899672701675996,1.899672701675996,1.8288345875373229,4.985079927762337,2.3355020117623986,5.851516096732335,43069.770005,Banco Internacional,antiguo
2020-04-01,Banco Itaú Chile,False,2.562431416449313,2.562431416449313,2.883540719361486,1.9517186428928917,2.5930290867016748,1.685528503148723,469954.105558,Itaú Corpbanca,antiguo
2020-04-01,Banco Ripley,False,6.523385675713158,6.523385675713158,14.772077944309139,6.458196655964464,6.389054839160252,6.78582771887876,9606.059508,Banco Ripley,antiguo
2020-04-01,Banco Santander-Chile,False,1.7955011481550642,1.796987451756778,2.1825168324847706,1.3912072834522156,1.6806785544246392,1.270991929602575,615407.457799,Banco Santander-Chile,antiguo
2020-04-01,Banco Security,False,1.7010057967376875,1.7011060703921161,1.7239747307033992,1.6085093242522983,1.9482986448420372,1.3659838455745321,105810.773514,Banco Security,antiguo
2020-04-01,Banco de Chile,False,1.4548266549892535,1.4772011559532499,1.3444837580663975,1.6452917594363046,2.367252616060846,1.3079199370930652,455716.282463,Banco de Chile,antiguo
2020-04-01,Banco de Crédito e Inversiones,False,1.69885505258769,1.711517342054442,1.8769427224423103,1.472688474857427,2.122977750561353,1.1823590746925623,419812.589494,Banco de Crédito e Inversiones,antiguo
2020-04-01,Banco del Estado de Chile,False,3.8679807061842104,3.874068014809789,2.3705575949344198,5.4964582848988455,2.30891745754096,6.158595473029309,1006548.520566,Banco del Estado de Chile,antiguo
2020-04-01,Banco do Brasil S.A.,False,0.0,0.0,0.0,,,,0.0,Banco do Brasil S.A.,antiguo
2020-04-01,"Bank of China, Agencia en Chile",False,,,,,,,0.0,"Bank of China, Agencia en Chile",antiguo
2020-04-01,"China Construction Bank, Agencia en Chile",False,0.0,0.0,0.0,,,,0.0,"China Construction Bank, Agencia en Chile",antiguo
2020-04-01,HSBC Bank (Chile),False,0.0,0.0,0.0,0.0,0.0,,0.0,HSBC Bank (Chile),antiguo
2020-04-01,"JP Morgan Chase Bank, N.A.",False,,,,,,,0.0,"JP Morgan Chase Bank, N.A.",antiguo
2020-04-01,Scotiabank Chile,False,1.7845570765858638,1.7846390405472226,1.4388076065335151,2.2204058853098947,2.69572291239109,2.1155198527642103,470157.293712,Scotiabank Chile,antiguo
2020-04-01,Sistema Bancario,True,2.0543280159688884,2.063095405908765,1.868306455537018,2.3373656530004348,2.278807719865284,2.358976680622456,3767263.0883889995,Sistema Bancario,antiguo
2020-05-01,Banco BTG Pactual Chile,False,0.0,0.0,0.0,,,,0.0,Banco BTG Pactual Chile,antiguo
2020-05-01,Banco Bice,False,0.4015536133965913,0.4015536133965913,0.40560799621021015,0.38584036768694846,0.4414971129793623,0.3784040960526864,26444.335712,Banco Bice,antiguo
2020-05-01,Banco Consorcio,False,2.156176055644507,2.156176055644507,2.4571143141099547,0.7046963123967962,1.979095539544094,0.48817095360330387,81734.254598,Banco Consorcio,antiguo
2020-05-01,Banco Falabella,False,4.0623145375542435,4.0623145375542435,6.493342457924485,3.9332421376705096,3.946610941887031,3.9052500191559045,67635.998795,Banco Falabella,antiguo
2020-05-01,Banco Internacional,False,2.1140169769832338,2.1140169769832338,2.036259076682644,5.376132475018935,1.9216613588455702,6.508331027099532,47207.135804,Banco Internacional,antiguo
2020-05-01,Banco Itaú Chile,False,2.5729906447242357,2.5729906447242357,2.901756865804152,1.9415606768730511,2.6200184421266277,1.6661259372948323,474008.475893,Itaú Corpbanca,antiguo
2020-05-01,Banco Ripley,False,6.885698465859733,6.885698465859733,16.05123368227159,6.812513985401136,6.749515934171442,7.101442092032527,9769.692657,Banco Ripley,antiguo
2020-05-01,Banco Santander-Chile,False,1.7600484188145213,1.7603242030759736,2.1004035458108525,1.3898151935616987,1.6653368185015536,1.2788398395141465,613183.84713,Banco Santander-Chile,antiguo
2020-05-01,Banco Security,False,1.87507646506767,1.8751658200344086,1.9612740789379177,1.5230421535421736,1.9507879811249378,1.2238619443903545,116016.336364,Banco Security,antiguo
2020-05-01,Banco de Chile,False,1.4551764947538828,1.4663458109636924,1.3362037255744827,1.631474242066584,2.2427404055294073,1.349894349480637,449269.242991,Banco de Chile,antiguo
2020-05-01,Banco de Crédito e Inversiones,False,1.718594355280154,1.7298455487693793,1.8379203705851686,1.5637842464511762,2.5207992395155707,1.1477761217617515,438673.869701,Banco de Crédito e Inversiones,antiguo
2020-05-01,Banco del Estado de Chile,False,3.936801676543802,3.9408593163249686,2.410536616954098,5.62321619727417,2.3339076130342487,6.29286684277075,1031914.6342,Banco del Estado de Chile,antiguo
2020-05-01,Banco do Brasil S.A.,False,0.0,0.0,0.0,,,,0.0,Banco do Brasil S.A.,antiguo
2020-05-01,"Bank of China, Agencia en Chile",False,,,,,,,0.0,"Bank of China, Agencia en Chile",antiguo
2020-05-01,"China Construction Bank, Agencia en Chile",False,0.0,0.0,0.0,,,,0.0,"China Construction Bank, Agencia en Chile",antiguo
2020-05-01,HSBC Bank (Chile),False,0.0,0.0,0.0,0.0,0.0,,0.0,HSBC Bank (Chile),antiguo
2020-05-01,"JP Morgan Chase Bank, N.A.",False,,,,,,,0.0,"JP Morgan Chase Bank, N.A.",antiguo
2020-05-01,Scotiabank Chile,False,1.6763349417641016,1.6764317873571262,1.2370740423198352,2.239857652476054,2.685044695581346,2.1441495954408105,446354.883414,Scotiabank Chile,antiguo
2020-05-01,Sistema Bancario,True,2.05877428117404,2.0639805711467987,1.8468706929829881,2.37583951713821,2.330269194395458,2.392253956007105,3802212.707259,Sistema Bancario,antiguo
2020-06-01,Banco BTG Pactual Chile,False,0.0,0.0,0.0,,,,0.0,Banco BTG Pactual Chile,antiguo
2020-06-01,Banco Bice,False,0.44889359565679754,0.44889359565679754,0.45574212330344344,0.42274371961665647,0.8178269779747899,0.37152860526449827,29263.442969,Banco Bice,antiguo
2020-06-01,Banco Consorcio,False,1.1359139015058042,1.1359139015058042,1.2463083526515195,0.6113704191055046,1.9157111818567416,0.3934513219198154,43025.415038,Banco Consorcio,antiguo
2020-06-01,Banco Falabella,False,4.346719049462014,4.346719049462014,7.177307634443568,4.195472700255755,4.354443724725419,3.8745231341352646,71092.89366,Banco Falabella,antiguo
2020-06-01,Banco Internacional,False,2.1853182153220088,2.1853182153220088,2.1013337813454274,5.664898352758527,1.6996289649828293,6.963444560445839,48447.642713,Banco Internacional,antiguo
2020-06-01,Banco Itaú Chile,False,2.060176461530923,2.060176461530923,2.1463051286427044,1.8917188076693445,2.623514553113197,1.5989874339864933,382802.466864,Itaú Corpbanca,antiguo
2020-06-01,Banco Ripley,False,8.207306913501665,8.207306913501665,18.4951583802761,8.124823197137538,8.145566069756622,8.032186515710183,11266.809731,Banco Ripley,antiguo
2020-06-01,Banco Santander-Chile,False,1.8582468907864174,1.858708594313621,2.141263691372462,1.5433109767785718,1.6785589786479704,1.490397480205665,652894.677108,Banco Santander-Chile,antiguo
2020-06-01,Banco Security,False,1.865436868730221,1.865436868730221,1.9333204651779405,1.5807232197364078,1.9030335620029366,1.350485057123165,116130.079007,Banco Security,antiguo
2020-06-01,Banco de Chile,False,1.3159674311758958,1.3262577445365842,1.2764375686291165,1.3914235446791108,1.719909838560345,1.2424628679724943,409533.169561,Banco de Chile,antiguo
2020-06-01,Banco de Crédito e Inversiones,False,1.6734308008206529,1.6851082898537841,1.7659238809123239,1.5590426091501486,2.6345433826043667,1.1033090723601469,429996.334277,Banco de Crédito e Inversiones,antiguo
2020-06-01,Banco del Estado de Chile,False,3.874929476486312,3.8866858316350235,2.4274148762974663,5.55357308529689,2.2861248717929064,6.206054931316396,1033983.717149,Banco del Estado de Chile,antiguo
2020-06-01,Banco do Brasil S.A.,False,0.0,0.0,0.0,,,,0.0,Banco do Brasil S.A.,antiguo
2020-06-01,"Bank of China, Agencia en Chile",False,,,,,,,0.0,"Bank of China, Agencia en Chile",antiguo
2020-06-01,"China Construction Bank, Agencia en Chile",False,0.0,0.0,0.0,,,,0.0,"China Construction Bank, Agencia en Chile",antiguo
2020-06-01,HSBC Bank (Chile),False,0.0,0.0,0.0,0.0,0.0,,0.0,HSBC Bank (Chile),antiguo
2020-06-01,"JP Morgan Chase Bank, N.A.",False,,,,,,,0.0,"JP Morgan Chase Bank, N.A.",antiguo
2020-06-01,Scotiabank Chile,False,1.7560030461642628,1.7560087588862576,1.3807191362892643,2.2280095813142426,2.6884489148806168,2.131027494014999,462036.521917,Scotiabank Chile,antiguo
2020-06-01,Sistema Bancario,True,1.9879655970400893,1.9936506360695032,1.744702141801062,2.357060106016174,2.265391167550992,2.3893673650930527,3690473.1699940003,Sistema Bancario,antiguo
2020-07-01,Banco BTG Pactual Chile,False,0.0,0.0,0.0,,,,0.0,Banco BTG Pactual Chile,antiguo
2020-07-01,Banco Bice,False,0.4625772547813879,0.4625772547813879,0.48015893039445173,0.39754144915143674,0.6732120067313934,0.36224963935662724,29488.573119,Banco Bice,antiguo
2020-07-01,Banco Consorcio,False,1.4164363147724939,1.4164363147724939,1.5910570324154878,0.6366223225029558,2.327374671934944,0.3591147706415438,51841.690015,Banco Consorcio,antiguo
2020-07-01,Banco Falabella,False,4.495986951213464,4.495986951213464,8.083433980926577,4.301806338246993,4.630809992316556,3.6580460709111633,72329.353767,Banco Falabella,antiguo
2020-07-01,Banco Internacional,False,2.1328905069788147,2.1328905069788147,2.0797705258027195,4.313570882278904,1.4948838848353025,5.229393595603325,46600.954146,Banco Internacional,antiguo
2020-07-01,Banco Itaú Chile,False,2.14085885208932,2.14085885208932,2.408663712704967,1.6335749370582988,1.9484463350694303,1.5100405458060475,388847.410031,Itaú Corpbanca,antiguo
2020-07-01,Banco Ripley,False,9.058058092220614,9.058058092220614,20.519796408494027,8.96495173947785,9.301743840792113,7.5009600713582385,11941.057472,Banco Ripley,antiguo
2020-07-01,Banco Santander-Chile,False,1.7897134402584594,1.7900268573208804,2.123960673547899,1.4246119970672253,1.57792594703929,1.3654817717401624,622463.716577,Banco Santander-Chile,antiguo
2020-07-01,Banco Security,False,2.105486488683337,2.1060000103340197,2.2175033020622616,1.638066521272177,2.03992273303232,1.3538435903555541,130209.604478,Banco Security,antiguo
2020-07-01,Banco de Chile,False,1.1655762563443857,1.1746386149643069,1.2012740528183916,1.1396295947921056,1.2285192042733513,1.1001393937956394,361758.183646,Banco de Chile,antiguo
2020-07-01,Banco de Crédito e Inversiones,False,1.7885668315697434,1.800711635002044,1.935829328437635,1.5944857408498543,2.863975820521774,1.068548603051829,452911.759729,Banco de Crédito e Inversiones,antiguo
2020-07-01,Banco del Estado de Chile,False,3.724635347772813,3.7303463594926125,2.322131048319225,5.344390679770007,1.978151431182705,6.01008080525104,989359.107184,Banco del Estado de Chile,antiguo
2020-07-01,Banco do Brasil S.A.,False,0.0,0.0,0.0,,,,0.0,Banco do Brasil S.A.,antiguo
2020-07-01,"Bank of China, Agencia en Chile",False,,,,,,,0.0,"Bank of China, Agencia en Chile",antiguo
2020-07-01,"China Construction Bank, Agencia en Chile",False,0.0,0.0,0.0,,,,0.0,"China Construction Bank, Agencia en Chile",antiguo
2020-07-01,HSBC Bank (Chile),False,0.0,0.0,0.0,0.0,0.0,,0.0,HSBC Bank (Chile),antiguo
2020-07-01,"JP Morgan Chase Bank, N.A.",False,,,,,,,0.0,"JP Morgan Chase Bank, N.A.",antiguo
2020-07-01,Scotiabank Chile,False,1.7219465319743517,1.7219875396249387,1.4244539282049562,2.0787203105198095,2.5426372854450254,1.983030594770244,440844.78706,Scotiabank Chile,antiguo
2020-07-01,Sistema Bancario,True,1.9641933001180862,1.9693381812212578,1.7999773377338184,2.2122360195928485,2.0843787698166913,2.256487935044551,3598596.197224,Sistema Bancario,antiguo
2020-08-01,Banco BTG Pactual Chile,False,0.0,0.0,0.0,,,,0.0,Banco BTG Pactual Chile,antiguo
2020-08-01,Banco Bice,False,0.6521487939572356,0.6521487939572356,0.718257417092382,0.4096268559796381,0.7169515818209088,0.37074985834249796,41560.235479,Banco Bice,antiguo
2020-08-01,Banco Consorcio,False,1.557525782621288,1.557525782621288,1.7793822643015915,0.5910557725320285,1.9113786688319405,0.38169055294518417,57014.020352,Banco Consorcio,antiguo
2020-08-01,Banco Falabella,False,3.878927696580529,3.878927696580529,8.303639408122754,3.6350830129397194,3.947870239277905,3.0500295552169168,60812.835326,Banco Falabella,antiguo
2020-08-01,Banco Internacional,False,2.0322974532832205,2.0322974532832205,1.980438262326718,4.173765173561699,1.5379218549486933,5.021246009751694,44794.045226,Banco Internacional,antiguo
2020-08-01,Banco Itaú Chile,False,1.9051641553578875,1.9051641553578875,2.1860114538126876,1.3695913879699224,1.4791219735697227,1.3275836048691643,344994.348022,Itaú Corpbanca,antiguo
2020-08-01,Banco Ripley,False,7.603603527681489,7.603603527681489,20.547150483226982,7.496971142908915,7.85235631028181,6.013103834893277,9525.47872,Banco Ripley,antiguo
2020-08-01,Banco Santander-Chile,False,1.6568509669861051,1.657239251077048,2.050264861453297,1.219986629466662,1.4122040212018607,1.1473800375305874,580056.780465,Banco Santander-Chile,antiguo
2020-08-01,Banco Security,False,2.3991497687148913,2.3997443781600887,2.6265319960080293,1.4245854908146889,1.6544143960903646,1.2666610566894352,149416.421629,Banco Security,antiguo
2020-08-01,Banco de Chile,False,1.0530247937885528,1.0609174038984992,1.1539434570776685,0.9354425409646481,0.8105538451621741,0.9896093049581892,328720.504584,Banco de Chile,antiguo
2020-08-01,Banco de Crédito e Inversiones,False,1.8103699417295918,1.823147466347215,2.0513415312221825,1.4746711677213384,2.713845796242056,0.9782008285843383,456401.565404,Banco de Crédito e Inversiones,antiguo
2020-08-01,Banco del Estado de Chile,False,3.378112469777502,3.386073386381716,2.4012011845585635,4.528850457681717,1.7016560875773707,5.0754810322391375,899266.978018,Banco del Estado de Chile,antiguo
2020-08-01,Banco do Brasil S.A.,False,0.0,0.0,0.0,,,,0.0,Banco do Brasil S.A.,antiguo
2020-08-01,"Bank of China, Agencia en Chile",False,,,,,,,0.0,"Bank of China, Agencia en Chile",antiguo
2020-08-01,"China Construction Bank, Agencia en Chile",False,0.0,0.0,0.0,,,,0.0,"China Construction Bank, Agencia en Chile",antiguo
2020-08-01,HSBC Bank (Chile),False,0.0,0.0,0.0,0.0,0.0,,0.0,HSBC Bank (Chile),antiguo
2020-08-01,"JP Morgan Chase Bank, N.A.",False,,,,,,,0.0,"JP Morgan Chase Bank, N.A.",antiguo
2020-08-01,Scotiabank Chile,False,1.5137880037323448,1.513891359629454,1.3762505940465015,1.6790317120358407,1.979852876330252,1.6185993865282688,386600.160434,Scotiabank Chile,antiguo
2020-08-01,Sistema Bancario,True,1.8311502933013721,1.8362114546191233,1.8093092643197424,1.8752073778846567,1.7435135274428724,1.9196182847569239,3359163.3736590003,Sistema Bancario,antiguo
2020-09-01,Banco BTG Pactual Chile,False,0.0,0.0,0.0,,,,0.0,Banco BTG Pactual Chile,antiguo
2020-09-01,Banco Bice,False,0.6249586410937684,0.6249586410937684,0.6911939324634941,0.3807121582674375,0.4065516701512936,0.3774482829577444,40322.646031,Banco Bice,antiguo
2020-09-01,Banco Consorcio,False,1.983910856551729,1.983910856551729,2.34233014358298,0.47449220194068853,1.6518802248648712,0.2990104552601005,74037.973067,Banco Consorcio,antiguo
2020-09-01,Banco Falabella,False,3.426570257212084,3.426570257212084,8.229038958349133,3.16029712776182,3.3842014433701135,2.752159740248789,53181.093259,Banco Falabella,antiguo
2020-09-01,Banco Internacional,False,2.605556866562628,2.605556866562628,2.5593946082327133,4.500666088116198,1.0998495135481439,5.58232605192056,58217.27284,Banco Internacional,antiguo
2020-09-01,Banco Itaú Chile,False,1.9017976436439061,1.9017976436439061,2.242074528472735,1.2497992046462982,1.2231324485035315,1.2598172476338871,344973.503826,Itaú Corpbanca,antiguo
2020-09-01,Banco Ripley,False,6.182701319158367,6.182701319158367,20.95268648792581,6.059821271337509,6.128825830904824,5.784433158524149,7381.702651,Banco Ripley,antiguo
2020-09-01,Banco Santander-Chile,False,1.5384035302086585,1.5388806505180619,1.9537390202868588,1.0837069997592528,1.1786967053972233,1.048221747808948,536541.819456,Banco Santander-Chile,antiguo
2020-09-01,Banco Security,False,2.393463249362532,2.393554345275144,2.625138392998899,1.373166417198133,1.5404299306691316,1.2610959021894206,151080.388968,Banco Security,antiguo
2020-09-01,Banco de Chile,False,0.9658480452346632,0.9739072922684509,1.0909414361195497,0.8123597090052741,0.5980168256036014,0.9039912154231203,305157.372284,Banco de Chile,antiguo
2020-09-01,Banco de Crédito e Inversiones,False,1.7198635859913234,1.729427582599809,1.9855905613721456,1.344401137378245,2.5173489437910854,0.8875696169678365,429345.227557,Banco de Crédito e Inversiones,antiguo
2020-09-01,Banco del Estado de Chile,False,3.2640302551606477,3.2655001309176965,2.4171380310600075,4.245266834817352,1.3589248876383846,4.7930339856247235,862672.184344,Banco del Estado de Chile,antiguo
2020-09-01,Banco do Brasil S.A.,False,0.0,0.0,0.0,,,,0.0,Banco do Brasil S.A.,antiguo
2020-09-01,"Bank of China, Agencia en Chile",False,,,,,,,0.0,"Bank of China, Agencia en Chile",antiguo
2020-09-01,"China Construction Bank, Agencia en Chile",False,0.0,0.0,0.0,,,,0.0,"China Construction Bank, Agencia en Chile",antiguo
2020-09-01,HSBC Bank (Chile),False,0.0,0.0,0.0,0.0,0.0,,0.0,HSBC Bank (Chile),antiguo
2020-09-01,"JP Morgan Chase Bank, N.A.",False,,,,,,,0.0,"JP Morgan Chase Bank, N.A.",antiguo
2020-09-01,Scotiabank Chile,False,1.3474872393392485,1.3475265128493679,1.2908253338086582,1.415549214007385,1.523780365899634,1.3942292835673462,344594.205583,Scotiabank Chile,antiguo
2020-09-01,Sistema Bancario,True,1.7475935035000418,1.7518515963359647,1.7933541204256471,1.6916495111573175,1.457248994459794,1.7692562282880124,3207505.389866,Sistema Bancario,antiguo
2020-10-01,Banco BTG Pactual Chile,False,0.0,0.0,0.0,,,,0.0,Banco BTG Pactual Chile,antiguo
2020-10-01,Banco Bice,False,0.625961763453468,0.625961763453468,0.6855411659987267,0.4128014270239438,0.4667242087168551,0.4060392288898074,39982.912029,Banco Bice,antiguo
2020-10-01,Banco Consorcio,False,1.9712139120010193,1.9712139120010193,2.3411482721224632,0.4600284134691206,1.663730017817267,0.288289347394126,74037.973067,Banco Consorcio,antiguo
2020-10-01,Banco Falabella,False,3.056063862614038,3.056063862614038,8.396951604427981,2.760729946381105,2.8640110012005198,2.5764642920215395,47026.057242,Banco Falabella,antiguo
2020-10-01,Banco Internacional,False,2.5881879397032814,2.5881879397032814,2.546681119676387,4.198323685749091,1.0636105217394523,5.17935074038881,55384.025304,Banco Internacional,antiguo
2020-10-01,Banco Itaú Chile,False,1.9527701437431186,1.9527701437431186,2.3394189133049705,1.2271362845759348,1.290018559348701,1.2037792650339787,350267.25601,Itaú Corpbanca,antiguo
2020-10-01,Banco Ripley,False,5.008176348127115,5.008176348127115,18.997618419354414,4.891808140081003,4.881857740195074,4.930638615062312,5746.229673,Banco Ripley,antiguo
2020-10-01,Banco Santander-Chile,False,1.4592441690277145,1.459672910073319,1.9060008202128633,0.9799697624051855,0.9991439364698593,0.9729078178939868,505972.892273,Banco Santander-Chile,antiguo
2020-10-01,Banco Security,False,2.306837659226267,2.306924614961637,2.553928964271215,1.2245969475322809,1.3659453988749484,1.1313706663295011,144834.775417,Banco Security,antiguo
2020-10-01,Banco de Chile,False,0.9376220046559987,0.9466377826468608,1.0483755439086453,0.8068209002373662,0.6678305575551697,0.8653259650614136,295906.592262,Banco de Chile,antiguo
2020-10-01,Banco de Crédito e Inversiones,False,1.652664395498835,1.6618917954677546,1.9917720586325154,1.1750938257960708,2.0500947437721595,0.845411329473476,409110.172497,Banco de Crédito e Inversiones,antiguo
2020-10-01,Banco del Estado de Chile,False,3.0598251616988716,3.0612374788683385,2.2844213507194953,3.9465529554933134,1.000207077468283,4.498954740868485,804300.904098,Banco del Estado de Chile,antiguo
2020-10-01,Banco do Brasil S.A.,False,0.0,0.0,0.0,,,,0.0,Banco do Brasil S.A.,antiguo
2020-10-01,"Bank of China, Agencia en Chile",False,,,,,,,0.0,"Bank of China, Agencia en Chile",antiguo
2020-10-01,"China Construction Bank, Agencia en Chile",False,0.0,0.0,0.0,,,,0.0,"China Construction Bank, Agencia en Chile",antiguo
2020-10-01,HSBC Bank (Chile),False,0.0,0.0,0.0,0.0,0.0,,0.0,HSBC Bank (Chile),antiguo
2020-10-01,"JP Morgan Chase Bank, N.A.",False,,,,,,,0.0,"JP Morgan Chase Bank, N.A.",antiguo
2020-10-01,Scotiabank Chile,False,1.2518186568846648,1.251888108150027,1.280341343070099,1.2185019190170394,1.0818429824352092,1.2449173709188357,318291.159427,Scotiabank Chile,antiguo
2020-10-01,Sistema Bancario,True,1.6730129956529294,1.6774703384732192,1.7666700777833821,1.550234773511371,1.2417323799002995,1.6505323617471603,3050860.949299,Sistema Bancario,antiguo
2020-11-01,Banco BTG Pactual Chile,False,0.0,0.0,0.0,,,,0.0,Banco BTG Pactual Chile,antiguo
2020-11-01,Banco Bice,False,0.6091519785524967,0.6091519785524967,0.6776475609385055,0.3712733106112645,0.3361854196678987,0.3758885298360704,39041.643296,Banco Bice,antiguo
2020-11-01,Banco Consorcio,False,1.80372980021192,1.80372980021192,2.1807200804435136,0.34608269519989193,1.3348078646897614,0.21351039725288098,67926.9256,Banco Consorcio,antiguo
2020-11-01,Banco Falabella,False,2.9464277379481283,2.9464277379481283,8.034225991124186,2.666831831077068,2.665845165234905,2.6685624086518165,45255.025542,Banco Falabella,antiguo
2020-11-01,Banco Internacional,False,2.3487640522393436,2.3487640522393436,2.307150054015689,3.8977529434901044,0.9593720586565326,4.822625679105314,49122.203739,Banco Internacional,antiguo
2020-11-01,Banco Itaú Chile,False,1.97451879691956,1.97451879691956,2.3569738750391775,1.2719279574180211,1.601447361141128,1.1494316404980018,353900.932364,Itaú Corpbanca,antiguo
2020-11-01,Banco Ripley,False,4.485972009354445,4.485972009354445,19.333924055875737,4.36478765019534,4.1635137668089595,5.1358103315361125,5030.929864,Banco Ripley,antiguo
2020-11-01,Banco Santander-Chile,False,1.4516274479012836,1.45184644416504,1.9550786925494807,0.9226532230880198,0.9664923538361223,0.9066038570104549,502477.033024,Banco Santander-Chile,antiguo
2020-11-01,Banco Security,False,2.1350153383563724,2.1350645192103426,2.3601891556189627,1.151004633932188,1.2868837291704829,1.062460727531553,134537.941347,Banco Security,antiguo
2020-11-01,Banco de Chile,False,0.9529902774118646,0.9648216644444768,1.0524187342280709,0.8459515714031529,0.8678403776591582,0.8366787411023049,302651.840303,Banco de Chile,antiguo
2020-11-01,Banco de Crédito e Inversiones,False,1.6014448545116609,1.6110086383863336,1.9677450563818266,1.0954076416876477,1.8888505951833654,0.7997791263643216,396655.511272,Banco de Crédito e Inversiones,antiguo
2020-11-01,Banco del Estado de Chile,False,2.9693344803497146,2.9698418592609923,2.217305096487663,3.821885575379238,1.1096290440310963,4.3310740879028655,785035.481778,Banco del Estado de Chile,antiguo
2020-11-01,Banco do Brasil S.A.,False,0.0,0.0,0.0,,,,0.0,Banco do Brasil S.A.,antiguo
2020-11-01,"Bank of China, Agencia en Chile",False,,,,,,,0.0,"Bank of China, Agencia en Chile",antiguo
2020-11-01,"China Construction Bank, Agencia en Chile",False,0.0,0.0,0.0,,,,0.0,"China Construction Bank, Agencia en Chile",antiguo
2020-11-01,HSBC Bank (Chile),False,6.708839181760566,7.526599593825052,7.534869877519709,0.0,0.0,,9486.660468,HSBC Bank (Chile),antiguo
2020-11-01,"JP Morgan Chase Bank, N.A.",False,,,,,,,0.0,"JP Morgan Chase Bank, N.A.",antiguo
2020-11-01,Scotiabank Chile,False,1.2861868508131544,1.2862793229795915,1.4091352764165535,1.1431627967636517,0.9948466105288125,1.171498241149815,329298.000967,Scotiabank Chile,antiguo
2020-11-01,Sistema Bancario,True,1.652268011573565,1.6574412170838277,1.7710896478649152,1.4978235806433786,1.2625242946377084,1.57398313583794,3020420.1295640008,Sistema Bancario,antiguo
2020-12-01,Banco BTG Pactual Chile,False,0.0,0.0,0.0,,,,0.0,Banco BTG Pactual Chile,antiguo
2020-12-01,Banco Bice,False,0.4005820213746762,0.4005820213746762,0.41384876025991785,0.3570392424571804,0.29749395473877194,0.36498521185947314,24858.785143,Banco Bice,antiguo
2020-12-01,Banco Consorcio,False,1.679648172164085,1.679648172164085,2.0312681261337904,0.3596696031502919,1.2646519721498852,0.24399621419834627,63877.23856,Banco Consorcio,antiguo
2020-12-01,Banco Falabella,False,2.7059762558007674,2.7059762558007674,7.3806952891126985,2.451810585165138,2.3639834984725647,2.603263332038071,41366.952917,Banco Falabella,antiguo
2020-12-01,Banco Internacional,False,2.2304383060023096,2.2304383060023096,2.198304200705661,3.424644613408413,0.7321214515253953,4.2529925460112405,47260.72048,Banco Internacional,antiguo
2020-12-01,Banco Itaú Chile,False,1.9349420561526425,1.9349420561526425,2.3102557004348974,1.2674147899056158,1.6624434171102882,1.1219627685098517,341036.313367,Itaú Corpbanca,antiguo
2020-12-01,Banco Ripley,False,4.149736036754656,4.149736036754656,18.667074261228347,4.033731679685719,3.800206339183375,4.91458524526024,4550.494896,Banco Ripley,antiguo
2020-12-01,Banco Santander-Chile,False,1.4049344162078723,1.4057114256579113,1.8999751424388132,0.8995874667804429,0.9669469653291333,0.8751717651015586,481136.057572,Banco Santander-Chile,antiguo
2020-12-01,Banco Security,False,1.7584155841816898,1.7586202777653406,1.9059699570031414,1.1213156133812991,1.238838077101538,1.045775312780962,109548.047871,Banco Security,antiguo
2020-12-01,Banco de Chile,False,0.9512286665280121,0.9684510663634106,1.0307653900741,0.8864240451810335,1.0900265078534457,0.8006499215486242,299339.643425,Banco de Chile,antiguo
2020-12-01,Banco de Crédito e Inversiones,False,1.3954487602131054,1.40191553195103,1.6575804768199462,1.0432061620626882,1.7510719885363581,0.7850327787751968,340968.268897,Banco de Crédito e Inversiones,antiguo
2020-12-01,Banco del Estado de Chile,False,2.817187765280515,2.8416278946889144,2.1275173924905775,3.6285159733585273,1.120099590667615,4.091192115076687,745402.949388,Banco del Estado de Chile,antiguo
2020-12-01,Banco do Brasil S.A.,False,0.0,0.0,0.0,,,,0.0,Banco do Brasil S.A.,antiguo
2020-12-01,"Bank of China, Agencia en Chile",False,,,,,,,0.0,"Bank of China, Agencia en Chile",antiguo
2020-12-01,"China Construction Bank, Agencia en Chile",False,0.0,0.0,0.0,,,,0.0,"China Construction Bank, Agencia en Chile",antiguo
2020-12-01,HSBC Bank (Chile),False,7.483472365710578,8.516661037429,8.527630638664794,0.0,0.0,,8807.982392,HSBC Bank (Chile),antiguo
2020-12-01,"JP Morgan Chase Bank, N.A.",False,,,,,,,0.0,"JP Morgan Chase Bank, N.A.",antiguo
2020-12-01,Scotiabank Chile,False,1.3927311435535061,1.395745064467332,1.6748133802414351,1.0858198100688177,0.9199887366591447,1.1170666687750692,350821.73304,Scotiabank Chile,antiguo
2020-12-01,Sistema Bancario,True,1.5809582482744322,1.5897707234556275,1.694820287501388,1.446707042733099,1.2687721893640254,1.503544988034642,2858975.187948,Sistema Bancario,antiguo
2021-01-01,Banco BTG Pactual Chile,False,0.0321241514954135,0.03299083860688928,0.03299083860688928,,,,366.85224,Banco BTG Pactual Chile,antiguo
2021-01-01,Banco Bice,False,0.4020498500276902,0.4020498500276902,0.4162228654240929,0.35544219533756893,0.25249226936897073,0.3692120453970619,25289.764697,Banco Bice,antiguo
2021-01-01,Banco Consorcio,False,1.696665399524331,1.696665399524331,2.07595868687262,0.31131916764704287,1.1746782934336746,0.20754083271721743,65604.446081,Banco Consorcio,antiguo
2021-01-01,Banco Falabella,False,2.4740658376083218,2.4740658376083218,6.732840043350524,2.243990100150083,2.1341194248873063,2.432207360859208,37786.282995,Banco Falabella,antiguo
2021-01-01,Banco Internacional,False,2.207283615306646,2.207283615306646,2.1888487293929697,2.8783928328313477,0.7942117050012931,3.5116846216031385,47025.911576,Banco Internacional,antiguo
2021-01-01,Banco Itaú Chile,False,1.9854114238969651,1.9854114238969651,2.401262886528051,1.2501587940959518,1.6606012654111597,1.1017771812076513,350082.739372,Itaú Corpbanca,antiguo
2021-01-01,Banco Ripley,False,3.6648317841134674,3.6648317841134674,17.21659225480796,3.5602426091008375,3.173193343992563,4.997183088880193,3900.580577,Banco Ripley,antiguo
2021-01-01,Banco Santander-Chile,False,1.3239829473451623,1.3242211094364822,1.8625830307572582,0.7803609802951875,0.9390718560253173,0.7242486302176903,449400.797966,Banco Santander-Chile,antiguo
2021-01-01,Banco Security,False,1.8075228968541197,1.8078919654065502,1.9849596468339523,1.0411150490243668,1.148381863088722,0.9740372600800608,112504.852599,Banco Security,antiguo
2021-01-01,Banco de Chile,False,0.9513314165323348,0.9587682236636965,1.004608868166092,0.8974696259457179,1.1414582346308244,0.7975055520074125,298569.893576,Banco de Chile,antiguo
2021-01-01,Banco de Crédito e Inversiones,False,1.385525475146545,1.3909932598416739,1.6418461216007978,1.037072628229188,1.8540507709169838,0.7453192161401578,341430.116854,Banco de Crédito e Inversiones,antiguo
2021-01-01,Banco del Estado de Chile,False,2.677936645536681,2.698967053119737,2.0455340968684372,3.4261410176103575,1.1671166237963373,3.8363138227853977,715702.148328,Banco del Estado de Chile,antiguo
2021-01-01,Banco do Brasil S.A.,False,0.0,0.0,0.0,,,,0.0,Banco do Brasil S.A.,antiguo
2021-01-01,"Bank of China, Agencia en Chile",False,,,,,,,0.0,"Bank of China, Agencia en Chile",antiguo
2021-01-01,"China Construction Bank, Agencia en Chile",False,0.0,0.0,0.0,,,,0.0,"China Construction Bank, Agencia en Chile",antiguo
2021-01-01,HSBC Bank (Chile),False,7.471062656065463,8.501743764513552,8.511963228794142,0.0,0.0,,9049.042963,HSBC Bank (Chile),antiguo
2021-01-01,"JP Morgan Chase Bank, N.A.",False,,,,,,,0.0,"JP Morgan Chase Bank, N.A.",antiguo
2021-01-01,Scotiabank Chile,False,1.3379276757137504,1.3382814608318645,1.6271668055270274,1.014048823226408,0.9130378328416425,1.032829377836364,340193.259262,Scotiabank Chile,antiguo
2021-01-01,Sistema Bancario,True,1.5421315626838512,1.5474277019649005,1.6775088803628677,1.3696149531898674,1.2756608740910846,1.3989764040155719,2796906.6890860004,Sistema Bancario,antiguo
2021-02-01,Banco BTG Pactual Chile,False,0.032411380113247706,0.0329910847877218,0.0329910847877218,,,,368.913503,Banco BTG Pactual Chile,antiguo
2021-02-01,Banco Bice,False,0.3642367776318422,0.3642367776318422,0.37525376501316426,0.32817897197946627,0.3375911125530112,0.3269428168629166,23099.924764,Banco Bice,antiguo
2021-02-01,Banco Consorcio,False,1.7125143566042813,1.7125143566042813,2.1148774904580834,0.281927005407016,1.0735669403901693,0.19175055247050418,66800.502166,Banco Consorcio,antiguo
2021-02-01,Banco Falabella,False,2.2158341070128764,2.2158341070128764,7.877648547919862,1.9138810807050055,1.7967268889164631,2.1140992079940237,34027.824256,Banco Falabella,antiguo
2021-02-01,Banco Internacional,False,2.4087752609577904,2.4087752609577904,2.3876080358505023,3.161467681287755,0.6143569546404296,3.9200446148841883,51553.446832,Banco Internacional,antiguo
2021-02-01,Banco Itaú Chile,False,2.0022334219981017,2.0022334219981017,2.4354278204768582,1.240171245269324,1.685234153016198,1.0815527858303748,354549.536671,Itaú Corpbanca,antiguo
2021-02-01,Banco Ripley,False,3.4153601284660375,3.4153601284660375,18.207101628411316,3.3014502996689914,2.91423301318184,4.718010934472998,3551.194373,Banco Ripley,antiguo
2021-02-01,Banco Santander-Chile,False,1.3129480914095963,1.3131897213817647,1.8332318281082596,0.7875153741657626,0.9692076677719741,0.724915077467089,446589.1594,Banco Santander-Chile,antiguo
2021-02-01,Banco Security,False,1.8845433870642674,1.8850838059780086,2.060309337539412,1.1253349511430513,1.1449154587637242,1.1133996587928712,117470.868824,Banco Security,antiguo
2021-02-01,Banco de Chile,False,0.9414417303936042,0.9497736379297446,0.9707706703224178,0.9210663735253998,1.2237547595428777,0.799792829341801,300587.971904,Banco de Chile,antiguo
2021-02-01,Banco de Crédito e Inversiones,False,1.465137631704638,1.470057488527453,1.7239752679382943,1.1152870191084787,1.9794186813922237,0.8125701284948109,361824.544732,Banco de Crédito e Inversiones,antiguo
2021-02-01,Banco del Estado de Chile,False,2.6248099806426866,2.65302664886039,1.9996554394851909,3.374263192688834,0.9825458739105517,3.802847885177997,706316.988285,Banco del Estado de Chile,antiguo
2021-02-01,Banco do Brasil S.A.,False,0.0,0.0,0.0,,,,0.0,Banco do Brasil S.A.,antiguo
2021-02-01,"Bank of China, Agencia en Chile",False,,,,,,,0.0,"Bank of China, Agencia en Chile",antiguo
2021-02-01,"China Construction Bank, Agencia en Chile",False,0.0,0.0,0.0,,,,0.0,"China Construction Bank, Agencia en Chile",antiguo
2021-02-01,HSBC Bank (Chile),False,7.562344787587741,8.621218610194466,8.631393226675998,0.0,0.0,,8973.634133,HSBC Bank (Chile),antiguo
2021-02-01,"JP Morgan Chase Bank, N.A.",False,,,,,,,0.0,"JP Morgan Chase Bank, N.A.",antiguo
2021-02-01,Scotiabank Chile,False,1.3519799111394832,1.352518342213374,1.674335300281867,0.996878650950511,0.8513847802071666,1.0232958587462442,343309.645595,Scotiabank Chile,antiguo
2021-02-01,Sistema Bancario,True,1.5458539811609366,1.5519343023228345,1.6862251329630251,1.3686339021854712,1.2786970230151675,1.3961631448302199,2819024.1554380003,Sistema Bancario,antiguo
2021-03-01,Banco BTG Pactual Chile,False,1.3362286976820898,1.3362286976820898,1.3362286976820898,,,,15589.823725,Banco BTG Pactual Chile,antiguo
2021-03-01,Banco Bice,False,0.39721845806890466,0.39721845806890466,0.41834353224359444,0.32910306484495055,0.331641722498038,0.32876438419662246,25418.653174,Banco Bice,antiguo
2021-03-01,Banco Consorcio,False,1.5807097758493434,1.5886592835314257,1.966199871446651,0.2774946821371468,1.1947013663511503,0.17810330597385424,63178.988194,Banco Consorcio,antiguo
2021-03-01,Banco Falabella,False,2.110505472320568,2.110505472320568,7.74951962824635,1.813016356749227,1.7577590381862094,1.9063383325317318,32404.463888,Banco Falabella,antiguo
2021-03-01,Banco Internacional,False,2.454043821580358,2.454043821580358,2.4582087483390254,2.310674548029138,0.6173358359217798,2.810289311209896,52599.144061,Banco Internacional,antiguo
2021-03-01,Banco Itaú Chile,False,2.331668393409609,2.331668393409609,2.950510549032037,1.251551604140132,1.7530588126570619,1.0741263151523806,415573.808683,Itaú Corpbanca,antiguo
2021-03-01,Banco Ripley,False,3.634631829687393,3.634631829687393,17.684999920916518,3.5293459428641203,2.7559810247189596,6.335844356339945,3722.368678,Banco Ripley,antiguo
2021-03-01,Banco Santander-Chile,False,1.2594169785815135,1.259602390623204,1.7521929529127833,0.7632332691993108,0.9526977838735696,0.698196876826245,430598.202569,Banco Santander-Chile,antiguo
2021-03-01,Banco Security,False,1.8614400836108498,1.8623472990102,2.0287522444696093,1.1370829691120143,1.098221832982325,1.160403028335085,116917.841857,Banco Security,antiguo
2021-03-01,Banco de Chile,False,0.9450459953748961,0.9582701369439225,1.0185471467828764,0.8773074003479144,1.1316275802518632,0.7731504296170505,304794.484427,Banco de Chile,antiguo
2021-03-01,Banco de Crédito e Inversiones,False,1.497611973036838,1.5025989593614408,1.787258365915562,1.1160021064481225,2.0388671989477505,0.7952649062300371,368803.98221,Banco de Crédito e Inversiones,antiguo
2021-03-01,Banco del Estado de Chile,False,2.5533618621331575,2.597899350336385,1.9905102610671268,3.2706250771323817,0.8715775048508863,3.700364971465792,699911.363881,Banco del Estado de Chile,antiguo
2021-03-01,Banco do Brasil S.A.,False,0.0,0.0,0.0,,,,0.0,Banco do Brasil S.A.,antiguo
2021-03-01,"Bank of China, Agencia en Chile",False,,,,,,,0.0,"Bank of China, Agencia en Chile",antiguo
2021-03-01,"China Construction Bank, Agencia en Chile",False,0.0,0.0,0.0,,,,0.0,"China Construction Bank, Agencia en Chile",antiguo
2021-03-01,HSBC Bank (Chile),False,7.551445416754171,8.608237145629195,8.618049809377114,0.0,0.0,,8892.662507,HSBC Bank (Chile),antiguo
2021-03-01,"JP Morgan Chase Bank, N.A.",False,,,,,,,0.0,"JP Morgan Chase Bank, N.A.",antiguo
2021-03-01,Scotiabank Chile,False,1.3246962514413876,1.3249148093187118,1.6649490902951858,0.9544359077455424,0.7922742511291649,0.9842770233678241,337945.754593,Scotiabank Chile,antiguo
2021-03-01,Sistema Bancario,True,1.565264190922366,1.5743140819017403,1.755052011730573,1.3299988870329866,1.2471689818250746,1.3553941209396652,2876351.542447,Sistema Bancario,antiguo
2021-04-01,Banco BTG Pactual Chile,False,1.2682055299563668,1.2682055299563668,1.2682055299563668,,,,15589.823725,Banco BTG Pactual Chile,antiguo
2021-04-01,Banco Bice,False,0.6572230299461731,0.6572230299461731,0.7595412233543178,0.32743125308812315,0.3278117030363694,0.3273800157561628,42391.418643,Banco Bice,antiguo
2021-04-01,Banco Consorcio,False,1.5939833785255642,1.5939833785255642,1.9777811833904442,0.27392506685826873,1.2871404226285992,0.1677286864280241,64194.317402,Banco Consorcio,antiguo
2021-04-01,Banco Falabella,False,2.051751382635893,2.051751382635893,7.251561042973467,1.78049992289018,1.6626488361739504,1.9778985910947369,31574.501346,Banco Falabella,antiguo
2021-04-01,Banco Internacional,False,2.424438998534025,2.424438998534025,2.426526017314968,2.3539871960926853,0.5604205349728903,2.869313093445678,52069.139753,Banco Internacional,antiguo
2021-04-01,Banco Itaú Chile,False,2.273938775669585,2.273938775669585,2.8661059408370675,1.2585081251364012,1.8371693855721416,1.0576415362213485,403611.729091,Itaú Corpbanca,antiguo
2021-04-01,Banco Ripley,False,3.633492062225982,3.633492062225982,19.300055281256945,3.519807638352908,2.820487279774209,6.077386338000977,3685.144429,Banco Ripley,antiguo
2021-04-01,Banco Santander-Chile,False,1.2437480344658745,1.2442137477062354,1.7213495640471053,0.7685173770354109,0.9884553010138469,0.6938979363442814,425146.667925,Banco Santander-Chile,antiguo
2021-04-01,Banco Security,False,1.7787997062050154,1.7793250070996187,1.9191478705119078,1.1717381654908297,1.1756904178323453,1.1694242338805914,111770.136389,Banco Security,antiguo
2021-04-01,Banco de Chile,False,0.9805687900675243,0.9872724978102546,1.049299734258725,0.9035320403179087,1.1546443723991426,0.8027975051843161,315247.971904,Banco de Chile,antiguo
2021-04-01,Banco de Crédito e Inversiones,False,1.5448972394652054,1.551824215114307,1.9019553834455774,1.0784251499028552,1.9767659063719838,0.7707947505340558,383005.984771,Banco de Crédito e Inversiones,antiguo
2021-04-01,Banco del Estado de Chile,False,2.583072927593572,2.6361478526405002,2.004571628895305,3.3217344163962923,0.9626271229450175,3.7391503127816383,706578.099116,Banco del Estado de Chile,antiguo
2021-04-01,Banco do Brasil S.A.,False,0.0,0.0,0.0,,,,0.0,Banco do Brasil S.A.,antiguo
2021-04-01,"Bank of China, Agencia en Chile",False,,,,,,,0.0,"Bank of China, Agencia en Chile",antiguo
2021-04-01,"China Construction Bank, Agencia en Chile",False,0.0,0.0,0.0,,,,0.0,"China Construction Bank, Agencia en Chile",antiguo
2021-04-01,HSBC Bank (Chile),False,8.666217162214702,8.666217162214702,8.675849921386572,0.0,0.0,,8783.258096,HSBC Bank (Chile),antiguo
2021-04-01,"JP Morgan Chase Bank, N.A.",False,,,,,,,0.0,"JP Morgan Chase Bank, N.A.",antiguo
2021-04-01,Scotiabank Chile,False,1.2843063425819612,1.2848686282712913,1.6604204891110328,0.8754849343840296,0.8059181394173566,0.8881544606541084,330270.87521,Scotiabank Chile,antiguo
2021-04-01,Sistema Bancario,True,1.5726386883980246,1.5804163984380073,1.7689461952542451,1.3270089448394573,1.2681814224582069,1.3447803901958373,2893919.067800001,Sistema Bancario,antiguo
2021-05-01,Banco BTG Pactual Chile,False,1.2309559816584748,1.2309559816584748,1.2309559816584748,,,,15589.823725,Banco BTG Pactual Chile,antiguo
2021-05-01,Banco Bice,False,0.716386284646053,0.716386284646053,0.8281442809763007,0.35923745037802834,0.25154356905502134,0.37362513268230213,46442.770059,Banco Bice,antiguo
2021-05-01,Banco Consorcio,False,1.5691075821253668,1.5691075821253668,1.9540949153515563,0.25856636005946243,1.1674598128823828,0.16769379523276814,63857.316413,Banco Consorcio,antiguo
2021-05-01,Banco Falabella,False,1.8512651367199169,1.8512651367199169,7.038974834313326,1.5773799523555478,1.4864386934901008,1.7251116180037263,28183.185562,Banco Falabella,antiguo
2021-05-01,Banco Internacional,False,2.278453011594492,2.278453011594492,2.2745149414773085,2.411864198745229,0.7038397323603371,2.888775947455065,51542.983939,Banco Internacional,antiguo
2021-05-01,Banco Itaú Chile,False,2.2776243103664893,2.2776243103664893,2.8772472043719794,1.2401342081100144,1.8389062222184123,1.0366446606536244,409434.936233,Itaú Corpbanca,antiguo
2021-05-01,Banco Ripley,False,3.506883834546062,3.506883834546062,19.03559745565078,3.3958094735307607,2.823736922016464,5.466970882526575,3463.368427,Banco Ripley,antiguo
2021-05-01,Banco Santander-Chile,False,1.309246884368199,1.3095893524416515,1.777502540749775,0.8435805450455583,1.0211738415461908,0.7846295026911511,448520.323279,Banco Santander-Chile,antiguo
2021-05-01,Banco Security,False,1.8270181840972504,1.8277168216381996,1.9839261470164842,1.1525649648748395,1.1908148137158927,1.1309858721765365,113910.848687,Banco Security,antiguo
2021-05-01,Banco de Chile,False,0.995485442934399,1.0046468829480582,1.066808224955141,0.9210642280213857,1.2304096061619176,0.7988888574666649,321557.442822,Banco de Chile,antiguo
2021-05-01,Banco de Crédito e Inversiones,False,1.496849923993922,1.5057022875352635,1.8568620290050262,1.0305078390061935,1.8528019918403966,0.7563123233997848,373308.479202,Banco de Crédito e Inversiones,antiguo
2021-05-01,Banco del Estado de Chile,False,2.4378530076333593,2.4965287104328175,1.8895672662136926,3.1604586091541447,1.252497415718973,3.49055583080632,674642.726825,Banco del Estado de Chile,antiguo
2021-05-01,Banco do Brasil S.A.,False,0.0,0.0,0.0,,,,0.0,Banco do Brasil S.A.,antiguo
2021-05-01,"Bank of China, Agencia en Chile",False,,,,,,,0.0,"Bank of China, Agencia en Chile",antiguo
2021-05-01,"China Construction Bank, Agencia en Chile",False,0.0,0.0,0.0,,,,0.0,"China Construction Bank, Agencia en Chile",antiguo
2021-05-01,HSBC Bank (Chile),False,8.60245782632186,8.60245782632186,8.611371181967838,0.0,0.0,,8928.51254,HSBC Bank (Chile),antiguo
2021-05-01,"JP Morgan Chase Bank, N.A.",False,,,,,,,0.0,"JP Morgan Chase Bank, N.A.",antiguo
2021-05-01,Scotiabank Chile,False,1.2951897830165715,1.3017338375428191,1.6875605557377302,0.8818664735574139,0.7887037748908383,0.8985728485709794,335927.891174,Scotiabank Chile,antiguo
2021-05-01,Sistema Bancario,True,1.5623631380356446,1.5728307349448873,1.7688429262458314,1.3088646809854796,1.2927992454559172,1.313615665502695,2895310.608887,Sistema Bancario,antiguo
2021-06-01,Banco BTG Pactual Chile,False,1.2434349542636345,1.2434349542636345,1.2434349542636345,,,,15589.823725,Banco BTG Pactual Chile,antiguo
2021-06-01,Banco Bice,False,0.6687893438478986,0.6687893438478986,0.7548090221420733,0.3956025860741009,0.783135049653538,0.34478697640110345,43656.725555,Banco Bice,antiguo
2021-06-01,Banco Consorcio,False,1.489486455048459,1.489486455048459,1.8507630328619402,0.2667466951598214,1.0019607889994353,0.1967263464533952,61914.242329,Banco Consorcio,antiguo
2021-06-01,Banco Falabella,False,1.7524964135953978,1.7524964135953978,6.486668019909462,1.5055802587496838,1.4304717096543507,1.6263969477859943,26709.541755,Banco Falabella,antiguo
2021-06-01,Banco Internacional,False,1.6583449018388203,1.6583449018388203,1.634836769974238,2.4322570654176476,0.8999896909964081,2.84781789046046,37379.482958,Banco Internacional,antiguo
2021-06-01,Banco Itaú Chile,False,2.397660995876579,2.397660995876579,3.1258320878986106,1.1504310939030973,1.6178357732349145,0.994218670895314,432942.836847,Itaú Corpbanca,antiguo
2021-06-01,Banco Ripley,False,3.658975381540059,3.658975381540059,18.477764537873178,3.5556226595864264,2.8836460931411554,5.974277229147236,3554.971526,Banco Ripley,antiguo
2021-06-01,Banco Santander-Chile,False,1.2822529697661649,1.2825375110430801,1.751668317132074,0.8132863483794944,0.9567880217890343,0.7662817374884842,441758.732567,Banco Santander-Chile,antiguo
2021-06-01,Banco Security,False,1.9141540080708392,1.9151683198227365,2.0793782871510986,1.206961805487122,1.3474728873638009,1.1282766545638263,119810.507054,Banco Security,antiguo
2021-06-01,Banco de Chile,False,1.0375898596242796,1.0455555612524383,1.1424239153155513,0.9154691874166577,1.258218239678257,0.7806333152295019,336955.468188,Banco de Chile,antiguo
2021-06-01,Banco de Crédito e Inversiones,False,1.4443202711779932,1.4511276939557989,1.8146752083908935,0.9619648054968504,1.6800446830261333,0.7242849039684066,360718.279077,Banco de Crédito e Inversiones,antiguo
2021-06-01,Banco del Estado de Chile,False,2.3973506364933574,2.4692388936875904,1.8966542336655579,3.0938010882009612,1.5027867379410416,3.3664717077720008,670362.88272,Banco del Estado de Chile,antiguo
2021-06-01,Banco do Brasil S.A.,False,0.0,0.0,0.0,,,,0.0,Banco do Brasil S.A.,antiguo
2021-06-01,"Bank of China, Agencia en Chile",False,,,,,,,0.0,"Bank of China, Agencia en Chile",antiguo
2021-06-01,"China Construction Bank, Agencia en Chile",False,0.0,0.0,0.0,,,,0.0,"China Construction Bank, Agencia en Chile",antiguo
2021-06-01,HSBC Bank (Chile),False,0.0,0.0,0.0,0.0,0.0,,0.0,HSBC Bank (Chile),antiguo
2021-06-01,"JP Morgan Chase Bank, N.A.",False,,,,,,,0.0,"JP Morgan Chase Bank, N.A.",antiguo
2021-06-01,Scotiabank Chile,False,1.2437561350600392,1.2486544180860941,1.619044898782955,0.8434691364312387,0.766479511971942,0.8572156757212087,325243.514452,Scotiabank Chile,antiguo
2021-06-01,Sistema Bancario,True,1.543133119687192,1.5539047367892729,1.7667234974096315,1.2677344374823132,1.2677454125072598,1.2677312223854311,2876597.0087530003,Sistema Bancario,antiguo
2021-07-01,Banco BTG Pactual Chile,False,0.0,0.0,0.0,,,,0.0,Banco BTG Pactual Chile,antiguo
2021-07-01,Banco Bice,False,0.3075975649086672,0.3075975649086672,0.2984185568514592,0.33762646836587135,0.8830069153952254,0.2660755421359062,20595.431959,Banco Bice,antiguo
2021-07-01,Banco Consorcio,False,1.4510026046855866,1.4510026046855866,1.8149901525133632,0.23656663203212597,1.0755495593406112,0.15997266575403235,61670.554733,Banco Consorcio,antiguo
2021-07-01,Banco Falabella,False,1.7156524348224103,1.7156524348224103,6.390245006879152,1.4746336280420054,1.3608963296410137,1.656733374840232,26120.456512,Banco Falabella,antiguo
2021-07-01,Banco Internacional,False,1.7949114511323523,1.7949114511323523,1.7737018141010321,2.4831191772571417,0.9267456514289193,2.8985597712696967,40536.653507,Banco Internacional,antiguo
2021-07-01,Banco Itaú Chile,False,2.1582409911004525,2.1582409911004525,2.7687625419486834,1.1155937593820209,1.5530990996530494,0.9712481077271876,392123.981702,Itaú Corpbanca,antiguo
2021-07-01,Banco Ripley,False,3.628150968839815,3.628150968839815,16.650143512929418,3.5414861188671147,2.851195436106167,6.042563748498332,3473.666367,Banco Ripley,antiguo
2021-07-01,Banco Santander-Chile,False,1.247761878746937,1.247917532438506,1.6775776923711707,0.8069674814760641,0.9398430211097843,0.7637907182661892,437550.839247,Banco Santander-Chile,antiguo
2021-07-01,Banco Security,False,1.7748636079574074,1.7757645428893774,1.9132255725952352,1.1721122843938314,1.3713031020432096,1.0606265145933178,111959.452515,Banco Security,antiguo
2021-07-01,Banco de Chile,False,0.991907512475205,1.0009257808136949,1.0983594423169485,0.8706359563360395,1.1607798619511625,0.756735241403137,324047.647376,Banco de Chile,antiguo
2021-07-01,Banco de Crédito e Inversiones,False,1.4068355734793232,1.4136647288512887,1.7854088282633636,0.8982282880867642,1.4632950573725934,0.7130030932670343,359452.403434,Banco de Crédito e Inversiones,antiguo
2021-07-01,Banco del Estado de Chile,False,2.5081782283667495,2.5835012657280063,2.176077166137909,3.0335770670381854,1.451868116329347,3.3045646316075437,707242.174218,Banco del Estado de Chile,antiguo
2021-07-01,Banco do Brasil S.A.,False,0.0,0.0,0.0,,,,0.0,Banco do Brasil S.A.,antiguo
2021-07-01,"Bank of China, Agencia en Chile",False,,,,,,,0.0,"Bank of China, Agencia en Chile",antiguo
2021-07-01,"China Construction Bank, Agencia en Chile",False,0.0,0.0,0.0,,,,0.0,"China Construction Bank, Agencia en Chile",antiguo
2021-07-01,HSBC Bank (Chile),False,0.0,0.0,0.0,0.0,0.0,,0.0,HSBC Bank (Chile),antiguo
2021-07-01,"JP Morgan Chase Bank, N.A.",False,,,,,,,0.0,"JP Morgan Chase Bank, N.A.",antiguo
2021-07-01,Scotiabank Chile,False,1.2002954306825948,1.2003838667697055,1.557775881406395,0.8041734509215649,0.6914070483352978,0.8243671894175131,317967.043199,Scotiabank Chile,antiguo
2021-07-01,Sistema Bancario,True,1.4844969179028167,1.4943861884767649,1.6910771027709923,1.2265685807104503,1.1887499029010156,1.23758676487437,2802740.304769,Sistema Bancario,antiguo
2021-08-01,Banco BTG Pactual Chile,False,0.0,0.0,0.0,,,,0.0,Banco BTG Pactual Chile,antiguo
2021-08-01,Banco Bice,False,0.3306057942542633,0.3306057942542633,0.3329203482216382,0.3230485359153524,0.7655926986078533,0.2634509769724935,22259.335951,Banco Bice,antiguo
2021-08-01,Banco Consorcio,False,1.5272592254611985,1.5272592254611985,1.9304785009678254,0.23103312093407632,0.9722935716776635,0.16662731503532946,65751.222842,Banco Consorcio,antiguo
2021-08-01,Banco Falabella,False,1.6186239511266032,1.6186239511266032,6.1888183634403005,1.3840914150818187,1.2472123974183136,1.6012198118008192,24667.509952,Banco Falabella,antiguo
2021-08-01,Banco Internacional,False,1.9918991571669213,1.9918991571669213,1.9819248711685253,2.3117751617381597,0.8194052927602108,2.7072548951187048,45219.049722,Banco Internacional,antiguo
2021-08-01,Banco Itaú Chile,False,2.161495915580621,2.161495915580621,2.8014782321889387,1.0922961405676115,1.5225673858438284,0.9508604914824988,394029.373607,Itaú Corpbanca,antiguo
2021-08-01,Banco Ripley,False,3.132482633772616,3.132482633772616,15.55108516760512,3.0541119095653584,2.5665986538330294,4.8717859694511,3005.114081,Banco Ripley,antiguo
2021-08-01,Banco Santander-Chile,False,1.2321007546610911,1.2321425172680465,1.6884260642780837,0.768510483473542,0.916217714817252,0.7210342864427667,433647.053059,Banco Santander-Chile,antiguo
2021-08-01,Banco Security,False,1.7754377539265798,1.7759731087151767,1.9161634732584278,1.1430130388724609,1.3369944871016144,1.034789863527524,114321.722972,Banco Security,antiguo
2021-08-01,Banco de Chile,False,0.9482395992588611,0.9559869708506537,1.0601166341638137,0.8178522057318078,1.0011908652994825,0.744768802411916,312216.366918,Banco de Chile,antiguo
2021-08-01,Banco de Crédito e Inversiones,False,1.3635454567533634,1.3689921682105144,1.7575292967774012,0.8327298053548865,1.2975718767068198,0.6823945342304996,351187.700631,Banco de Crédito e Inversiones,antiguo
2021-08-01,Banco del Estado de Chile,False,2.4238592700497623,2.5008139421025817,2.1341034616154335,2.905769181540386,1.3259668205972261,3.177904869109316,689489.644351,Banco del Estado de Chile,antiguo
2021-08-01,Banco do Brasil S.A.,False,,,,,,,0.0,Banco do Brasil S.A.,antiguo
2021-08-01,"Bank of China, Agencia en Chile",False,,,,,,,0.0,"Bank of China, Agencia en Chile",antiguo
2021-08-01,"China Construction Bank, Agencia en Chile",False,0.0,0.0,0.0,,,,0.0,"China Construction Bank, Agencia en Chile",antiguo
2021-08-01,HSBC Bank (Chile),False,0.0,0.0,0.0,0.0,0.0,,0.0,HSBC Bank (Chile),antiguo
2021-08-01,"JP Morgan Chase Bank, N.A.",False,,,,,,,0.0,"JP Morgan Chase Bank, N.A.",antiguo
2021-08-01,Scotiabank Chile,False,1.1480601946278202,1.1481369424237993,1.5262739229052733,0.7267897224344448,0.6748104875084014,0.73619862678778,308888.985704,Scotiabank Chile,antiguo
2021-08-01,Sistema Bancario,True,1.4526185358054082,1.462218722825443,1.6850845383103576,1.1603590973869633,1.0959711413951434,1.179108617508564,2764683.0797900003,Sistema Bancario,antiguo
2021-09-01,Banco BTG Pactual Chile,False,1.9398950253942104,1.9398950253942104,1.9398950253942104,,,,25229.413003,Banco BTG Pactual Chile,antiguo
2021-09-01,Banco Bice,False,0.303368760225482,0.303368760225482,0.3102394065407289,0.28063731151453175,0.3554903755326876,0.27061848706139535,20755.84386,Banco Bice,antiguo
2021-09-01,Banco Consorcio,False,1.9969161406994025,1.9969161406994025,2.542891039268138,0.2516433916691331,0.9420899498937813,0.19370821055680035,88187.962924,Banco Consorcio,antiguo
2021-09-01,Banco Falabella,False,1.578722225610739,1.578722225610739,5.641960737436307,1.3712694293896066,1.193799925189408,1.6502550068109436,24063.7044,Banco Falabella,antiguo
2021-09-01,Banco Internacional,False,2.396942262751632,2.396942262751632,2.4103918497238705,1.9580527510090757,0.9465328843895399,2.2271506559897434,55664.219731,Banco Internacional,antiguo
2021-09-01,Banco Itaú Chile,False,2.0932037928706606,2.0932037928706606,2.7852070827554254,0.9370140410736449,1.1357267710413221,0.8720899304595118,386803.193683,Itaú Corpbanca,antiguo
2021-09-01,Banco Ripley,False,2.8045171339941897,2.8045171339941897,5.870563734559602,2.7859955273077532,2.2262760731713205,4.918106940883151,2705.175666,Banco Ripley,antiguo
2021-09-01,Banco Santander-Chile,False,1.2211046724499461,1.2211330380305618,1.6764020560373307,0.7574504170101151,0.9008428513583865,0.7119113164720405,433698.146409,Banco Santander-Chile,antiguo
2021-09-01,Banco Security,False,1.5172890908596885,1.517800804372025,1.6290979439623814,1.0233173628400944,1.2207019316816226,0.9189693988650083,99263.123242,Banco Security,antiguo
2021-09-01,Banco de Chile,False,0.9122265003438413,0.920985745345408,1.0352384276204458,0.767288781600447,0.8954099436318101,0.7162195302762014,305033.968891,Banco de Chile,antiguo
2021-09-01,Banco de Crédito e Inversiones,False,1.3495238339773583,1.3552271809701166,1.7367620998773703,0.82706338840802,1.2672652276266572,0.6861099016033375,351368.944414,Banco de Crédito e Inversiones,antiguo
2021-09-01,Banco del Estado de Chile,False,2.3449351469007524,2.4130960088884685,2.0478977020986036,2.818788420104532,1.2726145230760968,3.0815386444749504,670745.254677,Banco del Estado de Chile,antiguo
2021-09-01,Banco do Brasil S.A.,False,,,,,,,0.0,Banco do Brasil S.A.,antiguo
2021-09-01,"Bank of China, Agencia en Chile",False,,,,,,,0.0,"Bank of China, Agencia en Chile",antiguo
2021-09-01,"China Construction Bank, Agencia en Chile",False,0.0,0.0,0.0,,,,0.0,"China Construction Bank, Agencia en Chile",antiguo
2021-09-01,HSBC Bank (Chile),False,0.0,0.0,0.0,0.0,0.0,,0.0,HSBC Bank (Chile),antiguo
2021-09-01,"JP Morgan Chase Bank, N.A.",False,,,,,,,0.0,"JP Morgan Chase Bank, N.A.",antiguo
2021-09-01,Scotiabank Chile,False,1.1490661621052527,1.14914647232687,1.5322721906418413,0.718936512120565,0.7017410644461473,0.7220176328986785,314070.496033,Scotiabank Chile,antiguo
2021-09-01,Sistema Bancario,True,1.440933903651049,1.450266829243461,1.6958634971908553,1.1152281180741028,1.014488369918946,1.1442897650713748,2777589.446933,Sistema Bancario,antiguo
2021-10-01,Banco BTG Pactual Chile,False,3.5505232285331765,3.5505232285331765,3.5505232285331765,,,,47338.49183,Banco BTG Pactual Chile,antiguo
2021-10-01,Banco Bice,False,0.5655694375952256,0.5655694375952256,0.6589583483304475,0.2618977477752765,0.22490414943676698,0.26689103385328106,38616.303346,Banco Bice,antiguo
2021-10-01,Banco Consorcio,False,1.9647256730056433,1.9647256730056433,2.5197296532700824,0.22497808957210202,0.9039514572685096,0.16997870025306452,88519.941085,Banco Consorcio,antiguo
2021-10-01,Banco Falabella,False,1.5060522913202166,1.5060522913202166,4.91272695207308,1.3345105531037895,1.1137978144729492,1.6795758816705677,23145.369592,Banco Falabella,antiguo
2021-10-01,Banco Internacional,False,2.438139895018943,2.438139895018943,2.450570399688019,2.02953014262857,0.9520558930273442,2.3131461706512937,58229.721383,Banco Internacional,antiguo
2021-10-01,Banco Itaú Chile,False,2.0976642206615495,2.0976642206615495,2.7688398407068213,0.9758313710221705,1.2872536699830148,0.8734911214915249,395566.770549,Itaú Corpbanca,antiguo
2021-10-01,Banco Ripley,False,2.5459820519987924,2.5459820519987924,16.73384658784391,2.465049113265863,2.110351318942676,3.8441815135186976,2470.386762,Banco Ripley,antiguo
2021-10-01,Banco Santander-Chile,False,1.1373093515539632,1.1373325374567544,1.6240701327525677,0.6430345663947659,0.818841023202199,0.5876086064445463,407641.776013,Banco Santander-Chile,antiguo
2021-10-01,Banco Security,False,1.4433103101992506,1.4436185104132069,1.5563276926751617,0.9477557894448154,1.0500374842930047,0.8942910001979057,94728.148198,Banco Security,antiguo
2021-10-01,Banco de Chile,False,0.8511700639171491,0.8618147892443232,0.9564645751377452,0.7334698482796876,0.8208309151571237,0.6985249672623897,289674.82691,Banco de Chile,antiguo
2021-10-01,Banco de Crédito e Inversiones,False,1.2891973520791657,1.294659276454694,1.6571134438163555,0.7923294622330856,1.2149951647155643,0.6579340410016595,340474.234578,Banco de Crédito e Inversiones,antiguo
2021-10-01,Banco del Estado de Chile,False,2.29963819479574,2.3793527452623846,2.000407674513315,2.7994546667090585,1.3098303664962312,3.0524269743120955,665826.096069,Banco del Estado de Chile,antiguo
2021-10-01,Banco do Brasil S.A.,False,,,,,,,0.0,Banco do Brasil S.A.,antiguo
2021-10-01,"Bank of China, Agencia en Chile",False,,,,,,,0.0,"Bank of China, Agencia en Chile",antiguo
2021-10-01,"China Construction Bank, Agencia en Chile",False,0.0,0.0,0.0,,,,0.0,"China Construction Bank, Agencia en Chile",antiguo
2021-10-01,HSBC Bank (Chile),False,0.0,0.0,0.0,0.0,0.0,,0.0,HSBC Bank (Chile),antiguo
2021-10-01,"JP Morgan Chase Bank, N.A.",False,,,,,,,0.0,"JP Morgan Chase Bank, N.A.",antiguo
2021-10-01,Scotiabank Chile,False,0.9177305627085636,0.9182877283661631,1.0918080952948046,0.7245927549189806,0.7243286278060013,0.724639721920868,254972.908798,Scotiabank Chile,antiguo
2021-10-01,Sistema Bancario,True,1.3850614462952096,1.3959225870252967,1.6303260050950446,1.0763704391112372,0.9821302376903466,1.1034649044904727,2707204.9751130003,Sistema Bancario,antiguo
2021-11-01,Banco BTG Pactual Chile,False,4.663258060513326,4.663258060513326,4.663258060513326,,,,64390.40307,Banco BTG Pactual Chile,antiguo
2021-11-01,Banco Bice,False,0.5686315224480909,0.5686315224480909,0.6512976591234326,0.2962550934032214,0.2801420765165424,0.2984406346353227,39761.875665,Banco Bice,antiguo
2021-11-01,Banco Consorcio,False,1.872792202714169,1.872792202714169,2.39390395384898,0.25231845823858967,0.9803418299623692,0.1956152824498109,86629.582751,Banco Consorcio,antiguo
2021-11-01,Banco Falabella,False,1.5777549320724913,1.5777549320724913,5.088512782539651,1.402215579639982,1.17912332047338,1.7529798007205877,24571.478074,Banco Falabella,antiguo
2021-11-01,Banco Internacional,False,2.188942510240505,2.188942510240505,2.1995748760524094,1.8600043188189035,1.0954835280060893,2.0674473960953343,49766.01583,Banco Internacional,antiguo
2021-11-01,Banco Itaú Chile,False,1.6858438653579353,1.6858438653579353,2.09767157477125,1.0040441458976637,1.42218122021898,0.864895475524932,323578.624151,Itaú Corpbanca,antiguo
2021-11-01,Banco Ripley,False,2.822579260416031,2.822579260416031,17.93546452183659,2.739022008970782,2.110138871818191,5.203875928289658,2729.713027,Banco Ripley,antiguo
2021-11-01,Banco Santander-Chile,False,1.2265400804798532,1.2265496655567345,1.6833886750799516,0.7676545873126196,0.877410043340982,0.7334114500682923,443175.049,Banco Santander-Chile,antiguo
2021-11-01,Banco Security,False,1.3508531286373975,1.3735723745702078,1.487797445782716,0.8716871181273435,1.006394676777974,0.8020429266283506,91406.531679,Banco Security,antiguo
2021-11-01,Banco de Chile,False,0.8409993862105959,0.8463813890073169,0.937148856333926,0.7228491253602319,0.8427384693384715,0.6742562299777637,289559.964721,Banco de Chile,antiguo
2021-11-01,Banco de Crédito e Inversiones,False,1.1896944728137464,1.1932577573722687,1.4936445589050653,0.7800822890277486,1.2168248938377555,0.6423510372217831,317692.867387,Banco de Crédito e Inversiones,antiguo
2021-11-01,Banco del Estado de Chile,False,2.167849827851213,2.238520318523067,1.9158377095858115,2.5937149353899467,1.3782628203128056,2.8005799878307798,630283.485214,Banco del Estado de Chile,antiguo
2021-11-01,Banco do Brasil S.A.,False,,,,,,,0.0,Banco do Brasil S.A.,antiguo
2021-11-01,"Bank of China, Agencia en Chile",False,,,,,,,0.0,"Bank of China, Agencia en Chile",antiguo
2021-11-01,"China Construction Bank, Agencia en Chile",False,0.0,0.0,0.0,,,,0.0,"China Construction Bank, Agencia en Chile",antiguo
2021-11-01,HSBC Bank (Chile),False,0.0,0.0,0.0,0.0,0.0,,0.0,HSBC Bank (Chile),antiguo
2021-11-01,"JP Morgan Chase Bank, N.A.",False,,,,,,,0.0,"JP Morgan Chase Bank, N.A.",antiguo
2021-11-01,Scotiabank Chile,False,0.9016434228643505,0.9016805076982921,1.070589695276829,0.7137102230840204,0.7456094779073685,0.7081249656336466,255140.51118,Scotiabank Chile,antiguo
2021-11-01,Sistema Bancario,True,1.3235127104958788,1.3324690010342606,1.5282989071111637,1.0667497082400423,1.026966161463277,1.078169480837715,2618686.1017489997,Sistema Bancario,antiguo
2021-12-01,Banco BTG Pactual Chile,False,3.9664729637287963,3.9664729637287963,3.9664729637287963,,,,58731.999219,Banco BTG Pactual Chile,antiguo
2021-12-01,Banco Bice,False,0.6682072053924402,0.6682072053924402,0.7942823417525141,0.2533350577684406,0.25858393852938916,0.2526281585962033,46941.74844,Banco Bice,antiguo
2021-12-01,Banco Consorcio,False,1.4069041775905315,1.4069041775905315,1.7828704383556309,0.26449271868201035,0.978411056765699,0.20994804719673232,64877.428854,Banco Consorcio,antiguo
2021-12-01,Banco Falabella,False,1.6338038387835578,1.6338038387835578,5.180161572167856,1.4581188376642387,1.2584840624902773,1.7744997705924839,25672.389613,Banco Falabella,antiguo
2021-12-01,Banco Internacional,False,1.6982769505219393,1.6982769505219393,1.693437074577565,1.8483548668408463,0.9097618402007649,2.1114983375770358,39720.724855,Banco Internacional,antiguo
2021-12-01,Banco Itaú Chile,False,1.5928804967746042,1.5928804967746042,2.012409565782373,0.9081084070825948,1.0273375686725745,0.8679119085856615,309050.177354,Itaú Corpbanca,antiguo
2021-12-01,Banco Ripley,False,3.0891480493268118,3.0891480493268118,18.986286449033667,3.0051122578319913,2.1822181406689816,6.259259646801049,2984.24338,Banco Ripley,antiguo
2021-12-01,Banco Santander-Chile,False,1.219001123368559,1.2190154357061251,1.6420642468332765,0.794465096914334,0.9339044007346851,0.7511058269398359,444290.075042,Banco Santander-Chile,antiguo
2021-12-01,Banco Security,False,1.3677067606096054,1.368282091549351,1.4692163316939033,0.9245812218823224,1.245269842976107,0.7598419591122144,92197.828174,Banco Security,antiguo
2021-12-01,Banco de Chile,False,0.8315110407763026,0.8421508322558722,0.922404566028897,0.7334004223003617,0.842015689107882,0.6887990534163623,289474.817076,Banco de Chile,antiguo
2021-12-01,Banco de Crédito e Inversiones,False,1.1513447268799617,1.1553811504567004,1.4679105253868712,0.7345047128799171,1.0478979286272223,0.6359937721341471,307877.438266,Banco de Crédito e Inversiones,antiguo
2021-12-01,Banco del Estado de Chile,False,1.9746201591615342,2.0306844606535215,1.5276408006971254,2.5785351903094726,1.533059895305546,2.7565098709925313,573899.910677,Banco del Estado de Chile,antiguo
2021-12-01,"Bank of China, Agencia en Chile",False,,,,,,,0.0,"Bank of China, Agencia en Chile",antiguo
2021-12-01,"China Construction Bank, Agencia en Chile",False,0.0,0.0,0.0,,,,0.0,"China Construction Bank, Agencia en Chile",antiguo
2021-12-01,HSBC Bank (Chile),False,0.0,0.0,0.0,0.0,0.0,,0.0,HSBC Bank (Chile),antiguo
2021-12-01,"JP Morgan Chase Bank, N.A.",False,,,,,,,0.0,"JP Morgan Chase Bank, N.A.",antiguo
2021-12-01,Scotiabank Chile,False,0.8880254881774876,0.8881185132756148,1.0355769180423,0.7253228725378768,0.8062451482384995,0.7112391231407936,254153.838141,Scotiabank Chile,antiguo
2021-12-01,Sistema Bancario,True,1.259438849325507,1.267977008776141,1.422189007393895,1.0602428879655237,1.008887356130157,1.075007061107226,2509872.619091,Sistema Bancario,antiguo
2022-01-01,Banco BTG Pactual Chile,False,3.958695187722711,3.958695187722711,3.958695187722711,,,,58731.999219,Banco BTG Pactual Chile,nuevo
2022-01-01,Banco Bice,False,0.6564382533851293,0.6564382533851293,0.7693326830130216,0.2908300831799834,0.38629820288644684,0.27825350920517544,45929.123798,Banco Bice,nuevo
2022-01-01,Banco Consorcio,False,1.4089929958854053,1.4089929958854053,1.8000347444366955,0.2581414560946866,1.0416881494870374,0.199048410725456,64060.421405,Banco Consorcio,nuevo
2022-01-01,Banco Falabella,False,1.6617682943695136,1.6617682943695136,5.250054854316304,1.4888889941889862,1.2848427883331033,1.8246071669391715,26747.573934,Banco Falabella,nuevo
2022-01-01,Banco Internacional,False,1.8186750826751101,1.8186750826751101,1.811395464850527,2.0366895372066356,1.2061226630536022,2.273778821977542,41944.373155,Banco Internacional,nuevo
2022-01-01,Banco Itaú Chile,False,1.603735982900639,1.603735982900639,1.975411161359159,1.0138660454478294,1.412659482676085,0.8782341930330391,310131.980997,Itaú Corpbanca,nuevo
2022-01-01,Banco Ripley,False,3.1440402754423853,3.1440402754423853,17.59986656890223,3.0719422749926406,2.3172502165259856,6.12240462226898,3045.713819,Banco Ripley,nuevo
2022-01-01,Banco Santander-Chile,False,1.2583636550455268,1.2617989754748375,1.7116986812863417,0.8193582348709961,0.9936556547813534,0.7660096331431787,456837.289694,Banco Santander-Chile,nuevo
2022-01-01,Banco Security,False,1.5195981638736606,1.5195981638736606,1.6815207607257388,0.8227328942119789,0.9684981449595729,0.7480052120088206,101830.733011,Banco Security,nuevo
2022-01-01,Banco de Chile,False,0.8769007065012885,0.8769007065012885,0.9623823930170516,0.7745951724336606,0.9602663061954756,0.6983974132663189,300987.873493,Banco de Chile,nuevo
2022-01-01,Banco de Crédito e Inversiones,False,1.0902184052911275,1.0902184052911275,1.3481715215441588,0.7278294557051377,1.05349850460618,0.6256717121465829,304172.664669,Banco de Crédito e Inversiones,nuevo
2022-01-01,Banco del Estado de Chile,False,1.985798522660038,1.985798522660038,1.6196952473551383,2.562220547535423,1.7079884836876327,2.707911369059763,586151.01615,Banco del Estado de Chile,nuevo
2022-01-01,"Bank of China, Agencia en Chile",False,0.0,0.0,0.0,,,,0.0,"Bank of China, Agencia en Chile",nuevo
2022-01-01,"China Construction Bank, Agencia en Chile",False,0.0,0.0,0.0,,,,0.0,"China Construction Bank, Agencia en Chile",nuevo
2022-01-01,HSBC Bank (Chile),False,0.0,0.0,0.0,0.0,0.0,,0.0,HSBC Bank (Chile),nuevo
2022-01-01,"JP Morgan Chase Bank, N.A.",False,,,,,,,0.0,"Jp Morgan Chase Bank, N.A.",nuevo
2022-01-01,Scotiabank Chile,False,0.8580848816075559,0.8580848816075559,0.9757547313134403,0.7318531138997334,0.9212651858938595,0.6992086778120334,244597.450054,Scotiabank Chile,nuevo
2022-01-01,Sistema Bancario,True,1.2726924047997357,1.2733217335539262,1.4355285564254765,1.07928268846009,1.1176733542027086,1.0682804754070643,2545168.213398,Sistema Bancario,nuevo
2022-02-01,Banco BTG Pactual Chile,False,2.4930339211789607,2.4930339211789607,2.4930339211789607,,,,36622.920392,Banco BTG Pactual Chile,nuevo
2022-02-01,Banco Bice,False,0.6593032177828803,0.6593032177828803,0.7847395513103571,0.2554164045180842,0.3930357326989291,0.23772154806646137,46342.218458,Banco Bice,nuevo
2022-02-01,Banco Consorcio,False,1.2932644643861269,1.2932644643861269,1.6373854587562957,0.29002214966307105,1.094667252858723,0.23033749560203498,58948.546244,Banco Consorcio,nuevo
2022-02-01,Banco Falabella,False,1.7308414532985978,1.7308414532985978,5.6353670524184185,1.545162681198661,1.3386020802667913,1.8915391225031055,28341.022086,Banco Falabella,nuevo
2022-02-01,Banco Internacional,False,2.34855745250119,2.34855745250119,2.363743997539759,1.9062137003875332,0.9836751837937506,2.178633109272408,54169.521024,Banco Internacional,nuevo
2022-02-01,Banco Itaú Chile,False,1.627562609287045,1.627562609287045,2.011989955308594,1.0230093490759,1.4705728995750367,0.8702232542384393,317645.106806,Itaú Corpbanca,nuevo
2022-02-01,Banco Ripley,False,3.39475540404584,3.39475540404584,15.868490114622018,3.335528689161078,2.417286565518312,7.075038877330256,3290.219574,Banco Ripley,nuevo
2022-02-01,Banco Santander-Chile,False,1.1865797195300216,1.1897706280584939,1.662813961860666,0.7235025089265099,1.0688349263277312,0.6198389723574911,433282.820653,Banco Santander-Chile,nuevo
2022-02-01,Banco Security,False,1.644265963426857,1.644265963426857,1.8418776924527585,0.7944319091595013,1.0138806901011899,0.6836134154455119,110714.465533,Banco Security,nuevo
2022-02-01,Banco de Chile,False,0.8996981798369955,0.8996981798369955,0.9841527935879498,0.797496511543427,1.006120195839509,0.7124597737330541,307791.580442,Banco de Chile,nuevo
2022-02-01,Banco de Crédito e Inversiones,False,1.103739473987791,1.103739473987791,1.3547266442813988,0.7528393945673506,1.0954433435099005,0.6464862146498247,310866.068214,Banco de Crédito e Inversiones,nuevo
2022-02-01,Banco del Estado de Chile,False,2.097374820200992,2.097374820200992,1.7303351305114987,2.6191561799529555,1.7757384577326885,2.76319223093055,613308.089767,Banco del Estado de Chile,nuevo
2022-02-01,"Bank of China, Agencia en Chile",False,0.0,0.0,0.0,,,,0.0,"Bank of China, Agencia en Chile",nuevo
2022-02-01,"China Construction Bank, Agencia en Chile",False,0.0,0.0,0.0,,,,0.0,"China Construction Bank, Agencia en Chile",nuevo
2022-02-01,HSBC Bank (Chile),False,0.0,0.0,0.0,0.0,0.0,,0.0,HSBC Bank (Chile),nuevo
2022-02-01,"JP Morgan Chase Bank, N.A.",False,0.0,0.0,0.0,,,,0.0,"Jp Morgan Chase Bank, N.A.",nuevo
2022-02-01,Scotiabank Chile,False,0.9184279551866078,0.9184279551866078,1.0332093624890109,0.7957182874529428,1.0955341650420076,0.7449604400389089,264004.627218,Scotiabank Chile,nuevo
2022-02-01,Sistema Bancario,True,1.2889058597761958,1.2895354596475983,1.4540051694020604,1.0869791930801527,1.188524969455053,1.058136414304689,2585327.206411,Sistema Bancario,nuevo
2022-03-01,Banco BTG Pactual Chile,False,2.479902350720596,2.479902350720596,2.479902350720596,,,,36622.920392,Banco BTG Pactual Chile,nuevo
2022-03-01,Banco Bice,False,0.6729031736592144,0.6729031736592144,0.8019778959782582,0.25383642636233195,0.38141014956603353,0.23645052464905558,48266.086911,Banco Bice,nuevo
2022-03-01,Banco Consorcio,False,1.3252809699224637,1.3252809699224637,1.6806466614930249,0.2972814909629191,1.0859430104006331,0.2388873501106549,60625.663895,Banco Consorcio,nuevo
2022-03-01,Banco Falabella,False,1.8112564242860503,1.8112564242860503,5.930458040350435,1.6196973476149716,1.4362277690174523,1.9357511041459259,30157.570115,Banco Falabella,nuevo
2022-03-01,Banco Internacional,False,1.9198784641046005,1.9198784641046005,1.9221186174697413,1.8554820164083776,0.9213723199454794,2.137791393524713,44752.691601,Banco Internacional,nuevo
2022-03-01,Banco Itaú Chile,False,1.5823942230985077,1.5823942230985077,1.9581689746382906,1.0021605728383478,1.4363084254806284,0.8506861739222439,310248.56409,Itaú Corpbanca,nuevo
2022-03-01,Banco Ripley,False,3.0953320823531083,3.0953320823531083,13.941051174859487,3.0471772984254555,2.5421089262968057,5.1505496869273495,3024.241321,Banco Ripley,nuevo
2022-03-01,Banco Santander-Chile,False,1.1894234457553359,1.1919876879040028,1.670661728181184,0.7232891111255642,1.1288984142735823,0.600925775685583,434781.769426,Banco Santander-Chile,nuevo
2022-03-01,Banco Security,False,2.1134302042240978,2.1134302042240978,2.4183342215611408,0.8117697779092694,0.9433084873770281,0.7446662246584697,143173.473564,Banco Security,nuevo
2022-03-01,Banco de Chile,False,0.8729393433861488,0.8729393433861488,0.9577272171946332,0.7738980618616862,1.0304380574897911,0.6655843183649764,300325.560999,Banco de Chile,nuevo
2022-03-01,Banco de Crédito e Inversiones,False,1.0784665173794912,1.0784665173794912,1.313987261025622,0.7463043489026122,1.1235689302562202,0.6283103292325322,309087.975852,Banco de Crédito e Inversiones,nuevo
2022-03-01,Banco del Estado de Chile,False,2.108892575136423,2.108892575136423,1.7887613089369376,2.6153334449745014,1.671065054437107,2.777692087029982,619845.360193,Banco del Estado de Chile,nuevo
2022-03-01,"Bank of China, Agencia en Chile",False,0.0,0.0,0.0,,,,0.0,"Bank of China, Agencia en Chile",nuevo
2022-03-01,"China Construction Bank, Agencia en Chile",False,0.0,0.0,0.0,,,,0.0,"China Construction Bank, Agencia en Chile",nuevo
2022-03-01,HSBC Bank (Chile),False,0.0,0.0,0.0,0.0,0.0,,0.0,HSBC Bank (Chile),nuevo
2022-03-01,"JP Morgan Chase Bank, N.A.",False,0.0,0.0,0.0,,,,0.0,"Jp Morgan Chase Bank, N.A.",nuevo
2022-03-01,Scotiabank Chile,False,0.8830519548841933,0.8830519548841933,0.9941079387386035,0.7643223076816145,1.0716338874930083,0.7110560676376182,256953.177855,Scotiabank Chile,nuevo
2022-03-01,Sistema Bancario,True,1.285002933126298,1.2855029477464612,1.4605733034475015,1.0748532680926586,1.1970975238504584,1.03952395725794,2597865.056214,Sistema Bancario,nuevo
2022-04-01,Banco BTG Pactual Chile,False,4.156000111804375,4.156000111804375,4.156000111804375,,,,63727.904695,Banco BTG Pactual Chile,nuevo
2022-04-01,Banco Bice,False,0.6701835457175296,0.6701835457175296,0.7954071584964831,0.25594651845501426,0.4131535662109424,0.23443104892539732,49473.562112,Banco Bice,nuevo
2022-04-01,Banco Consorcio,False,1.3335798754460058,1.3335798754460058,1.6685709993031135,0.3640305621587278,1.1559597441926548,0.30630981576617977,62065.302427,Banco Consorcio,nuevo
2022-04-01,Banco Falabella,False,1.9306647665171506,1.9306647665171506,6.114881939891498,1.7355721075057926,1.5668620403247269,2.0269959960482997,32513.082137,Banco Falabella,nuevo
2022-04-01,Banco Internacional,False,2.0086624008003713,2.0086624008003713,2.0107199477789233,1.9496380557686246,0.790121352930492,2.3060565121315872,47643.759612,Banco Internacional,nuevo
2022-04-01,Banco Itaú Chile,False,1.8934988030763813,1.8934988030763813,2.4501638734619755,1.0184531918089015,1.4756358075135256,0.8589414405461161,381702.15772,Itaú Corpbanca,nuevo
2022-04-01,Banco Ripley,False,3.2415404728798896,3.2415404728798896,13.878769232829544,3.1959386405591013,2.6683745698814603,5.412826955297177,3175.386788,Banco Ripley,nuevo
2022-04-01,Banco Santander-Chile,False,1.2404251304914653,1.2430113047982743,1.7005146234632633,0.7940909694261105,1.2755141972300612,0.6493445412740037,461209.814967,Banco Santander-Chile,nuevo
2022-04-01,Banco Security,False,2.101709834605071,2.101709834605071,2.411543280631242,0.7792371994650282,1.0454731779812405,0.644707877848201,144450.311538,Banco Security,nuevo
2022-04-01,Banco de Chile,False,0.8663676468981125,0.8663676468981125,0.9360102684172777,0.8026771298635482,1.0806553355362765,0.6853927322640263,306329.192389,Banco de Chile,nuevo
2022-04-01,Banco de Crédito e Inversiones,False,1.1551091610631703,1.1551091610631703,1.393603340389995,0.8153686149431284,1.2356058796843719,0.6836189748376622,341274.964759,Banco de Crédito e Inversiones,nuevo
2022-04-01,Banco del Estado de Chile,False,2.366854473345036,2.366854473345036,2.2902283553051532,2.647961713746085,1.7675588367421822,2.79801925271827,705091.940683,Banco del Estado de Chile,nuevo
2022-04-01,"Bank of China, Agencia en Chile",False,0.0,0.0,0.0,,,,0.0,"Bank of China, Agencia en Chile",nuevo
2022-04-01,"China Construction Bank, Agencia en Chile",False,0.0,0.0,0.0,,,,0.0,"China Construction Bank, Agencia en Chile",nuevo
2022-04-01,HSBC Bank (Chile),False,0.0,0.0,0.0,0.0,0.0,,0.0,HSBC Bank (Chile),nuevo
2022-04-01,"JP Morgan Chase Bank, N.A.",False,0.0,0.0,0.0,,,,0.0,"Jp Morgan Chase Bank, N.A.",nuevo
2022-04-01,Scotiabank Chile,False,0.8895748239812339,0.8895748239812339,0.9836308813076944,0.7869061556160877,1.117910458960579,0.7302141512863853,265910.360052,Scotiabank Chile,nuevo
2022-04-01,Sistema Bancario,True,1.3844263438152347,1.3849441338789084,1.6069957029596666,1.1164876150252534,1.2858026384003443,1.0677172483241666,2864567.739879,Sistema Bancario,nuevo
2022-05-01,Banco BTG Pactual Chile,False,3.7338950202212433,3.7338950202212433,3.7338950202212433,,,,58307.590636,Banco BTG Pactual Chile,nuevo
2022-05-01,Banco Bice,False,0.705593280748533,0.705593280748533,0.8522068767542931,0.22568911325876223,0.261078293474524,0.22085544264584814,52498.428227,Banco Bice,nuevo
2022-05-01,Banco Consorcio,False,1.2451364318473566,1.2451364318473566,1.5885689502184717,0.38596486751553866,1.1452481873459357,0.33121893534580954,59194.165576,Banco Consorcio,nuevo
2022-05-01,Banco Falabella,False,2.1199531701222902,2.1199531701222902,6.324400441379786,1.924108905834269,1.8371859043701906,2.074769951992036,36189.041964,Banco Falabella,nuevo
2022-05-01,Banco Internacional,False,1.9878723905354014,1.9878723905354014,1.9911709739024839,1.8946828952279906,0.7377187094689787,2.2540446952853634,47583.518765,Banco Internacional,nuevo
2022-05-01,Banco Itaú Chile,False,1.773118488530236,1.777711245823021,2.258567595625983,1.028757546970812,1.5724854228285041,0.8388803037158202,362444.458925,Itaú Corpbanca,nuevo
2022-05-01,Banco Ripley,False,3.381511001266115,3.381511001266115,13.102365862457633,3.341863892150389,2.8899203051314464,5.248091177329635,3298.561151,Banco Ripley,nuevo
2022-05-01,Banco Santander-Chile,False,1.3906504658982664,1.393602229463487,1.795827890227609,1.003286048264601,1.363915326165447,0.8964864795740671,518282.584759,Banco Santander-Chile,nuevo
2022-05-01,Banco Security,False,2.0853715684618934,2.0853715684618934,2.403445301596253,0.7481096920819063,1.026082195834294,0.610872248765855,144160.326447,Banco Security,nuevo
2022-05-01,Banco de Chile,False,0.8963897426023548,0.8963897426023548,0.9721174888403804,0.8172664670048516,1.1561605544051872,0.6734762880009577,317714.985016,Banco de Chile,nuevo
2022-05-01,Banco de Crédito e Inversiones,False,1.179507820692525,1.179507820692525,1.4286091475075158,0.8435932050183006,1.417267698010234,0.6644498127121866,349597.718311,Banco de Crédito e Inversiones,nuevo
2022-05-01,Banco del Estado de Chile,False,2.2056697320447323,2.2056697320447323,1.9919874570493268,2.6309290924042084,1.9102308707728801,2.7534238460561684,666038.238254,Banco del Estado de Chile,nuevo
2022-05-01,"Bank of China, Agencia en Chile",False,0.0,0.0,0.0,,,,0.0,"Bank of China, Agencia en Chile",nuevo
2022-05-01,"China Construction Bank, Agencia en Chile",False,0.0,0.0,0.0,,,,0.0,"China Construction Bank, Agencia en Chile",nuevo
2022-05-01,HSBC Bank (Chile),False,0.0,0.0,0.0,0.0,0.0,,0.0,HSBC Bank (Chile),nuevo
2022-05-01,"JP Morgan Chase Bank, N.A.",False,0.0,0.0,0.0,,,,0.0,"Jp Morgan Chase Bank, N.A.",nuevo
2022-05-01,Scotiabank Chile,False,0.9179185931034444,0.9179185931034444,1.0146660423848548,0.8121329954128611,1.2694677114331623,0.7349611994072307,279262.198744,Scotiabank Chile,nuevo
2022-05-01,Sistema Bancario,True,1.3871845312183337,1.388060937619941,1.5745003042096255,1.171711894608826,1.402320609444805,1.1056248138391418,2894571.816775,Sistema Bancario,nuevo
2022-06-01,Banco BTG Pactual Chile,False,3.007916025422475,3.007916025422475,3.007916025422475,,,,48236.626026,Banco BTG Pactual Chile,nuevo
2022-06-01,Banco Bice,False,0.761096734392038,0.761096734392038,0.9060977861562506,0.2804930891488595,0.34097549450630327,0.2722391565968657,57990.159765,Banco Bice,nuevo
2022-06-01,Banco Consorcio,False,0.8698731369074747,0.8698731369074747,1.032022913087726,0.41251122118262384,1.1747768967176133,0.358387600617418,41043.941496,Banco Consorcio,nuevo
2022-06-01,Banco Falabella,False,2.3044713402826233,2.3044713402826233,6.344216389533593,2.1155997261038473,2.158035167258061,2.041999088564929,39692.611542,Banco Falabella,nuevo
2022-06-01,Banco Internacional,False,1.6967588492798944,1.6967588492798944,1.686377187764553,2.004700827906045,0.7847690192222048,2.381326851113788,43552.598908,Banco Internacional,nuevo
2022-06-01,Banco Itaú Chile,False,1.869244366438758,1.874586580521522,2.4067340586883357,1.0373869619760165,1.6526578981546094,0.8219366587512411,389581.473632,Itaú Corpbanca,nuevo
2022-06-01,Banco Ripley,False,3.5404733319609565,3.5404733319609565,12.287758687081855,3.506226260432578,3.0779219937444804,5.299100220229603,3422.048605,Banco Ripley,nuevo
2022-06-01,Banco Santander-Chile,False,1.4574496790447784,1.4603536417816532,1.8962480787213956,1.0316867670311416,1.3600037328539087,0.935519370179109,551374.677438,Banco Santander-Chile,nuevo
2022-06-01,Banco Security,False,1.889028664206328,1.889028664206328,2.145553782072811,0.7974660026155803,1.156677914691426,0.6234254967070806,133697.851107,Banco Security,nuevo
2022-06-01,Banco de Chile,False,0.9627071311071165,0.9627071311071165,1.0860057801215723,0.822110901984202,1.1762422224771831,0.6720011204457893,347193.374483,Banco de Chile,nuevo
2022-06-01,Banco de Crédito e Inversiones,False,1.2179362296423775,1.2179362296423775,1.459302897853818,0.9052136217451868,1.5519307574874146,0.7033187849595185,370303.447309,Banco de Crédito e Inversiones,nuevo
2022-06-01,Banco del Estado de Chile,False,2.3209018553706415,2.3209018553706415,2.1751578605194584,2.6789901206567674,2.269745919088541,2.748284240584134,714523.424219,Banco del Estado de Chile,nuevo
2022-06-01,"Bank of China, Agencia en Chile",False,0.0,0.0,0.0,,,,0.0,"Bank of China, Agencia en Chile",nuevo
2022-06-01,"China Construction Bank, Agencia en Chile",False,0.0,0.0,0.0,,,,0.0,"China Construction Bank, Agencia en Chile",nuevo
2022-06-01,HSBC Bank (Chile),False,0.0,0.0,0.0,0.0,0.0,,0.0,HSBC Bank (Chile),nuevo
2022-06-01,"JP Morgan Chase Bank, N.A.",False,0.0,0.0,0.0,,,,0.0,"Jp Morgan Chase Bank, N.A.",nuevo
2022-06-01,Scotiabank Chile,False,0.910349855718634,0.910349855718634,0.9808396280086772,0.8319520054237666,1.3598103912357997,0.7437076341091335,285289.443017,Scotiabank Chile,nuevo
2022-06-01,Sistema Bancario,True,1.420013655106622,1.4209113461354919,1.6052303527334841,1.2045343581709562,1.5024372316194314,1.1195850069462598,3025901.677547,Sistema Bancario,nuevo
2022-07-01,Banco BTG Pactual Chile,False,2.6797657466712215,2.6797657466712215,2.6797657466712215,,,,45749.726648,Banco BTG Pactual Chile,nuevo
2022-07-01,Banco Bice,False,0.7354723136687179,0.7354723136687179,0.8807077905301525,0.2582178714622753,0.3902603580493948,0.24045230620439906,56248.243509,Banco Bice,nuevo
2022-07-01,Banco Consorcio,False,1.1269808029118988,1.1269808029118988,1.3896266791248924,0.3970466158402737,1.3419753014322409,0.33071113267470226,53292.151287,Banco Consorcio,nuevo
2022-07-01,Banco Falabella,False,2.479271011835283,2.479271011835283,6.751928466191796,2.2799843987708575,2.35971118159024,2.1413744926346454,42941.304524,Banco Falabella,nuevo
2022-07-01,Banco Internacional,False,1.762669750181077,1.762669750181077,1.7695844104620753,1.5547620801925341,0.7022576358170517,1.820149131798081,46014.399127,Banco Internacional,nuevo
2022-07-01,Banco Itaú Chile,False,1.8836624801855175,1.8887095923378976,2.4117606434955126,1.0714701036311987,1.708133525852946,0.8487957683204692,394806.206974,Itaú Corpbanca,nuevo
2022-07-01,Banco Ripley,False,4.04723624372887,4.04723624372887,13.069661914239974,4.0134333068318035,3.474380325413803,6.267648362194736,3855.526684,Banco Ripley,nuevo
2022-07-01,Banco Santander-Chile,False,1.389632597299631,1.392393085461041,1.949965279331137,0.8508961661310193,1.3674392572252392,0.7017243686269178,526114.964657,Banco Santander-Chile,nuevo
2022-07-01,Banco Security,False,1.8889844438908159,1.8889844438908159,2.156985186025398,0.7510502727736625,1.0526983395717209,0.6078522341278095,134722.046099,Banco Security,nuevo
2022-07-01,Banco de Chile,False,0.9772850554788477,0.9772850554788477,1.1194409553225477,0.8335093752681846,1.2062142409485028,0.6767596932444022,355990.83264,Banco de Chile,nuevo
2022-07-01,Banco de Crédito e Inversiones,False,1.3090370446715345,1.3090370446715345,1.578445975620986,0.9756734261678052,1.7682737772475736,0.737419604657264,395117.354055,Banco de Crédito e Inversiones,nuevo
2022-07-01,Banco del Estado de Chile,False,2.4050335644581944,2.4050335644581944,2.3390113100077947,2.7041032108246412,2.2846925595331777,2.7753851474913276,746368.950921,Banco del Estado de Chile,nuevo
2022-07-01,"Bank of China, Agencia en Chile",False,0.0,0.0,0.0,,,,0.0,"Bank of China, Agencia en Chile",nuevo
2022-07-01,"China Construction Bank, Agencia en Chile",False,0.0,0.0,0.0,,,,0.0,"China Construction Bank, Agencia en Chile",nuevo
2022-07-01,HSBC Bank (Chile),False,0.0,0.0,0.0,0.0,0.0,,0.0,HSBC Bank (Chile),nuevo
2022-07-01,"JP Morgan Chase Bank, N.A.",False,0.0,0.0,0.0,,,,0.0,"Jp Morgan Chase Bank, N.A.",nuevo
2022-07-01,Scotiabank Chile,False,0.9304521430585505,0.9304521430585505,0.9898491482912495,0.8637590282588374,1.4613614151334942,0.7650284702763804,295598.573908,Scotiabank Chile,nuevo
2022-07-01,Sistema Bancario,True,1.4448981574185542,1.4457822999170455,1.6659293837622313,1.1925517174607299,1.5723431292290995,1.08560751396285,3096820.281033,Sistema Bancario,nuevo
2022-08-01,Banco BTG Pactual Chile,False,1.3629666505801348,1.3629666505801348,1.3629666505801348,,,,23392.097175,Banco BTG Pactual Chile,nuevo
2022-08-01,Banco Bice,False,0.8096187123949292,0.8096187123949292,0.9790921764009984,0.25633661085605974,0.31660459088097265,0.24821441930168842,62434.798884,Banco Bice,nuevo
2022-08-01,Banco Consorcio,False,1.069072781037455,1.069072781037455,1.3077511653579312,0.4127892498653684,1.5363443299683233,0.33421998351589866,50807.638145,Banco Consorcio,nuevo
2022-08-01,Banco Falabella,False,2.6920622033603867,2.6920622033603867,7.003428252012137,2.488881703440853,2.6725377542333275,2.1736663594509884,46672.582653,Banco Falabella,nuevo
2022-08-01,Banco Internacional,False,1.7950657214826098,1.7950657214826098,1.8127917767734163,1.2696847907336624,0.774405792605215,1.4225223499701152,47510.537993,Banco Internacional,nuevo
2022-08-01,Banco Itaú Chile,False,1.9901661432719295,1.9952200377156966,2.594435193891659,1.0616213584489307,1.7603163312952892,0.8157954354821274,422903.309196,Itaú Corpbanca,nuevo
2022-08-01,Banco Ripley,False,4.092630066499533,4.092630066499533,13.682947368635228,4.057734673687844,3.63348902710069,5.823273507861868,3861.533399,Banco Ripley,nuevo
2022-08-01,Banco Santander-Chile,False,1.6456218682768238,1.6488815943947162,2.1966890594472814,1.1314133765655137,1.5360128203441894,1.0162032074550422,621171.260504,Banco Santander-Chile,nuevo
2022-08-01,Banco Security,False,1.8593216852015277,1.8593216852015277,2.121866649205558,0.7562372262500129,1.0780009357313978,0.6072547696941248,132957.337847,Banco Security,nuevo
2022-08-01,Banco de Chile,False,1.0344626944564905,1.0344626944564905,1.148471392689226,0.9099603706639219,1.433797537203423,0.687490488713043,374619.397877,Banco de Chile,nuevo
2022-08-01,Banco de Crédito e Inversiones,False,1.381255763542295,1.381255763542295,1.6921915760120874,0.9963776967854453,1.8057354284033642,0.756199252380264,421101.723981,Banco de Crédito e Inversiones,nuevo
2022-08-01,Banco del Estado de Chile,False,2.557229908970135,2.557229908970135,2.659328895857161,2.6827080175727596,2.388644967705962,2.732936194667432,807735.324116,Banco del Estado de Chile,nuevo
2022-08-01,"Bank of China, Agencia en Chile",False,0.0,0.0,0.0,,,,0.0,"Bank of China, Agencia en Chile",nuevo
2022-08-01,"China Construction Bank, Agencia en Chile",False,0.0,0.0,0.0,,,,0.0,"China Construction Bank, Agencia en Chile",nuevo
2022-08-01,HSBC Bank (Chile),False,0.0,0.0,0.0,0.0,0.0,,0.0,HSBC Bank (Chile),nuevo
2022-08-01,"JP Morgan Chase Bank, N.A.",False,0.0,0.0,0.0,,,,0.0,"Jp Morgan Chase Bank, N.A.",nuevo
2022-08-01,Scotiabank Chile,False,0.9877212188984318,0.9877212188984318,1.0862700478327558,0.8763936243247125,1.5068536980009486,0.7728849453634014,318699.524892,Scotiabank Chile,nuevo
2022-08-01,Sistema Bancario,True,1.5449625270608056,1.5458827117209983,1.7825120030034591,1.2697177771591222,1.705150531692232,1.1475885578866922,3333867.066662,Sistema Bancario,nuevo
2022-09-01,Banco BTG Pactual Chile,False,1.2097624446086501,1.2097624446086501,1.2097624446086501,,,,22128.958986,Banco BTG Pactual Chile,nuevo
2022-09-01,Banco Bice,False,0.8005459318191185,0.8005459318191185,0.9609161563406332,0.27438671994447306,0.4842672051208558,0.24621986568373572,62881.804331,Banco Bice,nuevo
2022-09-01,Banco Consorcio,False,0.7327583587417202,0.7327583587417202,0.8231833579593497,0.4927169020694917,1.4914515722959063,0.4231311253437393,34332.50242,Banco Consorcio,nuevo
2022-09-01,Banco Falabella,False,2.995956548827405,2.995956548827405,7.2873266290620204,2.792336733337148,3.0722470585851687,2.322360842093507,51699.633642,Banco Falabella,nuevo
2022-09-01,Banco Internacional,False,1.7861496315537373,1.7861496315537373,1.8033805958448303,1.275465900175019,0.609969554492254,1.4792512755382257,47953.741852,Banco Internacional,nuevo
2022-09-01,Banco Itaú Chile,False,1.9537111982727184,1.9587821487335826,2.530110839593296,1.0557820753068892,1.7464122820900008,0.8138507840024939,424162.14777,Itaú Corpbanca,nuevo
2022-09-01,Banco Ripley,False,4.47298317035492,4.47298317035492,14.970934299543721,4.435516500763199,3.834230495835779,6.91292167960204,4165.193304,Banco Ripley,nuevo
2022-09-01,Banco Santander-Chile,False,1.675403622231528,1.6786514154177847,2.1802402304255484,1.191903292016849,1.6371267134511964,1.0682576608433099,645351.359324,Banco Santander-Chile,nuevo
2022-09-01,Banco Security,False,1.9829837217018396,1.9829837217018396,2.2644374193579764,0.7974289107783112,1.2535477240073583,0.5913881576004518,143698.174542,Banco Security,nuevo
2022-09-01,Banco de Chile,False,1.0739579500932532,1.0739579500932532,1.1816194955755042,0.9578092118591951,1.5679018378766219,0.7004432869743891,391068.550909,Banco de Chile,nuevo
2022-09-01,Banco de Crédito e Inversiones,False,1.4311049646299003,1.4349195243981725,1.7726288153382588,1.0218135755072049,1.8513520909735803,0.7796867180594996,440585.992509,Banco de Crédito e Inversiones,nuevo
2022-09-01,Banco del Estado de Chile,False,2.471401586406056,2.471401586406056,2.4119862407120687,2.7368014862941124,2.4340990220316643,2.787797601525843,787328.055552,Banco del Estado de Chile,nuevo
2022-09-01,"Bank of China, Agencia en Chile",False,0.0,0.0,0.0,,,,0.0,"Bank of China, Agencia en Chile",nuevo
2022-09-01,"China Construction Bank, Agencia en Chile",False,0.0,0.0,0.0,,,,0.0,"China Construction Bank, Agencia en Chile",nuevo
2022-09-01,HSBC Bank (Chile),False,0.0,0.0,0.0,0.0,0.0,,0.0,HSBC Bank (Chile),nuevo
2022-09-01,"JP Morgan Chase Bank, N.A.",False,0.0,0.0,0.0,,,,0.0,"Jp Morgan Chase Bank, N.A.",nuevo
2022-09-01,Scotiabank Chile,False,1.0132787013205242,1.0132787013205242,1.0969785965957977,0.9180143395609575,1.6068848848619603,0.8064931243696193,332684.694303,Scotiabank Chile,nuevo
2022-09-01,Sistema Bancario,True,1.5490392214501458,1.5505461940886398,1.7519981180357536,1.3183601852980813,1.8046342866429428,1.1840388982179642,3388040.809444,Sistema Bancario,nuevo
2022-10-01,Banco BTG Pactual Chile,False,1.776479850710143,1.776479850710143,1.776479850710143,,,,33482.027535,Banco BTG Pactual Chile,nuevo
2022-10-01,Banco Bice,False,0.7854369032057634,0.7854369032057634,0.9238561587998401,0.33399158088358977,0.5144524892171846,0.3094949896495968,62226.544021,Banco Bice,nuevo
2022-10-01,Banco Consorcio,False,0.813222715414344,0.813222715414344,0.9123615277156786,0.5539472336380824,1.6257065277506675,0.4792760755956929,38129.684168,Banco Consorcio,nuevo
2022-10-01,Banco Falabella,False,3.1916366865661985,3.1916366865661985,6.841509557132274,3.0180711978658916,3.329089527117729,2.5050168780000632,54815.824762,Banco Falabella,nuevo
2022-10-01,Banco Internacional,False,2.428571328131537,2.428571328131537,2.465985293986817,1.3666392509106067,0.658335457876267,1.5913219825351368,63381.814319,Banco Internacional,nuevo
2022-10-01,Banco Itaú Chile,False,1.9618847310728997,1.966713562439182,2.5364383712646723,1.0786398116597902,1.830050634322297,0.8120544561242191,427668.426923,Itaú Corpbanca,nuevo
2022-10-01,Banco Ripley,False,4.320717254136235,4.320717254136235,16.0613365094643,4.2810407834501225,3.738137608241438,6.56263180161086,4044.782097,Banco Ripley,nuevo
2022-10-01,Banco Santander-Chile,False,1.5335772914378765,1.5366139519805948,2.1246330830887135,0.9704197129611406,1.6406948611944625,0.7816868261861996,596215.737205,Banco Santander-Chile,nuevo
2022-10-01,Banco Security,False,1.855498896731843,1.855498896731843,2.0952904425885346,0.8643437286122406,1.201565087630811,0.7128795598510436,134106.737423,Banco Security,nuevo
2022-10-01,Banco de Chile,False,1.0751653287301999,1.0751653287301999,1.1704560271821056,0.9757795424035849,1.57951065179434,0.7192912379084901,397327.014422,Banco de Chile,nuevo
2022-10-01,Banco de Crédito e Inversiones,False,1.5575690225342416,1.5615916266821632,1.9544498749698405,1.0798540074932996,1.9586369515527897,0.8256327880098918,478884.968889,Banco de Crédito e Inversiones,nuevo
2022-10-01,Banco del Estado de Chile,False,2.6547168699721304,2.6547168699721304,2.6306788020041068,2.8712571241972618,2.569632160080378,2.9227197710558213,848870.849384,Banco del Estado de Chile,nuevo
2022-10-01,"Bank of China, Agencia en Chile",False,0.0,0.0,0.0,,,,0.0,"Bank of China, Agencia en Chile",nuevo
2022-10-01,"China Construction Bank, Agencia en Chile",False,0.0,0.0,0.0,,,,0.0,"China Construction Bank, Agencia en Chile",nuevo
2022-10-01,HSBC Bank (Chile),False,0.0,0.0,0.0,0.0,0.0,,0.0,HSBC Bank (Chile),nuevo
2022-10-01,"JP Morgan Chase Bank, N.A.",False,0.0,0.0,0.0,,,,0.0,"Jp Morgan Chase Bank, N.A.",nuevo
2022-10-01,Scotiabank Chile,False,1.1558749196112457,1.1558749196112457,1.2958027146929678,0.998158938604584,1.7494620978592361,0.8767012021175971,381167.382195,Scotiabank Chile,nuevo
2022-10-01,Sistema Bancario,True,1.6004847232449009,1.6020109740965869,1.8370485270086532,1.3260926331896337,1.87241260860276,1.1744614863401466,3520321.793343,Sistema Bancario,nuevo
2022-11-01,Banco BTG Pactual Chile,False,0.614400354745232,0.614400354745232,0.614400354745232,,,,11353.068549,Banco BTG Pactual Chile,nuevo
2022-11-01,Banco Bice,False,0.7586733307099789,0.7586733307099789,0.8810154794096204,0.364890850329289,0.557786111606184,0.3379749204227792,60197.365766,Banco Bice,nuevo
2022-11-01,Banco Consorcio,False,0.8656616381176133,0.8656616381176133,0.9916800057001803,0.5453805830229139,1.4107535941088765,0.4856921246774135,40690.020078,Banco Consorcio,nuevo
2022-11-01,Banco Falabella,False,3.278454125480812,3.278454125480812,6.888015398657785,3.106287657917763,3.4553170864911507,2.537490479672156,56181.66693,Banco Falabella,nuevo
2022-11-01,Banco Internacional,False,2.5465062721695286,2.5465062721695286,2.5949368252480913,1.201679967192399,0.6893963863390741,1.3725927332992296,66973.157087,Banco Internacional,nuevo
2022-11-01,Banco Itaú Chile,False,2.015651934780355,2.020543839654188,2.608770303532268,1.1203251978778992,1.9013904745614116,0.8371462247528887,440331.303911,Itaú Corpbanca,nuevo
2022-11-01,Banco Ripley,False,4.161274530780515,4.161274530780515,15.885844603294592,4.123472342140531,3.4984118651847025,6.803259927273779,3902.064695,Banco Ripley,nuevo
2022-11-01,Banco Santander-Chile,False,1.803621960354533,1.8073024336327914,2.309536438754225,1.33536005341648,1.7564752976454816,1.2159960914643755,699228.870119,Banco Santander-Chile,nuevo
2022-11-01,Banco Security,False,1.8081077958653629,1.8081077958653629,2.0396397603355423,0.869167966218968,1.2769085574631147,0.6842715645897869,131066.434118,Banco Security,nuevo
2022-11-01,Banco de Chile,False,1.1367040672228923,1.1367040672228923,1.2294840639125044,1.0466630428907275,1.7203458986252322,0.7522161845699898,418945.431702,Banco de Chile,nuevo
2022-11-01,Banco de Crédito e Inversiones,False,1.555676921405189,1.5595490959836469,1.928155404487632,1.1392342938076994,2.148987158947429,0.8466261642749978,470044.706402,Banco de Crédito e Inversiones,nuevo
2022-11-01,Banco del Estado de Chile,False,2.7965407953272887,2.7965407953272887,2.7530999092268638,3.0132227224762693,2.728346826268222,3.0629096434274254,895055.099849,Banco del Estado de Chile,nuevo
2022-11-01,"Bank of China, Agencia en Chile",False,0.0,0.0,0.0,,,,0.0,"Bank of China, Agencia en Chile",nuevo
2022-11-01,"China Construction Bank, Agencia en Chile",False,0.0,0.0,0.0,,,,0.0,"China Construction Bank, Agencia en Chile",nuevo
2022-11-01,HSBC Bank (Chile),False,0.0,0.0,0.0,0.0,0.0,,0.0,HSBC Bank (Chile),nuevo
2022-11-01,"JP Morgan Chase Bank, N.A.",False,0.0,0.0,0.0,,,,0.0,"Jp Morgan Chase Bank, N.A.",nuevo
2022-11-01,Scotiabank Chile,False,1.216111437749989,1.216111437749989,1.411934044029931,1.002012815855267,1.3878490645554278,0.9392317824151373,397682.528576,Scotiabank Chile,nuevo
2022-11-01,Sistema Bancario,True,1.685521541680057,1.687114968892216,1.896470749642362,1.4518322529222525,1.9479443781744452,1.3123050601010833,3691651.717782,Sistema Bancario,nuevo
2022-12-01,Banco BTG Pactual Chile,False,0.0,0.0,0.0,,,,0.0,Banco BTG Pactual Chile,nuevo
2022-12-01,Banco Bice,False,0.829923961506672,0.829923961506672,0.9704588287585105,0.38937986283387716,0.5231928934361162,0.37051145986443695,65219.399467,Banco Bice,nuevo
2022-12-01,Banco Consorcio,False,0.7103494063537182,0.7103494063537182,0.7834680033660527,0.5302265729043003,1.2162692388295353,0.48374241300596144,33682.442445,Banco Consorcio,nuevo
2022-12-01,Banco Falabella,False,3.45016958621368,3.45016958621368,7.276215172681123,3.2673960630797896,3.610507892411547,2.719228764364668,58690.164477,Banco Falabella,nuevo
2022-12-01,Banco Internacional,False,2.57149571641949,2.57149571641949,2.625200772671196,1.1091559214035773,0.6624175487567224,1.2626479770519337,69052.112693,Banco Internacional,nuevo
2022-12-01,Banco Itaú Chile,False,1.9591090655881658,1.9638687330312197,2.509219144566429,1.1668826010377897,1.9872351262706751,0.8661534565832887,430087.529405,Itaú Corpbanca,nuevo
2022-12-01,Banco Ripley,False,4.5129898833625495,4.5129898833625495,15.702595618768653,4.478222454198951,3.689931090100601,7.865134589824247,4192.87137,Banco Ripley,nuevo
2022-12-01,Banco Santander-Chile,False,1.837783049948399,1.844600397578664,2.417190147001161,1.3328880194034893,1.7323765875281034,1.2197276263263008,707629.132496,Banco Santander-Chile,nuevo
2022-12-01,Banco Security,False,1.9374151006452784,1.9374151006452784,2.1607486148884982,1.0466900486218986,1.602621447959028,0.795421002447043,140906.111839,Banco Security,nuevo
2022-12-01,Banco de Chile,False,1.062437866279646,1.062437866279646,1.089943650387717,1.0525055812526662,1.6816861268362786,0.7773288103152182,394613.988866,Banco de Chile,nuevo
2022-12-01,Banco de Crédito e Inversiones,False,1.5068308939155084,1.5103938126552525,1.7901129684754593,1.1942524898317017,2.2654649946773207,0.890941125130874,455333.239061,Banco de Crédito e Inversiones,nuevo
2022-12-01,Banco del Estado de Chile,False,2.969130408124838,2.969130408124838,2.9318480795489124,3.150747903938177,2.876309544191958,3.1988374959886174,953815.490205,Banco del Estado de Chile,nuevo
2022-12-01,"Bank of China, Agencia en Chile",False,0.0,0.0,0.0,,,,0.0,"Bank of China, Agencia en Chile",nuevo
2022-12-01,"China Construction Bank, Agencia en Chile",False,0.0,0.0,0.0,,,,0.0,"China Construction Bank, Agencia en Chile",nuevo
2022-12-01,HSBC Bank (Chile),False,0.0,0.0,0.0,0.0,0.0,,0.0,HSBC Bank (Chile),nuevo
2022-12-01,"JP Morgan Chase Bank, N.A.",False,0.0,0.0,0.0,,,,0.0,"Jp Morgan Chase Bank, N.A.",nuevo
2022-12-01,Scotiabank Chile,False,1.2656593537737113,1.2656593537737113,1.409615952568932,1.110283734376438,1.9045184490766682,0.981895325362043,415100.886713,Scotiabank Chile,nuevo
2022-12-01,Sistema Bancario,True,1.6990233994496289,1.7010915913053721,1.8762816648886556,1.5099098852846462,2.0409914334141432,1.3611054267240732,3728323.369037,Sistema Bancario,nuevo
2023-01-01,Banco BTG Pactual Chile,False,0.0,0.0,0.0,,,,0.0,Banco BTG Pactual Chile,nuevo
2023-01-01,Banco Bice,False,0.872604589474549,0.872604589474549,1.0178685959167104,0.4221062715647976,0.5600543485652383,0.4025819991966328,68414.138382,Banco Bice,nuevo
2023-01-01,Banco Consorcio,False,0.8970238978931915,0.8970238978931915,1.0410769722962427,0.5545253969835547,1.2463576484228367,0.5080567599148624,42221.721566,Banco Consorcio,nuevo
2023-01-01,Banco Falabella,False,3.5084812574972037,3.5084812574972037,7.335421763027238,3.3244212161270497,3.6695486263422787,2.7821165792485023,59213.543551,Banco Falabella,nuevo
2023-01-01,Banco Internacional,False,2.665059774116858,2.665059774116858,2.7285320802461297,0.9589202081431175,0.8054707401129888,1.0139374642202612,72708.095129,Banco Internacional,nuevo
2023-01-01,Banco Itaú Chile,False,2.042179433450247,2.0470297814028253,2.5849757756473566,1.2785336297877166,2.204533516680225,0.9338524618700059,445333.128016,Itaú Corpbanca,nuevo
2023-01-01,Banco Ripley,False,4.956157399154741,4.956157399154741,16.111013670646948,4.923092308383908,3.8607638643088587,9.593192390058377,4617.682726,Banco Ripley,nuevo
2023-01-01,Banco Santander-Chile,False,1.9419846456529768,1.9491844474971893,2.567241276690832,1.4028229635412135,1.8605295736113994,1.2742096609332292,744989.832472,Banco Santander-Chile,nuevo
2023-01-01,Banco Security,False,1.9212008556136,1.9212008556136,2.158276800742049,0.9887990267668694,1.3830474372455173,0.811942886595332,139277.281245,Banco Security,nuevo
2023-01-01,Banco de Chile,False,1.1269935376408549,1.1269935376408549,1.1382819882179034,1.1362918809340776,1.9014410649765154,0.8016394678530488,416489.880242,Banco de Chile,nuevo
2023-01-01,Banco de Crédito e Inversiones,False,1.6030502746575384,1.6066596697890985,1.89645078839856,1.2881841964965877,2.5433661534474217,0.9358683035721064,479647.233318,Banco de Crédito e Inversiones,nuevo
2023-01-01,Banco del Estado de Chile,False,3.114865504579865,3.114865504579865,3.1097923451727545,3.2594044596492395,3.0732102444569547,3.2924925086332206,1010221.188445,Banco del Estado de Chile,nuevo
2023-01-01,"Bank of China, Agencia en Chile",False,0.0,0.0,0.0,,,,0.0,"Bank of China, Agencia en Chile",nuevo
2023-01-01,"China Construction Bank, Agencia en Chile",False,0.0,0.0,0.0,,,,0.0,"China Construction Bank, Agencia en Chile",nuevo
2023-01-01,HSBC Bank (Chile),False,0.0,0.0,0.0,0.0,0.0,,0.0,HSBC Bank (Chile),nuevo
2023-01-01,"JP Morgan Chase Bank, N.A.",False,0.0,0.0,0.0,,,,0.0,"Jp Morgan Chase Bank, N.A.",nuevo
2023-01-01,Scotiabank Chile,False,1.3727021023495378,1.3727021023495378,1.5421682702834634,1.1976893926681764,2.123218510694694,1.0487695054879627,442138.887116,Scotiabank Chile,nuevo
2023-01-01,Sistema Bancario,True,1.7977611277328291,1.799909297793071,1.9886691241991707,1.5953791679855798,2.226075654458813,1.4189069694039724,3925272.612208,Sistema Bancario,nuevo
2023-02-01,Banco BTG Pactual Chile,False,0.0,0.0,0.0,,,,0.0,Banco BTG Pactual Chile,nuevo
2023-02-01,Banco Bice,False,0.8433567758566607,0.8433567758566607,0.9794833479421015,0.42308875593986367,0.557445284846837,0.4044418114837578,66510.908293,Banco Bice,nuevo
2023-02-01,Banco Consorcio,False,0.9065965686522093,0.9065965686522093,1.0492159725192158,0.5763716097116268,1.2028488852114871,0.534805875522826,42684.930204,Banco Consorcio,nuevo
2023-02-01,Banco Falabella,False,3.798312068895951,3.798312068895951,8.047503739730907,3.5920231930948696,4.016653554632123,2.9405753798326435,63364.247803,Banco Falabella,nuevo
2023-02-01,Banco Internacional,False,2.713980366588201,2.713980366588201,2.7695585235067153,1.217856760667794,0.9245869246159858,1.3235705484171951,75129.245953,Banco Internacional,nuevo
2023-02-01,Banco Itaú Chile,False,2.0847074559259755,2.089660175953022,2.6139019269810033,1.3408250022293997,2.336976892710988,0.970601824753385,458145.244861,Itaú Corpbanca,nuevo
2023-02-01,Banco Ripley,False,5.119618332277758,5.119618332277758,15.443395421880544,5.090655075409477,3.8755807693169326,10.504203864025376,4776.184373,Banco Ripley,nuevo
2023-02-01,Banco Santander-Chile,False,1.8289949341264289,1.8389027306591932,2.5639088485567303,1.1965371892295293,1.9078979593173753,0.9993623411009561,706512.560287,Banco Santander-Chile,nuevo
2023-02-01,Banco Security,False,1.8771469984008382,1.8771469984008382,2.1026115523533098,0.9962696178724207,1.407648851258311,0.8152994474608419,136458.195066,Banco Security,nuevo
2023-02-01,Banco de Chile,False,1.177305194830574,1.177305194830574,1.1950983317402386,1.1747948898355611,1.9449534893114553,0.8420182208789802,436063.080726,Banco de Chile,nuevo
2023-02-01,Banco de Crédito e Inversiones,False,1.5746251531029944,1.5778997673441832,1.7612054727476913,1.3875433884824582,2.681730872931456,1.0295503001279913,479112.107091,Banco de Crédito e Inversiones,nuevo
2023-02-01,Banco del Estado de Chile,False,3.2397145863048684,3.2397145863048684,3.2306262648866224,3.4121964166445657,3.089730105766395,3.469752984746727,1068730.007825,Banco del Estado de Chile,nuevo
2023-02-01,"Bank of China, Agencia en Chile",False,0.0,0.0,0.0,,,,0.0,"Bank of China, Agencia en Chile",nuevo
2023-02-01,"China Construction Bank, Agencia en Chile",False,0.0,0.0,0.0,,,,0.0,"China Construction Bank, Agencia en Chile",nuevo
2023-02-01,HSBC Bank (Chile),False,0.0,0.0,0.0,0.0,0.0,,0.0,HSBC Bank (Chile),nuevo
2023-02-01,"JP Morgan Chase Bank, N.A.",False,0.0,0.0,0.0,,,,0.0,"Jp Morgan Chase Bank, N.A.",nuevo
2023-02-01,Scotiabank Chile,False,1.386092997637312,1.386092997637312,1.540755044859469,1.2260180347941898,2.239954887111244,1.0658863757216437,448479.126698,Scotiabank Chile,nuevo
2023-02-01,Sistema Bancario,True,1.8103127007305206,1.8129752332928668,1.9969407578646459,1.612839945224975,2.3110019838959,1.4197385754616045,3985965.83918,Sistema Bancario,nuevo
2023-03-01,Banco BTG Pactual Chile,False,2.031355574975302,2.031355574975302,2.031355574975302,,,,36755.64721,Banco BTG Pactual Chile,nuevo
2023-03-01,Banco Bice,False,0.945603862875564,0.945603862875564,1.0957735962796638,0.48489852639277864,0.6882161279862972,0.4559912345980818,74743.965618,Banco Bice,nuevo
2023-03-01,Banco Consorcio,False,1.400562813571339,1.400562813571339,1.752424269486678,0.6024954386981103,1.3389416077219392,0.5534672364909923,65951.473357,Banco Consorcio,nuevo
2023-03-01,Banco Falabella,False,3.9312885383797886,3.9312885383797886,8.32182253276352,3.7139411348026967,4.130731867011565,3.0894383727342207,64697.957973,Banco Falabella,nuevo
2023-03-01,Banco Internacional,False,2.703053895071891,2.703053895071891,2.762563353944119,1.1402890877400262,0.7343342256808179,1.2933776191656297,75884.837516,Banco Internacional,nuevo
2023-03-01,Banco Itaú Chile,False,2.116707362672746,2.1310734745818247,2.710449099804111,1.3028680569071138,2.2754024055031605,0.9397382506338022,468160.519216,Itaú Corpbanca,nuevo
2023-03-01,Banco Ripley,False,5.310069028010061,5.310069028010061,16.21665318885661,5.280863362350424,3.9026560916091775,11.539859999871586,4948.263698,Banco Ripley,nuevo
2023-03-01,Banco Santander-Chile,False,1.8077329480306428,1.8174299719977465,2.530541141112046,1.1963443645943619,1.921683717706481,0.9922411041573446,700564.117421,Banco Santander-Chile,nuevo
2023-03-01,Banco Security,False,2.108960885041977,2.108960885041977,2.4042412749855444,0.9549566364527275,1.3207415627369516,0.7951096187562047,154269.756767,Banco Security,nuevo
2023-03-01,Banco de Chile,False,1.2128727475097216,1.2128727475097216,1.252554937522081,1.186089177332736,1.9030719031466332,0.869648566606635,452661.439519,Banco de Chile,nuevo
2023-03-01,Banco de Crédito e Inversiones,False,1.544051695565295,1.547170301168448,1.710568329076149,1.3786902327614687,2.621238162958428,1.0381708347559875,464236.030417,Banco de Crédito e Inversiones,nuevo
2023-03-01,Banco del Estado de Chile,False,3.2680160534637293,3.2680160534637293,3.291080837374913,3.367637395426679,2.77798314590566,3.474397030778381,1079197.892925,Banco del Estado de Chile,nuevo
2023-03-01,"Bank of China, Agencia en Chile",False,0.0,0.0,0.0,,,,0.0,"Bank of China, Agencia en Chile",nuevo
2023-03-01,"China Construction Bank, Agencia en Chile",False,0.0,0.0,0.0,,,,0.0,"China Construction Bank, Agencia en Chile",nuevo
2023-03-01,HSBC Bank (Chile),False,0.0,0.0,0.0,0.0,0.0,,0.0,HSBC Bank (Chile),nuevo
2023-03-01,"JP Morgan Chase Bank, N.A.",False,0.0,0.0,0.0,,,,0.0,"Jp Morgan Chase Bank, N.A.",nuevo
2023-03-01,Scotiabank Chile,False,1.4936804161042223,1.4936804161042223,1.8018868643573671,1.1782923998198285,2.224157513153632,1.012485401327832,483755.02477,Scotiabank Chile,nuevo
2023-03-01,Sistema Bancario,True,1.8717837641784763,1.875327094966988,2.120424817520413,1.5988194171768133,2.25182707138354,1.4167023131892056,4125826.926407,Sistema Bancario,nuevo
2023-04-01,Banco BTG Pactual Chile,False,3.4183197035396677,3.4183197035396677,3.4183197035396677,,,,60482.911232,Banco BTG Pactual Chile,nuevo
2023-04-01,Banco Bice,False,0.9370585692874365,0.9370585692874365,1.0925228540574232,0.4606129595987581,0.7501493446868166,0.41952317842503123,74809.621421,Banco Bice,nuevo
2023-04-01,Banco Consorcio,False,1.4723266234267252,1.4723266234267252,1.831473486320257,0.6668309451559804,1.3565883201883768,0.6213137993472817,69922.307356,Banco Consorcio,nuevo
2023-04-01,Banco Falabella,False,3.940372668536649,3.940372668536649,8.510837764626167,3.7110862083441165,4.026033490789866,3.251149689925147,64134.365645,Banco Falabella,nuevo
2023-04-01,Banco Internacional,False,2.7110260808317737,2.7110260808317737,2.772971662311712,1.0933216046866996,0.6212314737339002,1.2724135029289545,77745.481376,Banco Internacional,nuevo
2023-04-01,Banco Itaú Chile,False,2.056651738308678,2.061220651149379,2.5643550478392463,1.3377902875151626,2.366602254066262,0.9560825928139866,457293.100789,Banco Itaú Chile,nuevo
2023-04-01,Banco Ripley,False,5.257625465751531,5.257625465751531,17.631524137124373,5.225664096264256,3.730046493029853,12.053249780382885,4860.489612,Banco Ripley,nuevo
2023-04-01,Banco Santander-Chile,False,1.905926572784987,1.9162006168953152,2.671969699415463,1.2568168300978684,1.9778695040721526,1.0539667629373313,744549.74988,Banco Santander-Chile,nuevo
2023-04-01,Banco Security,False,2.0716507605148133,2.0716507605148133,2.355549786111759,0.9532936548308506,1.338960571724082,0.7872959342094775,154097.425104,Banco Security,nuevo
2023-04-01,Banco de Chile,False,1.2521103386238321,1.2521103386238321,1.2930862319057714,1.2221217754992333,1.9347282811932467,0.9109980327694865,467128.179829,Banco de Chile,nuevo
2023-04-01,Banco de Crédito e Inversiones,False,1.6273666200771768,1.6306702037293477,1.7985023220206997,1.4595206444551463,2.687479397498546,1.1294465007505672,495324.93155,Banco de Crédito e Inversiones,nuevo
2023-04-01,Banco del Estado de Chile,False,3.351566156605508,3.351566156605508,3.379868967519829,3.455420565368919,2.764167277035147,3.580832329560903,1132214.153125,Banco del Estado de Chile,nuevo
2023-04-01,"Bank of China, Agencia en Chile",False,0.0,0.0,0.0,,,,0.0,"Bank of China, Agencia en Chile",nuevo
2023-04-01,"China Construction Bank, Agencia en Chile",False,0.0,0.0,0.0,,,,0.0,"China Construction Bank, Agencia en Chile",nuevo
2023-04-01,HSBC Bank (Chile),False,0.0,0.0,0.0,0.0,0.0,,0.0,HSBC Bank (Chile),nuevo
2023-04-01,"JP Morgan Chase Bank, N.A.",False,0.0,0.0,0.0,,,,0.0,"Jp Morgan Chase Bank, N.A.",nuevo
2023-04-01,Scotiabank Chile,False,1.49341977046827,1.49341977046827,1.7523255900676982,1.2253348737004475,2.191344443605621,1.0741319888921288,487056.645201,Scotiabank Chile,nuevo
2023-04-01,Sistema Bancario,True,1.9280098446364897,1.9307903351800306,2.1747551260238276,1.6541881049618814,2.2788860995506814,1.4814799969641432,4289619.36212,Sistema Bancario,nuevo
2023-05-01,Banco BTG Pactual Chile,False,3.448245045695321,3.448245045695321,3.448245045695321,,,,60512.921666,Banco BTG Pactual Chile,nuevo
2023-05-01,Banco Bice,False,0.9233539326500614,0.9233539326500614,1.0907279109911843,0.4210292477733942,0.8442819862160703,0.36101831655129546,73166.825753,Banco Bice,nuevo
2023-05-01,Banco Consorcio,False,1.0661167619613892,1.0661167619613892,1.2765812340273266,0.6068351524628056,1.285560359141061,0.5620256433222516,50476.829114,Banco Consorcio,nuevo
2023-05-01,Banco Falabella,False,4.145005697761359,4.145005697761359,9.328066304732046,3.8783454662906225,4.346138294209363,3.2155434981546014,66539.638544,Banco Falabella,nuevo
2023-05-01,Banco Internacional,False,2.763917665372567,2.763917665372567,2.8314860151094936,1.0370319497811606,0.8453796407280386,1.1107184287529834,80947.084861,Banco Internacional,nuevo
2023-05-01,Banco Itaú Chile,False,2.0728432644641615,2.077402899185626,2.6177074120914288,1.308877179364554,2.222418017215039,0.9692091349953006,460655.28396,Banco Itaú Chile,nuevo
2023-05-01,Banco Ripley,False,5.365353608315192,5.365353608315192,16.908327825723113,5.3370089936845,3.9082331896853684,12.060223426265978,5011.257548,Banco Ripley,nuevo
2023-05-01,Banco Santander-Chile,False,2.0713969174403912,2.07807150531563,2.765753174372674,1.4798278071816118,1.9686384255471172,1.3421103260837688,813540.587344,Banco Santander-Chile,nuevo
2023-05-01,Banco Security,False,1.862483780978079,1.862483780978079,2.0940495122249403,0.9610879683059482,1.3675502268188806,0.7864033570117483,138307.735327,Banco Security,nuevo
2023-05-01,Banco de Chile,False,1.2809895451494284,1.2809895451494284,1.3286017790124012,1.24281525621595,1.9851538784736342,0.9154014233221162,475886.588886,Banco de Chile,nuevo
2023-05-01,Banco de Crédito e Inversiones,False,1.6415359877419562,1.6449017268715551,1.854696093981558,1.41360600601636,2.635443173286278,1.0885366648320731,502142.445606,Banco de Crédito e Inversiones,nuevo
2023-05-01,Banco del Estado de Chile,False,3.362645677875249,3.362645677875249,3.3791526846453825,3.5080417620277613,2.9171397551720717,3.6162555954624165,1152076.349931,Banco del Estado de Chile,nuevo
2023-05-01,"Bank of China, Agencia en Chile",False,0.0,0.0,0.0,,,,0.0,"Bank of China, Agencia en Chile",nuevo
2023-05-01,"China Construction Bank, Agencia en Chile",False,0.0,0.0,0.0,,,,0.0,"China Construction Bank, Agencia en Chile",nuevo
2023-05-01,HSBC Bank (Chile),False,0.0,0.0,0.0,0.0,0.0,,0.0,HSBC Bank (Chile),nuevo
2023-05-01,"JP Morgan Chase Bank, N.A.",False,0.0,0.0,0.0,,,,0.0,"Jp Morgan Chase Bank, N.A.",nuevo
2023-05-01,Scotiabank Chile,False,1.5303088961699964,1.5303088961699964,1.825337267539099,1.230632787864756,2.2038778647310244,1.078128907695813,496739.185142,Scotiabank Chile,nuevo
2023-05-01,Sistema Bancario,True,1.96289677457298,1.964990284504672,2.198528299219038,1.7066523763879604,2.297308108480373,1.5430689675777824,4376002.733682,Sistema Bancario,nuevo
2023-06-01,Banco BTG Pactual Chile,False,0.7217179438886698,0.7217179438886698,0.7217179438886698,,,,11877.060638,Banco BTG Pactual Chile,nuevo
2023-06-01,Banco Bice,False,0.63207899752481,0.63207899752481,0.7146509427369703,0.38713823832832805,0.8063604134114395,0.32821503513183714,49759.649903,Banco Bice,nuevo
2023-06-01,Banco Consorcio,False,1.1389872336346225,1.1389872336346225,1.3563229573507964,0.6845394458566626,1.2779654113313481,0.6456028655760756,53043.150015,Banco Consorcio,nuevo
2023-06-01,Banco Falabella,False,4.159810359447097,4.159810359447097,9.286834963475105,3.894807988700121,4.347244259624849,3.2693968489606027,65728.757977,Banco Falabella,nuevo
2023-06-01,Banco Internacional,False,2.4757414924733125,2.4757414924733125,2.5352001143296556,0.9702778674741552,0.9130773539775288,0.9924460301618097,74653.643415,Banco Internacional,nuevo
2023-06-01,Banco Itaú Chile,False,1.911124245074579,1.9153689862841419,2.382584940234233,1.279459843750159,2.079329431334301,0.9831419880813869,414755.055938,Banco Itaú Chile,nuevo
2023-06-01,Banco Ripley,False,5.60636044416273,5.60636044416273,14.478484379181307,5.585670442159276,3.896352328036114,13.558997594431736,5169.490674,Banco Ripley,nuevo
2023-06-01,Banco Santander-Chile,False,2.114883395357646,2.1215428693400624,2.8535063433438657,1.4994277412279853,1.8823302060246971,1.3923401443266625,826154.048048,Banco Santander-Chile,nuevo
2023-06-01,Banco Security,False,2.0203808514381727,2.0203808514381727,2.2943195583580227,0.9621336335074662,1.3232601189083635,0.8090892977241887,149928.09141,Banco Security,nuevo
2023-06-01,Banco de Chile,False,1.3229551210662889,1.3229551210662889,1.4166950264215519,1.2377001706025939,1.9038322670003893,0.9476437676556133,485915.099885,Banco de Chile,nuevo
2023-06-01,Banco de Crédito e Inversiones,False,1.6503935578228683,1.6537017948718515,1.8334510206939287,1.4538725421555725,2.6550238788787106,1.1383609911406294,513066.588326,Banco de Crédito e Inversiones,nuevo
2023-06-01,Banco del Estado de Chile,False,3.505222755608478,3.505222755608478,3.6347860370224447,3.558018271244091,2.7538438620639663,3.7048754247771494,1193699.846459,Banco del Estado de Chile,nuevo
2023-06-01,"Bank of China, Agencia en Chile",False,0.0,0.0,0.0,,,,0.0,"Bank of China, Agencia en Chile",nuevo
2023-06-01,"China Construction Bank, Agencia en Chile",False,0.0,0.0,0.0,,,,0.0,"China Construction Bank, Agencia en Chile",nuevo
2023-06-01,HSBC Bank (Chile),False,0.0,0.0,0.0,0.0,0.0,,0.0,HSBC Bank (Chile),nuevo
2023-06-01,"JP Morgan Chase Bank, N.A.",False,0.0,0.0,0.0,,,,0.0,"Jp Morgan Chase Bank, N.A.",nuevo
2023-06-01,Scotiabank Chile,False,1.6085112748531696,1.6085112748531696,1.9691942692447655,1.2468905883697181,2.179946230406938,1.1004530143785436,516432.465976,Scotiabank Chile,nuevo
2023-06-01,Sistema Bancario,True,1.9681457115744498,1.9702170346733279,2.198255071334671,1.7257387733594671,2.220551199004348,1.5898510403416304,4360182.948664,Sistema Bancario,nuevo
2023-07-01,Banco BTG Pactual Chile,False,0.7067272338754633,0.7067272338754633,0.7067272338754633,,,,11877.060638,Banco BTG Pactual Chile,nuevo
2023-07-01,Banco Bice,False,0.7178694939581135,0.7178694939581135,0.7987677771641423,0.4770748075036842,0.8704992446147919,0.4218629406824472,56724.700824,Banco Bice,nuevo
2023-07-01,Banco Consorcio,False,1.185640757629597,1.185640757629597,1.4588987499771067,0.6123109558372507,1.1770120004936744,0.5745602717301456,55155.362849,Banco Consorcio,nuevo
2023-07-01,Banco Falabella,False,4.0452455158383085,4.0452455158383085,9.874509795222158,3.7398497733952865,4.037291454439709,3.3377919941315044,62883.512737,Banco Falabella,nuevo
2023-07-01,Banco Internacional,False,2.6003194588704024,2.6003194588704024,2.661592608450621,1.0620426744100795,0.9925770622099304,1.0894721605882411,79448.310348,Banco Internacional,nuevo
2023-07-01,Banco Itaú Chile,False,1.903374542631157,1.9077346375007753,2.301045389647835,1.366019544107407,2.2656521788941215,1.033129484953828,417369.880179,Banco Itaú Chile,nuevo
2023-07-01,Banco Ripley,False,5.915115851177722,5.915115851177722,14.742844106405068,5.896220852319486,4.1757770129272265,14.066135620775896,5371.675033,Banco Ripley,nuevo
2023-07-01,Banco Santander-Chile,False,2.12062094721234,2.127499484141305,2.8407485251783844,1.5223746736780601,1.8953597808385965,1.4178338281218121,828319.216466,Banco Santander-Chile,nuevo
2023-07-01,Banco Security,False,1.9990995610191902,1.9990995610191902,2.276827031280262,0.9319513040207338,1.449763441122346,0.7129660567487941,148269.309557,Banco Security,nuevo
2023-07-01,Banco de Chile,False,1.3471383410012638,1.3471383410012638,1.431485537631312,1.267478101622767,1.9954689424543053,0.952619344143373,497352.453092,Banco de Chile,nuevo
2023-07-01,Banco de Crédito e Inversiones,False,1.7492987743552546,1.7530306558800455,1.9911248452497385,1.4821273879059285,2.66782024722265,1.1734670118465191,540925.713255,Banco de Crédito e Inversiones,nuevo
2023-07-01,Banco del Estado de Chile,False,3.5317681426615266,3.5317681426615266,3.6421017831878415,3.6005959602396787,2.981183928484311,3.714460014752756,1215892.448948,Banco del Estado de Chile,nuevo
2023-07-01,"Bank of China, Agencia en Chile",False,0.0,0.0,0.0,,,,0.0,"Bank of China, Agencia en Chile",nuevo
2023-07-01,"China Construction Bank, Agencia en Chile",False,0.0,0.0,0.0,,,,0.0,"China Construction Bank, Agencia en Chile",nuevo
2023-07-01,HSBC Bank (Chile),False,0.0,0.0,0.0,0.0,0.0,,0.0,HSBC Bank (Chile),nuevo
2023-07-01,"JP Morgan Chase Bank, N.A.",False,0.0,0.0,0.0,,,,0.0,"Jp Morgan Chase Bank, N.A.",nuevo
2023-07-01,Scotiabank Chile,False,1.5421416959197896,1.5421416959197896,1.813444202827166,1.2619052229981955,2.2361303454049573,1.1073848329920226,500830.749815,Scotiabank Chile,nuevo
2023-07-01,Sistema Bancario,True,,,,,,,,Sistema Bancario,nuevo
2023-08-01,Banco BTG Pactual Chile,False,0.6091517536487685,0.6091517536487685,0.6091517536487685,,,,10594.390589,Banco BTG Pactual Chile,nuevo
2023-08-01,Banco Bice,False,0.7050383833934325,0.7050383833934325,0.7960779477775101,0.466866170053753,0.681305201201108,0.436975670928262,56936.673541,Banco Bice,nuevo
2023-08-01,Banco Consorcio,False,1.392887605375431,1.392887605375431,1.7522810079069466,0.6372787645347036,1.3796789669427045,0.5869247496105231,65031.550658,Banco Consorcio,nuevo
2023-08-01,Banco Falabella,False,3.9805972411617865,3.9805972411617865,9.993894007994175,3.6591607578289413,3.8387356283601632,3.4204435948717977,61324.354052,Banco Falabella,nuevo
2023-08-01,Banco Internacional,False,2.512559766165591,2.512559766165591,2.577675771415687,0.9270076100026161,0.9759662111206165,0.9070307906855571,77330.101641,Banco Internacional,nuevo
2023-08-01,Banco Itaú Chile,False,1.8909580324856836,1.8948853629838551,2.251468980269563,1.4197444208922312,2.4610406219802576,1.036054268004515,416019.07017,Banco Itaú Chile,nuevo
2023-08-01,Banco Ripley,False,6.166495385264628,6.166495385264628,14.205803569541734,6.149882323174315,4.388682490025017,14.537269992896094,5518.436562,Banco Ripley,nuevo
2023-08-01,Banco Santander-Chile,False,2.167706003666453,2.17311533318133,2.906378691545502,1.5538847402720892,1.8833055750325673,1.4617760740790553,851489.557366,Banco Santander-Chile,nuevo
2023-08-01,Banco Security,False,2.0561400203610423,2.0561400203610423,2.3548651711109816,0.9426014335621401,1.4945878566163484,0.7087829424337742,149712.995133,Banco Security,nuevo
2023-08-01,Banco de Chile,False,1.3245820973987223,1.3245820973987223,1.4219501501056917,1.2495071680536407,1.9065249600549936,0.9637856194262349,497188.457643,Banco de Chile,nuevo
2023-08-01,Banco de Crédito e Inversiones,False,1.70424680709416,1.7067845141257003,1.8994066680027684,1.5036114788682442,2.6433128089721767,1.2087469224177319,529562.179048,Banco de Crédito e Inversiones,nuevo
2023-08-01,Banco del Estado de Chile,False,3.4946881921462833,3.4946881921462833,3.597154904469746,3.621566481013208,2.974805217598138,3.7407525134258215,1226007.523788,Banco del Estado de Chile,nuevo
2023-08-01,"Bank of China, Agencia en Chile",False,0.0,0.0,0.0,,,,0.0,"Bank of China, Agencia en Chile",nuevo
2023-08-01,"China Construction Bank, Agencia en Chile",False,0.0,0.0,0.0,,,,0.0,"China Construction Bank, Agencia en Chile",nuevo
2023-08-01,HSBC Bank (Chile),False,0.0,0.0,0.0,0.0,0.0,,0.0,HSBC Bank (Chile),nuevo
2023-08-01,"JP Morgan Chase Bank, N.A.",False,0.0,0.0,0.0,,,,0.0,"Jp Morgan Chase Bank, N.A.",nuevo
2023-08-01,Scotiabank Chile,False,1.551815984204689,1.551815984204689,1.8546854145083955,1.2429894399326156,2.257814753102226,1.0795400163234865,501528.830836,Scotiabank Chile,nuevo
2023-08-01,Sistema Bancario,True,1.9833133258593085,1.9849911450345807,2.2000730397231716,1.7686540314492134,2.27775171892822,1.6288841918081118,4448244.121027,Sistema Bancario,nuevo
2023-09-01,Banco BTG Pactual Chile,False,1.178883628077567,1.178883628077567,1.2049376293610035,,,,21814.0174,Banco BTG Pactual Chile,nuevo
2023-09-01,Banco Bice,False,0.804729718596381,0.804729718596381,0.9101567843703379,0.4864925117957395,0.6765426579103798,0.46038896135651336,64482.54254,Banco Bice,nuevo
2023-09-01,Banco Consorcio,False,1.5035831143777707,1.5035831143777707,1.9112040503161496,0.6553550649264195,1.3717167706632818,0.6068967190026711,70925.237091,Banco Consorcio,nuevo
2023-09-01,Banco Falabella,False,4.079726560732238,4.079726560732238,10.260571975019861,3.7420620010157486,3.834249714294559,3.6218451215479353,62161.507073,Banco Falabella,nuevo
2023-09-01,Banco Internacional,False,2.5637357270029963,2.5637357270029963,2.6286215893621927,1.0228223667066214,1.0482781247819126,1.012367263063487,81173.091153,Banco Internacional,nuevo
2023-09-01,Banco Itaú Chile,False,2.0225629650891688,2.026746852575192,2.412113174425434,1.4958406583822454,2.6352066660475457,1.0807126144673993,445417.36806,Banco Itaú Chile,nuevo
2023-09-01,Banco Ripley,False,6.2881411456804726,6.2881411456804726,14.2393594518173,6.272128700036404,4.515808158901725,14.720636427133833,5570.566318,Banco Ripley,nuevo
2023-09-01,Banco Santander-Chile,False,2.2362761925478516,2.241747731431359,2.927244835019838,1.6474974018093822,1.926146755975823,1.570190566128416,891392.640847,Banco Santander-Chile,nuevo
2023-09-01,Banco Security,False,2.1011003609017727,2.1011003609017727,2.3904357510529204,1.0313523200810384,1.5507611606820255,0.8141768054972979,153108.536964,Banco Security,nuevo
2023-09-01,Banco de Chile,False,1.3354151071932259,1.3354151071932259,1.45234001290996,1.2391770551432002,1.848296111704641,0.9788618735114112,497255.577054,Banco de Chile,nuevo
2023-09-01,Banco de Crédito e Inversiones,False,1.760031544587776,1.762783245817726,1.9566443201185122,1.5572693385068404,2.7016969288850854,1.2654225738486582,548857.390679,Banco de Crédito e Inversiones,nuevo
2023-09-01,Banco del Estado de Chile,False,3.648429428933154,3.648429428933154,3.721136553106895,3.7958164366058873,3.504200898513638,3.848985361594267,1283759.250555,Banco del Estado de Chile,nuevo
2023-09-01,"Bank of China, Agencia en Chile",False,0.0,0.0,0.0,,,,0.0,"Bank of China, Agencia en Chile",nuevo
2023-09-01,"China Construction Bank, Agencia en Chile",False,0.0,0.0,0.0,,,,0.0,"China Construction Bank, Agencia en Chile",nuevo
2023-09-01,HSBC Bank (Chile),False,0.0,0.0,0.0,0.0,0.0,,0.0,HSBC Bank (Chile),nuevo
2023-09-01,"JP Morgan Chase Bank, N.A.",False,0.0,0.0,0.0,,,,0.0,"Jp Morgan Chase Bank, N.A.",nuevo
2023-09-01,Scotiabank Chile,False,1.620331333939573,1.620331333939573,1.9507436182690898,1.2843381649063885,2.241132237852012,1.1308795687978945,524530.134574,Scotiabank Chile,nuevo
2023-09-01,Sistema Bancario,True,2.066189231917804,2.0679480685997658,2.287985254790065,1.842036685866128,2.3635936474643215,1.7005799583592036,4650447.860308,Sistema Bancario,nuevo
2023-10-01,Banco BTG Pactual Chile,False,1.1807817996978156,1.1807817996978156,1.1807817996978156,,,,21814.0174,Banco BTG Pactual Chile,nuevo
2023-10-01,Banco Bice,False,0.620500261979228,0.620500261979228,0.6603148080865433,0.49876191081386034,0.8749842238496902,0.4472947026661966,50512.171095,Banco Bice,nuevo
2023-10-01,Banco Consorcio,False,1.6189757791298496,1.6189757791298496,2.0709586074133606,0.6896448338559397,1.3354377774404242,0.6462432407786863,77644.102678,Banco Consorcio,nuevo
2023-10-01,Banco Falabella,False,4.042466805696207,4.042466805696207,9.61483288336702,3.7424112591523286,3.7802128786576086,3.693840154188322,61187.381866,Banco Falabella,nuevo
2023-10-01,Banco Internacional,False,2.507598388403915,2.507598388403915,2.5775284456726535,0.889303086365893,1.042954369563559,0.8249557286921345,80497.185044,Banco Internacional,nuevo
2023-10-01,Banco Itaú Chile,False,2.203417405143287,2.2070049449278546,2.6680590298592874,1.5744755316652854,2.7834896618102607,1.132417425952136,486666.846747,Banco Itaú Chile,nuevo
2023-10-01,Banco Ripley,False,6.435560745391041,6.435560745391041,14.652874873273536,6.41951825134261,4.660234342406942,14.97195800390655,5668.86166,Banco Ripley,nuevo
2023-10-01,Banco Santander-Chile,False,2.330362589112447,2.3360028325127993,3.0766119147812705,1.7042485759327435,2.0169694417735675,1.6168827104345895,935899.362653,Banco Santander-Chile,nuevo
2023-10-01,Banco Security,False,2.025994576539414,2.025994576539414,2.3028971435461387,1.015140311660106,1.4755429780417206,0.821272222698413,147384.167327,Banco Security,nuevo
2023-10-01,Banco de Chile,False,1.4051122056712895,1.4051122056712895,1.5371011209393406,1.2761929212649799,1.936976931516175,0.9923088180571373,527870.521262,Banco de Chile,nuevo
2023-10-01,Banco de Crédito e Inversiones,False,1.786614447905565,1.789334134159881,2.0003635043432304,1.564585348299041,2.400250314451074,1.352827259305677,562135.897906,Banco de Crédito e Inversiones,nuevo
2023-10-01,Banco del Estado de Chile,False,3.7842721282778595,3.7842721282778595,3.875846225189104,3.9024118852888168,3.8126291150657745,3.918726899275964,1335275.819252,Banco del Estado de Chile,nuevo
2023-10-01,"Bank of China, Agencia en Chile",False,0.0,0.0,0.0,,,,0.0,"Bank of China, Agencia en Chile",nuevo
2023-10-01,"China Construction Bank, Agencia en Chile",False,0.0,0.0,0.0,,,,0.0,"China Construction Bank, Agencia en Chile",nuevo
2023-10-01,HSBC Bank (Chile),False,0.0,0.0,0.0,0.0,0.0,,0.0,HSBC Bank (Chile),nuevo
2023-10-01,"JP Morgan Chase Bank, N.A.",False,0.0,0.0,0.0,,,,0.0,"Jp Morgan Chase Bank, N.A.",nuevo
2023-10-01,Scotiabank Chile,False,1.5886668707159572,1.5886668707159572,1.8218355017364531,1.3572335636309272,2.419635899386254,1.1837418540396845,509077.127934,Scotiabank Chile,nuevo
2023-10-01,Sistema Bancario,True,2.1242311603031703,2.125930602126563,2.3446376989850917,1.8989084710258695,2.436766043529687,1.7525536821505858,4801633.462824,Sistema Bancario,nuevo
2023-11-01,Banco BTG Pactual Chile,False,0.5705961302954521,0.5705961302954521,0.5705961302954521,,,,10594.390589,Banco BTG Pactual Chile,nuevo
2023-11-01,Banco Bice,False,0.6463791596799647,0.6463791596799647,0.6958600457995604,0.49505959717796266,0.9048907447447831,0.43895365271142345,52947.943694,Banco Bice,nuevo
2023-11-01,Banco Consorcio,False,1.75753465324542,1.75753465324542,2.243204665513428,0.773065850795374,1.2727234618812846,0.7393879868331205,84856.546378,Banco Consorcio,nuevo
2023-11-01,Banco Falabella,False,4.079108427237165,4.079108427237165,10.209455613079559,3.7487036351773217,3.8163378849973606,3.6625944286716097,61487.433884,Banco Falabella,nuevo
2023-11-01,Banco Internacional,False,2.683019167889093,2.683019167889093,2.7630205213776184,0.9302552159834149,1.2714178035309665,0.7866366251479604,85456.685794,Banco Internacional,nuevo
2023-11-01,Banco Itaú Chile,False,2.1540167037508584,2.157552271751727,2.5677680105758145,1.604667387349203,2.831005345619034,1.155526856004934,474530.604863,Banco Itaú Chile,nuevo
2023-11-01,Banco Ripley,False,6.273265051075488,6.273265051075488,15.092124116894233,6.257102322402821,4.311560892487708,15.932146555424318,5532.173082,Banco Ripley,nuevo
2023-11-01,Banco Santander-Chile,False,2.421782601278461,2.4287328055149553,3.2093395668605735,1.7699759847449081,2.1179818726532007,1.672301696673216,974813.108196,Banco Santander-Chile,nuevo
2023-11-01,Banco Security,False,1.9801192646732941,1.9801192646732941,2.247623466881424,1.0158417794351138,1.4892037767098316,0.8136244396748223,144861.326646,Banco Security,nuevo
2023-11-01,Banco de Chile,False,1.3981975102376962,1.3981975102376962,1.516084973938534,1.2933002564325662,1.9063398424587321,1.0270485319520382,528846.080651,Banco de Chile,nuevo
2023-11-01,Banco de Crédito e Inversiones,False,1.85156313593485,1.8547805340787393,2.043294736913969,1.6651319731976473,2.667478875788175,1.4107870654884893,581409.632434,Banco de Crédito e Inversiones,nuevo
2023-11-01,Banco del Estado de Chile,False,3.892600759978489,3.892600759978489,3.984630864220022,4.014349940904996,4.076896242482103,4.00302568209639,1361715.031708,Banco del Estado de Chile,nuevo
2023-11-01,"Bank of China, Agencia en Chile",False,0.0,0.0,0.0,,,,0.0,"Bank of China, Agencia en Chile",nuevo
2023-11-01,"China Construction Bank, Agencia en Chile",False,0.0,0.0,0.0,,,,0.0,"China Construction Bank, Agencia en Chile",nuevo
2023-11-01,HSBC Bank (Chile),False,0.0,0.0,0.0,0.0,0.0,,0.0,HSBC Bank (Chile),nuevo
2023-11-01,"JP Morgan Chase Bank, N.A.",False,0.0,0.0,0.0,,,,0.0,"Jp Morgan Chase Bank, N.A.",nuevo
2023-11-01,Scotiabank Chile,False,1.840170968646855,1.840170968646855,2.291286745709832,1.4038242209775778,2.382211442033974,1.2429345827003486,583385.170015,Scotiabank Chile,nuevo
2023-11-01,Sistema Bancario,True,2.193168571737379,2.1951695953743813,2.426254064537451,1.9595490704022092,2.514903330036802,1.8078057030468186,4950436.127934,Sistema Bancario,nuevo
2023-12-01,Banco BTG Pactual Chile,False,0.5259856390220857,0.5259856390220857,0.5259856390220857,,,,10594.390589,Banco BTG Pactual Chile,nuevo
2023-12-01,Banco Bice,False,0.6657712368076046,0.6657712368076046,0.7029126629521896,0.5522953681586186,0.9186743002902071,0.502043410757569,54948.573759,Banco Bice,nuevo
2023-12-01,Banco Consorcio,False,1.7209033672508962,1.7209033672508962,2.1963009439640278,0.799514275878412,1.3166159717126102,0.7646807865561835,81895.527805,Banco Consorcio,nuevo
2023-12-01,Banco Falabella,False,4.093281561781732,4.093281561781732,10.497987923527091,3.7443683020698955,3.7017245366515144,3.797161524246354,60993.728788,Banco Falabella,nuevo
2023-12-01,Banco Internacional,False,2.879751448240537,2.879751448240537,2.967303967011621,0.9983712478389891,1.2034786589233997,0.9097016695590466,92765.545051,Banco Internacional,nuevo
2023-12-01,Banco Itaú Chile,False,2.1799285762869047,2.1837582160800038,2.5877536397156655,1.637911525581403,2.829861687446623,1.2018878516293947,484941.212004,Banco Itaú Chile,nuevo
2023-12-01,Banco Ripley,False,6.304874142694153,6.304874142694153,15.710603672148855,6.288687507275954,4.294217705188396,16.352730947348753,5530.164897,Banco Ripley,nuevo
2023-12-01,Banco Santander-Chile,False,2.2351577191659358,2.240973485237643,3.1301622783009537,1.4934810567675216,2.158511096890309,1.307554989183305,906542.120426,Banco Santander-Chile,nuevo
2023-12-01,Banco Security,False,2.0330798695660723,2.0330798695660723,2.3013652481122646,1.080081522236641,1.6625030596108128,0.8336694124982693,148755.340354,Banco Security,nuevo
2023-12-01,Banco de Chile,False,1.4119719561369617,1.4119719561369617,1.5315160629897948,1.3099183349155397,1.8748568148415785,1.0662564414140543,536699.438697,Banco de Chile,nuevo
2023-12-01,Banco de Crédito e Inversiones,False,1.8651292484571758,1.8686091186832574,2.0460397296872848,1.6936197264451767,2.4567856133373205,1.502306614644301,590534.611657,Banco de Crédito e Inversiones,nuevo
2023-12-01,Banco del Estado de Chile,False,3.9780062412725736,3.9780062412725736,3.9743779522611296,4.172080869082461,4.533269850485448,4.107350640385154,1387037.792754,Banco del Estado de Chile,nuevo
2023-12-01,"Bank of China, Agencia en Chile",False,0.0,0.0,0.0,,,,0.0,"Bank of China, Agencia en Chile",nuevo
2023-12-01,"China Construction Bank, Agencia en Chile",False,0.0,0.0,0.0,,,,0.0,"China Construction Bank, Agencia en Chile",nuevo
2023-12-01,HSBC Bank (Chile),False,0.0,0.0,0.0,0.0,0.0,,0.0,HSBC Bank (Chile),nuevo
2023-12-01,"JP Morgan Chase Bank, N.A.",False,0.0,0.0,0.0,,,,0.0,"Jp Morgan Chase Bank, N.A.",nuevo
2023-12-01,Scotiabank Chile,False,1.938603972681591,1.938603972681591,2.4250807917573796,1.4733840296402243,2.363052277422141,1.3259177370006745,615079.566684,Scotiabank Chile,nuevo
2023-12-01,Sistema Bancario,True,2.194325314212926,2.196293543378246,2.436107936326635,1.9508315196361434,2.5416598888424997,1.7903240019245124,4976318.013465,Sistema Bancario,nuevo
2024-01-01,Banco BTG Pactual Chile,False,0.5133162118546751,0.5133162118546751,0.5133162118546751,,,,10594.390589,Banco BTG Pactual Chile,nuevo
2024-01-01,Banco Bice,False,0.6807341173114176,0.6807341173114176,0.7364001220001172,0.5115313987157093,0.7894298298663271,0.47349521319338944,55997.243012,Banco Bice,nuevo
2024-01-01,Banco Consorcio,False,1.8855506958257575,1.8855506958257575,2.403114736856734,0.8961451514541796,1.617994205628585,0.8468536618065104,88789.887475,Banco Consorcio,nuevo
2024-01-01,Banco Falabella,False,4.135916225282516,4.135916225282516,10.731688327492625,3.774622717754381,3.6872696182124436,3.8817860577059164,61150.624349,Banco Falabella,nuevo
2024-01-01,Banco Internacional,False,2.7374963951981237,2.7374963951981237,2.82591504193553,0.8529484374006929,1.1312082015379705,0.7284288278838487,89729.317936,Banco Internacional,nuevo
2024-01-01,Banco Itaú Chile,False,2.2152265680688976,2.2193211491427727,2.5907953787066327,1.722067634153029,3.0570774204918796,1.22857950670228,494359.925928,Banco Itaú Chile,nuevo
2024-01-01,Banco Ripley,False,6.407453479057342,6.407453479057342,13.857617429323426,6.395373487021383,4.473604118477154,16.18002078726764,5543.340053,Banco Ripley,nuevo
2024-01-01,Banco Santander-Chile,False,2.6151877477664915,2.622069215191074,3.3530303851161922,1.9973393734925897,2.433197946029927,1.8755862103020455,1062855.178993,Banco Santander-Chile,nuevo
2024-01-01,Banco Security,False,2.025188839680042,2.025188839680042,2.2957228037695216,1.060090137919534,1.5718447241503843,0.8439529476400962,149129.587863,Banco Security,nuevo
2024-01-01,Banco de Chile,False,1.4776443470910483,1.4776443470910483,1.5700561374088096,1.400079947952093,2.0638841165391826,1.1125553200273703,562103.168516,Banco de Chile,nuevo
2024-01-01,Banco de Crédito e Inversiones,False,1.8992411583780588,1.902796677783987,2.009661425134207,1.828678280567731,2.693938820519124,1.6101563015532514,604718.982232,Banco de Crédito e Inversiones,nuevo
2024-01-01,Banco del Estado de Chile,False,4.004134288766021,4.004134288766021,4.0689993205946156,4.1575600610627275,4.571188112048152,4.083665608274589,1414742.727313,Banco del Estado de Chile,nuevo
2024-01-01,"Bank of China, Agencia en Chile",False,0.0,0.0,0.0,,,,0.0,"Bank of China, Agencia en Chile",nuevo
2024-01-01,"China Construction Bank, Agencia en Chile",False,0.0,0.0,0.0,,,,0.0,"China Construction Bank, Agencia en Chile",nuevo
2024-01-01,HSBC Bank (Chile),False,0.0,0.0,0.0,0.0,0.0,,0.0,HSBC Bank (Chile),nuevo
2024-01-01,"JP Morgan Chase Bank, N.A.",False,0.0,0.0,0.0,,,,0.0,"Jp Morgan Chase Bank, N.A.",nuevo
2024-01-01,Scotiabank Chile,False,1.9621810105248487,1.9621810105248487,2.4233470262586994,1.5107183088972902,2.318611740138557,1.3744515816954441,628659.897913,Scotiabank Chile,nuevo
2024-01-01,Sistema Bancario,True,2.2933771393583653,2.2954647148874585,2.4904573688239644,2.1034174231580933,2.6980466271895884,1.9411829853293134,5228374.272172,Sistema Bancario,nuevo
2024-02-01,Banco BTG Pactual Chile,False,0.0,0.0,0.0,,,,0.0,Banco BTG Pactual Chile,nuevo
2024-02-01,Banco Bice,False,0.8111799103048335,0.8111799103048335,0.9096208003296415,0.5124003344316788,0.8036629821943524,0.4733545549666361,66704.751593,Banco Bice,nuevo
2024-02-01,Banco Consorcio,False,2.0813199986501285,2.0813199986501285,2.7039868326978262,0.8878358830780286,1.558953292237907,0.8414473633413937,97689.930256,Banco Consorcio,nuevo
2024-02-01,Banco Falabella,False,4.13978222369509,4.13978222369509,10.203017778090816,3.8086147310736074,3.7329278939335615,3.900051723919396,60668.953933,Banco Falabella,nuevo
2024-02-01,Banco Internacional,False,2.701769732056359,2.701769732056359,2.7924194130362006,0.8103809833818801,0.8666921715288395,0.7847997625176389,88613.956634,Banco Internacional,nuevo
2024-02-01,Banco Itaú Chile,False,2.3095550427377725,2.313900030814886,2.6991781870292852,1.7984207026798764,3.252773464513318,1.265671093709079,517527.287728,Banco Itaú Chile,nuevo
2024-02-01,Banco Ripley,False,6.859359226254136,6.859359226254136,13.651642120742142,6.848668345980283,4.792496871243451,17.200799510176495,5806.641125,Banco Ripley,nuevo
2024-02-01,Banco Santander-Chile,False,2.7507284012339754,2.7579804313227627,3.5236368382404915,2.1026301436825876,2.463462190901171,2.002982115927186,1120552.849184,Banco Santander-Chile,nuevo
2024-02-01,Banco Security,False,2.079124336265174,2.079124336265174,2.3603795904057576,1.0885891588363397,1.6220293416310363,0.8667987634783881,152691.673954,Banco Security,nuevo
2024-02-01,Banco de Chile,False,1.5008639108697401,1.5008639108697401,1.6063008346767509,1.408749902544343,2.0524729981082337,1.134968484800693,575017.488449,Banco de Chile,nuevo
2024-02-01,Banco de Crédito e Inversiones,False,1.94844347689627,1.9519923989652594,2.023599537222241,1.9485510613941779,2.899005187690283,1.7106467676862258,630940.522973,Banco de Crédito e Inversiones,nuevo
2024-02-01,Banco del Estado de Chile,False,4.053886500511827,4.053886500511827,4.1106964096763265,4.216335165817151,4.43430094821029,4.1778672882099395,1440627.335999,Banco del Estado de Chile,nuevo
2024-02-01,"Bank of China, Agencia en Chile",False,0.0,0.0,0.0,,,,0.0,"Bank of China, Agencia en Chile",nuevo
2024-02-01,"China Construction Bank, Agencia en Chile",False,0.0,0.0,0.0,,,,0.0,"China Construction Bank, Agencia en Chile",nuevo
2024-02-01,HSBC Bank (Chile),False,0.0,0.0,0.0,0.0,0.0,,0.0,HSBC Bank (Chile),nuevo
2024-02-01,"JP Morgan Chase Bank, N.A.",False,0.0,0.0,0.0,,,,0.0,"Jp Morgan Chase Bank, N.A.",nuevo
2024-02-01,Scotiabank Chile,False,2.0376905318688583,2.0376905318688583,2.439551684020617,1.6375117605851623,2.5240108547781905,1.489145198355885,656485.840165,Scotiabank Chile,nuevo
2024-02-01,Sistema Bancario,True,2.360309564153719,2.362452799713296,2.5501995325380244,2.1824163188669177,2.758780117101815,2.027092440276524,5413327.231993,Sistema Bancario,nuevo
2024-03-01,Banco BTG Pactual Chile,False,0.28147419484523944,0.28147419484523944,0.28147419484523944,,,,6067.818611,Banco BTG Pactual Chile,nuevo
2024-03-01,Banco Bice,False,0.8836790819337133,0.8836790819337133,0.9952625482943624,0.5456353066803274,0.7080541969172774,0.5234882228251678,73229.330811,Banco Bice,nuevo
2024-03-01,Banco Consorcio,False,2.3559273079158367,2.3559273079158367,3.180981727481328,0.780609263866317,1.459797702846721,0.7334540657045989,110695.792964,Banco Consorcio,nuevo
2024-03-01,Banco Falabella,False,4.039287845590999,4.039287845590999,9.669728656164141,3.7280622804096537,3.4827690262645246,4.01818860032951,58839.052102,Banco Falabella,nuevo
2024-03-01,Banco Internacional,False,3.152410302659243,3.152410302659243,3.2644149948212977,0.8727072133644972,0.7090440188676425,0.9474698792539996,103944.588988,Banco Internacional,nuevo
2024-03-01,Banco Itaú Chile,False,2.2916416711175187,2.2960860936828973,2.6582463437472645,1.8246309118736825,3.319776797576193,1.2795751076835629,512906.593044,Banco Itaú Chile,nuevo
2024-03-01,Banco Ripley,False,6.8425119219740935,6.8425119219740935,17.364267061616072,6.826118838055527,4.610974640773825,17.81672458713468,5665.560643,Banco Ripley,nuevo
2024-03-01,Banco Santander-Chile,False,2.5076232862022967,2.5142406465178437,3.465622009348869,1.703876472569718,2.3487503499767026,1.5250042808788773,1027180.812074,Banco Santander-Chile,nuevo
2024-03-01,Banco Security,False,2.050347399365034,2.050347399365034,2.3138021892932334,1.139181078507326,1.570902034169143,0.9608165333386673,150307.251783,Banco Security,nuevo
2024-03-01,Banco de Chile,False,1.4855968512017113,1.4855968512017113,1.5968937802919705,1.3938876737370542,1.9613782531286374,1.15119313226293,572082.817439,Banco de Chile,nuevo
2024-03-01,Banco de Crédito e Inversiones,False,1.9419984218854311,1.9455849886003878,1.9588112503956325,2.031937998894816,2.94509523084872,1.8056422312475784,634309.082333,Banco de Crédito e Inversiones,nuevo
2024-03-01,Banco del Estado de Chile,False,4.090718073685191,4.090718073685191,4.2281571249126015,4.1826785619902696,4.2326166196003125,4.174028759487539,1464823.527306,Banco del Estado de Chile,nuevo
2024-03-01,"Bank of China, Agencia en Chile",False,0.0,0.0,0.0,,,,0.0,"Bank of China, Agencia en Chile",nuevo
2024-03-01,"China Construction Bank, Agencia en Chile",False,0.0,0.0,0.0,,,,0.0,"China Construction Bank, Agencia en Chile",nuevo
2024-03-01,HSBC Bank (Chile),False,0.0,0.0,0.0,0.0,0.0,,0.0,HSBC Bank (Chile),nuevo
2024-03-01,"JP Morgan Chase Bank, N.A.",False,0.0,0.0,0.0,,,,0.0,"Jp Morgan Chase Bank, N.A.",nuevo
2024-03-01,Scotiabank Chile,False,2.176470600435717,2.176470600435717,2.6611307860940783,1.7065053164953163,2.5145172645524037,1.5682281419202095,703408.6223,Scotiabank Chile,nuevo
2024-03-01,Sistema Bancario,True,2.3529949040281477,2.3551544229861747,2.601131089792276,2.1116716207584814,2.681060010125251,1.9582228098926746,5423460.850398,Sistema Bancario,nuevo
2024-04-01,Banco BTG Pactual Chile,False,0.3497136413094483,0.3497136413094483,0.3497136413094483,,,,7326.860193,Banco BTG Pactual Chile,nuevo
2024-04-01,Banco Bice,False,0.9548866407257298,0.9548866407257298,1.0812225596060916,0.5786999038945309,0.6838004840822273,0.564320307536121,78826.307387,Banco Bice,nuevo
2024-04-01,Banco Consorcio,False,2.508977780083528,2.508977780083528,3.429272847589962,0.7894520093236621,1.3553616834239195,0.7504010589812515,117429.151691,Banco Consorcio,nuevo
2024-04-01,Banco Falabella,False,4.029642489492395,4.029642489492395,9.469894446946338,3.726162135802849,3.495192695741404,3.992662905385384,58046.822579,Banco Falabella,nuevo
2024-04-01,Banco Internacional,False,3.036221815363909,3.036221815363909,3.128206426753548,1.1871263278697801,0.8108861316835005,1.3603169914000317,100532.729477,Banco Internacional,nuevo
2024-04-01,Banco Itaú Chile,False,2.2953647266302495,2.299547294386174,2.679132297124756,1.8078739143414517,3.264998244720404,1.2797457214717083,513827.820541,Banco Itaú Chile,nuevo
2024-04-01,Banco Ripley,False,6.886291256400758,6.886291256400758,17.197079820085808,6.870805932091933,4.589225480060029,18.112377484017916,5594.453827,Banco Ripley,nuevo
2024-04-01,Banco Santander-Chile,False,2.506396062138221,2.51300817320088,3.4960889669779704,1.68569330599799,2.2586468660211736,1.5264098950772083,1026685.515067,Banco Santander-Chile,nuevo
2024-04-01,Banco Security,False,2.122042431168512,2.122042431168512,2.4248697436296838,1.0859229255969418,1.5860109055947695,0.8793241702227265,156044.327311,Banco Security,nuevo
2024-04-01,Banco de Chile,False,1.4923793409426467,1.4923793409426467,1.637549235831874,1.3777643195847493,1.8822956286875179,1.1618099336755152,577182.463699,Banco de Chile,nuevo
2024-04-01,Banco de Crédito e Inversiones,False,2.039265593145371,2.042876814339153,2.1187240474619458,2.0394315416226703,2.9873319542739623,1.8057579331672875,662805.992316,Banco de Crédito e Inversiones,nuevo
2024-04-01,Banco del Estado de Chile,False,3.9930576433096046,3.9930576433096046,4.171487143743571,4.005565589361713,3.8030877533834144,4.04021934452756,1433727.599918,Banco del Estado de Chile,nuevo
2024-04-01,"Bank of China, Agencia en Chile",False,0.0,0.0,0.0,,,,0.0,"Bank of China, Agencia en Chile",nuevo
2024-04-01,"China Construction Bank, Agencia en Chile",False,0.0,0.0,0.0,,,,0.0,"China Construction Bank, Agencia en Chile",nuevo
2024-04-01,HSBC Bank (Chile),False,0.0,0.0,0.0,0.0,0.0,,0.0,HSBC Bank (Chile),nuevo
2024-04-01,"JP Morgan Chase Bank, N.A.",False,0.0,0.0,0.0,,,,0.0,"Jp Morgan Chase Bank, N.A.",nuevo
2024-04-01,Scotiabank Chile,False,2.297948748214939,2.297948748214939,2.9250118666837532,1.7063996517386584,2.463821786898443,1.575598578733922,739985.936092,Scotiabank Chile,nuevo
2024-04-01,Sistema Bancario,True,2.377839084532768,2.379966690105066,2.6817562267247417,2.0739701504766015,2.58078691331674,1.937637616334796,5478015.980098,Sistema Bancario,nuevo
2024-05-01,Banco BTG Pactual Chile,False,0.166284583071087,0.166284583071087,0.166284583071087,,,,3707.184155,Banco BTG Pactual Chile,nuevo
2024-05-01,Banco Bice,False,0.972163319506484,0.972163319506484,1.0987756413584688,0.6014539340722852,0.6890968371343363,0.5897581725981149,79665.556374,Banco Bice,nuevo
2024-05-01,Banco Consorcio,False,2.4456385589660554,2.4456385589660554,3.3378663058203877,0.8260996414425865,1.508326216294779,0.779268905069623,113648.763382,Banco Consorcio,nuevo
2024-05-01,Banco Falabella,False,4.034570243076213,4.034570243076213,9.29641923092803,3.7396942509829545,3.523188242108322,3.9823995705316633,57311.873638,Banco Falabella,nuevo
2024-05-01,Banco Internacional,False,3.3906979130689345,3.3906979130689345,3.503392363161592,1.16811388659429,0.8567568433775669,1.3206089250018482,113428.180703,Banco Internacional,nuevo
2024-05-01,Banco Itaú Chile,False,2.3310422434920235,2.3352869406532353,2.754003787726946,1.8061546497446357,3.2336044459118796,1.2979264369636958,513690.722396,Banco Itaú Chile,nuevo
2024-05-01,Banco Ripley,False,7.057005610573764,7.057005610573764,15.57290093757878,7.044815673575055,4.640579702091564,18.826072057446787,5638.439982,Banco Ripley,nuevo
2024-05-01,Banco Santander-Chile,False,2.7781997548746213,2.785685131112089,3.6239275414033325,2.0918783576177846,2.237187935728382,2.051919408768029,1132303.794901,Banco Santander-Chile,nuevo
2024-05-01,Banco Security,False,2.2227037478267175,2.2227037478267175,2.589004304428412,0.986683052457853,1.3952127759038584,0.8212367707449982,163054.010441,Banco Security,nuevo
2024-05-01,Banco de Chile,False,1.4995580370884325,1.4995580370884325,1.6410730529223179,1.3768792801159517,1.8517604694184249,1.1756727587685214,573015.99162,Banco de Chile,nuevo
2024-05-01,Banco de Crédito e Inversiones,False,2.030238717119987,2.0336985434809614,2.099019960961059,2.0285989432656746,2.66863570637093,1.8736605309952985,658124.625059,Banco de Crédito e Inversiones,nuevo
2024-05-01,Banco del Estado de Chile,False,4.019118233868866,4.019118233868866,4.158611077476743,4.019319392861934,3.741526824431698,4.066346478840834,1442757.101685,Banco del Estado de Chile,nuevo
2024-05-01,"Bank of China, Agencia en Chile",False,0.0,0.0,0.0,,,,0.0,"Bank of China, Agencia en Chile",nuevo
2024-05-01,"China Construction Bank, Agencia en Chile",False,1.5838386848435526,1.5838386848435526,1.5838386848435526,,,,3707.641308,"China Construction Bank, Agencia en Chile",nuevo
2024-05-01,HSBC Bank (Chile),False,0.0,0.0,0.0,0.0,0.0,,0.0,HSBC Bank (Chile),nuevo
2024-05-01,"JP Morgan Chase Bank, N.A.",False,0.0,0.0,0.0,,,,0.0,"Jp Morgan Chase Bank, N.A.",nuevo
2024-05-01,Scotiabank Chile,False,2.2960047961751573,2.2960047961751573,2.9183233862989764,1.7084681081090924,2.357858255876465,1.5971367761301565,727813.462076,Scotiabank Chile,nuevo
2024-05-01,Sistema Bancario,True,2.442128507926205,2.4443154622067915,2.7186211934972513,2.1618785098141533,2.5044289575012466,2.070910098934669,5587867.34772,Sistema Bancario,nuevo
2024-06-01,Banco BTG Pactual Chile,False,0.13792102620466534,0.13792102620466534,0.13792102620466534,,,,3302.878245,Banco BTG Pactual Chile,nuevo
2024-06-01,Banco Bice,False,0.999793115201342,0.999793115201342,1.1574915941991737,0.5552800737868142,0.7518719622389444,0.5291816971439197,85072.556529,Banco Bice,nuevo
2024-06-01,Banco Consorcio,False,2.5011798684956505,2.5011798684956505,3.414655529258505,0.8337085135860122,1.5159784697841059,0.7872364145615496,117887.476409,Banco Consorcio,nuevo
2024-06-01,Banco Falabella,False,3.963618088689198,3.963618088689198,9.248301743704118,3.6679047906482927,3.315425972741759,4.0559213248641175,55815.975977,Banco Falabella,nuevo
2024-06-01,Banco Internacional,False,3.061920987260492,3.061920987260492,3.153412475577771,1.2400979705555615,0.8503234401642233,1.4367457223886577,105465.339694,Banco Internacional,nuevo
2024-06-01,Banco Itaú Chile,False,2.3826665768899895,2.3871651760925214,2.76649008134048,1.9067550497600276,3.4256694877891665,1.371502273061253,528428.975393,Banco Itaú Chile,nuevo
2024-06-01,Banco Ripley,False,6.962504135766538,6.962504135766538,15.019730502502286,6.952107162889516,4.608028013011261,18.536236754938493,5522.207287,Banco Ripley,nuevo
2024-06-01,Banco Santander-Chile,False,2.58483905317914,2.5873166951632576,3.640743035307593,1.7348408071612451,2.1530353180162844,1.6202966971896493,1043466.397463,Banco Santander-Chile,nuevo
2024-06-01,Banco Security,False,1.9642001680464298,1.9642001680464298,2.2908174730841537,0.8729101131630428,1.2135578503764655,0.736138828755039,144243.932639,Banco Security,nuevo
2024-06-01,Banco de Chile,False,1.4665131521564532,1.4665131521564532,1.6000275316530044,1.3757080263526114,1.7423796674766707,1.2216927735386254,566153.481849,Banco de Chile,nuevo
2024-06-01,Banco de Crédito e Inversiones,False,2.2304685374471087,2.234373848366516,2.3588816156490418,2.162038867166028,2.941839590034192,1.9740748274451474,726877.497555,Banco de Crédito e Inversiones,nuevo
2024-06-01,Banco del Estado de Chile,False,4.098145829216018,4.098145829216018,4.280934611681364,4.110291574034743,3.955595743042127,4.136189176882081,1479916.652696,Banco del Estado de Chile,nuevo
2024-06-01,"Bank of China, Agencia en Chile",False,0.0,0.0,0.0,,,,0.0,"Bank of China, Agencia en Chile",nuevo
2024-06-01,"China Construction Bank, Agencia en Chile",False,1.703087404009018,1.703087404009018,1.703087404009018,,,,3819.181257,"China Construction Bank, Agencia en Chile",nuevo
2024-06-01,HSBC Bank (Chile),False,0.0,0.0,0.0,0.0,0.0,,0.0,HSBC Bank (Chile),nuevo
2024-06-01,"JP Morgan Chase Bank, N.A.",False,0.0,0.0,0.0,,,,0.0,"Jp Morgan Chase Bank, N.A.",nuevo
2024-06-01,Scotiabank Chile,False,2.1822143067986404,2.1822143067986404,2.6766438497323315,1.714059923930816,2.1306329447060204,1.6429570469266819,695530.67041,Scotiabank Chile,nuevo
2024-06-01,Sistema Bancario,True,2.415869270669546,2.4173121708381986,2.7109320620279873,2.1260539317336287,2.503518954298601,2.0265792205771427,5561503.223403,Sistema Bancario,nuevo
2024-07-01,Banco BTG Pactual Chile,False,0.13295505318329895,0.13295505318329895,0.13295505318329895,,,,3302.878245,Banco BTG Pactual Chile,nuevo
2024-07-01,Banco Bice,False,0.9861802396683993,0.9861802396683993,1.1097581212608865,0.6323566742292215,0.7379422607191994,0.6182900772862036,84331.852519,Banco Bice,nuevo
2024-07-01,Banco Consorcio,False,2.416323168762994,2.416323168762994,3.303656875819163,0.8038688614017111,1.5021251943046499,0.7562241384241031,114876.718264,Banco Consorcio,nuevo
2024-07-01,Banco Falabella,False,3.8879199312147215,3.8879199312147215,8.956243306039186,3.608213606920957,3.2724289332594734,3.973845710039541,54440.366161,Banco Falabella,nuevo
2024-07-01,Banco Internacional,False,2.827497291216738,2.827497291216738,2.907735844368672,1.2293634659367494,0.9867717018104993,1.35619596812325,99633.245925,Banco Internacional,nuevo
2024-07-01,Banco Itaú Chile,False,2.4272067268821202,2.428063629903293,2.7984762391081306,1.96521151846702,3.333885503799262,1.485863241983391,535024.857696,Banco Itaú Chile,nuevo
2024-07-01,Banco Ripley,False,6.5792490512767525,6.5792490512767525,18.65976989124274,6.564318668417619,4.248956181463879,18.266053727152144,5216.6537,Banco Ripley,nuevo
2024-07-01,Banco Santander-Chile,False,2.886666506668228,2.889425521085485,3.7374627717228655,2.205144440030412,2.2315908054855296,2.1978711840116154,1167733.179541,Banco Santander-Chile,nuevo
2024-07-01,Banco Security,False,2.029807578610238,2.029807578610238,2.3652910285912765,0.9201858846703943,1.1276512756906374,0.8367357440089744,148669.546535,Banco Security,nuevo
2024-07-01,Banco de Chile,False,1.4668340661315529,1.4668340661315529,1.5600426250347503,1.4100447717944296,1.8373917876698052,1.2310254025040266,568190.780215,Banco de Chile,nuevo
2024-07-01,Banco de Crédito e Inversiones,False,2.2881056910111894,2.2921611884500814,2.479604541575809,2.1500767929254354,2.733704012458253,2.0101953120608615,738143.818073,Banco de Crédito e Inversiones,nuevo
2024-07-01,Banco del Estado de Chile,False,4.045703440311694,4.045703440311694,4.273991146823851,4.038013857585303,3.7300067486305504,4.0897329928629516,1469186.823219,Banco del Estado de Chile,nuevo
2024-07-01,"Bank of China, Agencia en Chile",False,0.0,0.0,0.0,,,,0.0,"Bank of China, Agencia en Chile",nuevo
2024-07-01,"China Construction Bank, Agencia en Chile",False,1.791714275364571,1.791714275364571,1.791714275364571,,,,3815.742412,"China Construction Bank, Agencia en Chile",nuevo
2024-07-01,HSBC Bank (Chile),False,0.0,0.0,0.0,0.0,0.0,,0.0,HSBC Bank (Chile),nuevo
2024-07-01,"JP Morgan Chase Bank, N.A.",False,0.0,0.0,0.0,,,,0.0,"Jp Morgan Chase Bank, N.A.",nuevo
2024-07-01,Scotiabank Chile,False,2.0497587852112673,2.0497587852112673,2.480146326907251,1.664644132715917,1.9152493856074075,1.6221842033912823,648256.977628,Scotiabank Chile,nuevo
2024-07-01,Sistema Bancario,True,2.451364206832897,2.452467115675021,2.7044232735874436,2.2161798159299146,2.4536914808053347,2.153674578185978,5640823.440133,Sistema Bancario,nuevo
2024-08-01,Banco BTG Pactual Chile,False,0.13228814122539523,0.13228814122539523,0.13228814122539523,,,,3302.878245,Banco BTG Pactual Chile,nuevo
2024-08-01,Banco Bice,False,0.9954483215799029,0.9954483215799029,1.1164524744858195,0.6362218375757883,0.7296416675497834,0.6236975493710796,83383.669018,Banco Bice,nuevo
2024-08-01,Banco Consorcio,False,2.4230552885585745,2.4230552885585745,3.35198044170742,0.8747546937724106,1.3503873056435243,0.8426400509826297,115324.133181,Banco Consorcio,nuevo
2024-08-01,Banco Falabella,False,3.791839597921154,3.791839597921154,8.579215355622587,3.5304483768246673,3.0679523164357403,4.039667680492661,53585.56175,Banco Falabella,nuevo
2024-08-01,Banco Internacional,False,2.451933794196724,2.451933794196724,2.518482769224917,1.1299206655635914,0.9563635214513379,1.22463547005935,87700.77641,Banco Internacional,nuevo
2024-08-01,Banco Itaú Chile,False,2.3961754152732815,2.397012477681693,2.8159623026272866,1.869758077740164,3.056039392118282,1.4605020815120526,528770.806584,Banco Itaú Chile,nuevo
2024-08-01,Banco Ripley,False,6.3665111298594885,6.3665111298594885,18.347908816348074,6.352084023770794,4.0168834830081686,18.29737232348381,5019.149665,Banco Ripley,nuevo
2024-08-01,Banco Santander-Chile,False,2.9213985305810293,2.924210157316047,3.8101299724924274,2.224648431788752,2.1681395696599917,2.240120185169056,1169861.098886,Banco Santander-Chile,nuevo
2024-08-01,Banco Security,False,2.0547550836177275,2.0547550836177275,2.3864111201492593,0.9624441182729672,1.1205623645680605,0.8991352742532657,151276.181996,Banco Security,nuevo
2024-08-01,Banco de Chile,False,1.4172268134415733,1.4172268134415733,1.4806056964225753,1.3935368048189591,1.7435218113651931,1.2468222853485003,548758.300468,Banco de Chile,nuevo
2024-08-01,Banco de Crédito e Inversiones,False,2.2911541366469246,2.295099957727813,2.4954311022438462,2.120023509653568,2.365413849748808,2.0620972793562857,738855.348175,Banco de Crédito e Inversiones,nuevo
2024-08-01,Banco del Estado de Chile,False,4.164775853274411,4.164775853274411,4.438124640146748,4.072436724105943,3.7642335965402656,4.123757237531595,1501852.67976,Banco del Estado de Chile,nuevo
2024-08-01,"Bank of China, Agencia en Chile",False,0.0,0.0,0.0,,,,0.0,"Bank of China, Agencia en Chile",nuevo
2024-08-01,"China Construction Bank, Agencia en Chile",False,0.0,0.0,0.0,,,,0.0,"China Construction Bank, Agencia en Chile",nuevo
2024-08-01,HSBC Bank (Chile),False,0.0,0.0,0.0,0.0,0.0,,0.0,HSBC Bank (Chile),nuevo
2024-08-01,"JP Morgan Chase Bank, N.A.",False,0.0,0.0,0.0,,,,0.0,"Jp Morgan Chase Bank, N.A.",nuevo
2024-08-01,Scotiabank Chile,False,2.1451180414983013,2.1451180414983013,2.7080311253994798,1.6235845968906388,1.748977194307175,1.6024093674985345,674167.728504,Scotiabank Chile,nuevo
2024-08-01,Sistema Bancario,True,2.4704355064773225,2.471531715238826,2.74292618780418,2.205581382376309,2.3173126962053665,2.1763362291056882,5661858.312642,Sistema Bancario,nuevo
2024-09-01,Banco BTG Pactual Chile,False,0.1368459118055491,0.1368459118055491,0.1368459118055491,,,,3302.878245,Banco BTG Pactual Chile,nuevo
2024-09-01,Banco Bice,False,1.0717483197112432,1.0717483197112432,1.2081435821350504,0.6688473441927869,0.8784021182387511,0.640898082616554,90213.25593,Banco Bice,nuevo
2024-09-01,Banco Consorcio,False,2.3997538988238976,2.3997538988238976,3.284044953839426,0.8607693965000365,1.4180452414361429,0.8238176938234558,114514.043066,Banco Consorcio,nuevo
2024-09-01,Banco Falabella,False,3.764364276865107,3.764364276865107,8.454260784116387,3.50628893815211,3.045320576421386,4.014399842817786,53585.56175,Banco Falabella,nuevo
2024-09-01,Banco Internacional,False,2.394393068853336,2.394393068853336,2.449408235800129,1.2917256266206505,1.363231533214783,1.2513558573119206,87614.663486,Banco Internacional,nuevo
2024-09-01,Banco Itaú Chile,False,2.29226970219334,2.2930670687866668,2.6137918509022247,1.921958265769656,3.192284951414354,1.486809903240133,506667.397608,Banco Itaú Chile,nuevo
2024-09-01,Banco Ripley,False,6.166879144580413,6.166879144580413,23.327036798409416,6.146844223626136,3.605402271140866,19.397842900271044,4861.583568,Banco Ripley,nuevo
2024-09-01,Banco Santander-Chile,False,3.0598197881184794,3.0627329679448816,3.921118413891793,2.3837329951273802,2.3285536582448163,2.3987558298678695,1226940.664639,Banco Santander-Chile,nuevo
2024-09-01,Banco Security,False,1.960360132137971,1.960360132137971,2.240254806822095,1.0462554606623269,1.342463558540512,0.9282321587336753,144776.660681,Banco Security,nuevo
2024-09-01,Banco de Chile,False,1.4581760267853787,1.4581760267853787,1.5075329906713322,1.4519657399638524,1.9422527546446051,1.2489060873769877,565851.898078,Banco de Chile,nuevo
2024-09-01,Banco de Crédito e Inversiones,False,2.3752851789749165,2.3793451994210604,2.5920687316054725,2.198708906831735,2.53258263614844,2.120491116336731,761644.297393,Banco de Crédito e Inversiones,nuevo
2024-09-01,Banco del Estado de Chile,False,4.200993421649461,4.200993421649461,4.493310616888788,4.113273324018049,3.8043915193204088,4.16403960460008,1519171.188665,Banco del Estado de Chile,nuevo
2024-09-01,"Bank of China, Agencia en Chile",False,0.0,0.0,0.0,,,,0.0,"Bank of China, Agencia en Chile",nuevo
2024-09-01,"China Construction Bank, Agencia en Chile",False,0.0,0.0,0.0,,,,0.0,"China Construction Bank, Agencia en Chile",nuevo
2024-09-01,HSBC Bank (Chile),False,0.0,0.0,0.0,0.0,0.0,,0.0,HSBC Bank (Chile),nuevo
2024-09-01,"JP Morgan Chase Bank, N.A.",False,0.0,0.0,0.0,,,,0.0,"Jp Morgan Chase Bank, N.A.",nuevo
2024-09-01,Scotiabank Chile,False,2.1477245936352345,2.1477245936352345,2.660789291872791,1.6863079996831791,1.7616954966308003,1.6737080511176332,670889.362701,Scotiabank Chile,nuevo
2024-09-01,Sistema Bancario,True,2.5090194303574727,2.5101206493900152,2.753612959567385,2.283935483678697,2.449465211801736,2.2409965768318547,5750033.45581,Sistema Bancario,nuevo
2024-10-01,Banco BTG Pactual Chile,False,0.13120643375828683,0.13120643375828683,0.13441056694545525,,,,3302.878245,Banco BTG Pactual Chile,nuevo
2024-10-01,Banco Bice,False,0.9791062705617434,0.9791062705617434,1.104249587381861,0.6543100659393497,0.7718492149746834,0.6384675270603706,83948.269459,Banco Bice,nuevo
2024-10-01,Banco Consorcio,False,2.480794262320312,2.480794262320312,3.3566782561603117,0.9809345499428263,1.600626789181491,0.9378341404766919,118921.725369,Banco Consorcio,nuevo
2024-10-01,Banco Falabella,False,3.7757403969645216,3.7757403969645216,7.378676594847231,3.5849128243112482,2.877684320051879,4.3865202229082785,54604.832522,Banco Falabella,nuevo
2024-10-01,Banco Internacional,False,2.696910357890185,2.696910357890185,2.776958616901854,1.1241736890245067,1.3762684401192007,0.9756094956038044,99951.048197,Banco Internacional,nuevo
2024-10-01,Banco Itaú Chile,False,2.270692102292961,2.2715269453219356,2.650354348987834,1.8541399963914011,2.9273930226485025,1.4842653340482537,507322.42251,Banco Itaú Chile,nuevo
2024-10-01,Banco Ripley,False,5.946934713831357,5.946934713831357,22.248602960577443,5.929012537690269,3.2234192237443167,20.52014470396152,4722.844064,Banco Ripley,nuevo
2024-10-01,Banco Santander-Chile,False,3.084401903842692,3.088733808117455,3.943727901406567,2.404563473050943,2.2472435458936824,2.4478901910475144,1249144.260783,Banco Santander-Chile,nuevo
2024-10-01,Banco Security,False,1.753889409126734,1.753889409126734,1.952015354408609,1.102966815945996,1.5000720966175323,0.944804815667982,131625.268318,Banco Security,nuevo
2024-10-01,Banco de Chile,False,1.4457450465143742,1.4457450465143742,1.4960672144804374,1.4346614305736913,1.8594328315219588,1.2581502532372328,560361.545425,Banco de Chile,nuevo
2024-10-01,Banco de Crédito e Inversiones,False,2.3157798401225156,2.3199422093882753,2.5089988027639585,2.2179984154461385,2.5351217518369853,2.143695519495469,758902.447746,Banco de Crédito e Inversiones,nuevo
2024-10-01,Banco del Estado de Chile,False,4.194203775900837,4.194203775900837,4.529245996231744,4.110043451101005,3.6018549752530755,4.194223838051051,1534924.402816,Banco del Estado de Chile,nuevo
2024-10-01,"Bank of China, Agencia en Chile",False,0.0,0.0,0.0,,,,0.0,"Bank of China, Agencia en Chile",nuevo
2024-10-01,"China Construction Bank, Agencia en Chile",False,0.0,0.0,0.0,,,,0.0,"China Construction Bank, Agencia en Chile",nuevo
2024-10-01,HSBC Bank (Chile),False,0.0,0.0,0.0,0.0,0.0,,0.0,HSBC Bank (Chile),nuevo
2024-10-01,"JP Morgan Chase Bank, N.A.",False,0.0,0.0,0.0,,,,0.0,"Jp Morgan Chase Bank, N.A.",nuevo
2024-10-01,Scotiabank Chile,False,2.1468128674642175,2.1468128674642175,2.6391147264043364,1.6920376567647557,1.771794855492468,1.6785723615973849,677011.693188,Scotiabank Chile,nuevo
2024-10-01,Sistema Bancario,True,2.4964393499273907,2.4977738990756957,2.742759211081411,2.2866088084511147,2.3562295183108515,2.268399745185066,5784743.638642,Sistema Bancario,nuevo
2024-11-01,Banco BTG Pactual Chile,False,0.129036405123547,0.129036405123547,0.129036405123547,,,,3302.878245,Banco BTG Pactual Chile,nuevo
2024-11-01,Banco Bice,False,0.9993274538308555,0.9993274538308555,1.1438055974016816,0.620265606046991,0.7742532252791672,0.5996137506485871,86249.320546,Banco Bice,nuevo
2024-11-01,Banco Consorcio,False,2.5855701910288187,2.5855701910288187,3.5455398710152664,0.9382355213182632,1.5801778486530051,0.8959870097747111,126314.77637,Banco Consorcio,nuevo
2024-11-01,Banco Falabella,False,3.6923235564706576,3.6923235564706576,7.325700259851277,3.5026887731398633,2.7121957646694637,4.41232180085333,54282.477529,Banco Falabella,nuevo
2024-11-01,Banco Internacional,False,2.8972838903103573,2.8972838903103573,2.991949530583876,1.0552358776049349,1.090739124112093,1.0339621053048094,109567.144499,Banco Internacional,nuevo
2024-11-01,Banco Itaú Chile,False,2.275290431385946,2.2761496160630874,2.6118013614841225,1.8648322167800748,3.0830138614756826,1.446113040612397,506431.023687,Banco Itaú Chile,nuevo
2024-11-01,Banco Ripley,False,6.042965726403381,6.042965726403381,22.159746131929776,6.025955681619215,3.285762916018843,21.154216550918793,4833.233085,Banco Ripley,nuevo
2024-11-01,Banco Santander-Chile,False,2.730238493481414,2.7349528381634833,3.6874078508181105,1.9652124162795552,2.2433780510148615,1.8878989756907656,1110563.062976,Banco Santander-Chile,nuevo
2024-11-01,Banco Security,False,1.693802850229907,1.693802850229907,1.8711320958427116,1.113704032798703,1.4667824585283795,0.9748212768643356,128585.906744,Banco Security,nuevo
2024-11-01,Banco de Chile,False,1.4368175174319162,1.4368175174319162,1.4709363787154488,1.4498198422965969,1.8156385298578035,1.2976103580522667,560634.960461,Banco de Chile,nuevo
2024-11-01,Banco de Crédito e Inversiones,False,2.3062408921791775,2.3104237083463075,2.4394811274948456,2.2445788374132647,2.4617998950457145,2.1934221943657195,760992.704813,Banco de Crédito e Inversiones,nuevo
2024-11-01,Banco del Estado de Chile,False,4.236769118510299,4.236769118510299,4.499552584111577,4.230570051735479,3.6600024632174644,4.324755909322474,1578098.25143,Banco del Estado de Chile,nuevo
2024-11-01,"Bank of China, Agencia en Chile",False,0.0,0.0,0.0,,,,0.0,"Bank of China, Agencia en Chile",nuevo
2024-11-01,"China Construction Bank, Agencia en Chile",False,0.0,0.0,0.0,,,,0.0,"China Construction Bank, Agencia en Chile",nuevo
2024-11-01,HSBC Bank (Chile),False,0.0,0.0,0.0,0.0,0.0,,0.0,HSBC Bank (Chile),nuevo
2024-11-01,"JP Morgan Chase Bank, N.A.",False,0.0,0.0,0.0,,,,0.0,"Jp Morgan Chase Bank, N.A.",nuevo
2024-11-01,Scotiabank Chile,False,2.1502402112091294,2.1502402112091294,2.601520341765979,1.7264123513667973,1.7429373726624278,1.7236454991371033,685168.407692,Scotiabank Chile,nuevo
2024-11-01,Sistema Bancario,True,2.4458951001994276,2.447343195913098,2.6904039935262185,2.2251450037140077,2.3505925228602496,2.1923192468864907,5715024.148077,Sistema Bancario,nuevo
2024-12-01,Banco BTG Pactual Chile,False,0.12470477603238217,0.12470477603238217,0.12470477603238217,,,,3302.878245,Banco BTG Pactual Chile,nuevo
2024-12-01,Banco Bice,False,0.9678317832807871,0.9678317832807871,1.0970313331625972,0.5769543913536987,0.7078766277629557,0.5591012233849655,85255.048412,Banco Bice,nuevo
2024-12-01,Banco Consorcio,False,2.4449243421747386,2.4449243421747386,3.3197667594332443,0.9437587514577083,1.5845628323881595,0.9015775971921446,120896.32007,Banco Consorcio,nuevo
2024-12-01,Banco Falabella,False,3.689331146060133,3.689331146060133,6.5912538226854664,3.5406239946141214,2.6890189187732023,4.524817992274909,54743.711467,Banco Falabella,nuevo
2024-12-01,Banco Internacional,False,2.7295752741948074,2.7295752741948074,2.8109984400849406,1.1842119041523549,1.0811084326509706,1.2459434065841777,104085.982283,Banco Internacional,nuevo
2024-12-01,Banco Itaú Chile,False,2.134430765933984,2.135260169735019,2.3667879239530434,1.8637102994660062,2.934624448245114,1.4930287934787065,475322.559551,Banco Itaú Chile,nuevo
2024-12-01,Banco Ripley,False,5.942624540083667,5.942624540083667,22.102842572219135,5.926572760228782,3.2257509603343206,21.563409500766543,4861.689375,Banco Ripley,nuevo
2024-12-01,Banco Santander-Chile,False,3.1362869711285675,3.1420095781486683,3.911217641777034,2.5147219186029197,2.28716506934792,2.579047636696557,1289812.104962,Banco Santander-Chile,nuevo
2024-12-01,Banco Security,False,1.6235240529452575,1.6235240529452575,1.7945660885448675,1.0670319547797045,1.4164536297941541,0.9298593737579732,124257.429021,Banco Security,nuevo
2024-12-01,Banco de Chile,False,1.4179743555380642,1.4179743555380642,1.3993717038267917,1.488381614103877,1.8533420782558607,1.3351120427955145,561271.356882,Banco de Chile,nuevo
2024-12-01,Banco de Crédito e Inversiones,False,2.219567905519689,2.223630620581277,2.285855394192001,2.2578914448670764,2.189045143016239,2.274089434159119,743531.602436,Banco de Crédito e Inversiones,nuevo
2024-12-01,Banco del Estado de Chile,False,4.250095029696184,4.250095029696184,4.470821419976143,4.2493862921426855,3.579758894398536,4.359743999996535,1579781.249312,Banco del Estado de Chile,nuevo
2024-12-01,"Bank of China, Agencia en Chile",False,0.0,0.0,0.0,,,,0.0,"Bank of China, Agencia en Chile",nuevo
2024-12-01,"China Construction Bank, Agencia en Chile",False,0.0,0.0,0.0,,,,0.0,"China Construction Bank, Agencia en Chile",nuevo
2024-12-01,HSBC Bank (Chile),False,0.0,0.0,0.0,0.0,0.0,,0.0,HSBC Bank (Chile),nuevo
2024-12-01,"JP Morgan Chase Bank, N.A.",False,0.0,0.0,0.0,,,,0.0,"Jp Morgan Chase Bank, N.A.",nuevo
2024-12-01,Scotiabank Chile,False,2.1226430437150303,2.1226430437150303,2.5244995025478674,1.7387808732551524,1.7906845320284042,1.7300077196927168,685696.115294,Scotiabank Chile,nuevo
2024-12-01,Sistema Bancario,True,2.471457414751741,2.4729742386547593,2.625029306901122,2.3536236349114437,2.312360351486473,2.3645053521253634,5832818.04731,Sistema Bancario,nuevo
2025-01-01,Banco BTG Pactual Chile,False,0.13066605270157947,0.13066605270157947,0.1319712906134291,,,,3302.878245,Banco BTG Pactual Chile,nuevo
2025-01-01,Banco Bice,False,0.9725866740402509,0.9725866740402509,1.0762054339545826,0.6618711676171123,0.653924322224942,0.6629452682851303,85365.450533,Banco Bice,nuevo
2025-01-01,Banco Consorcio,False,2.777308960933521,2.777308960933521,3.775590147526735,1.0851968943547596,1.4216764328547793,1.0630131356478105,137569.017937,Banco Consorcio,nuevo
2025-01-01,Banco Falabella,False,3.560993656477672,3.560993656477672,6.336340378620707,3.4213436034205653,2.4907246555176576,4.511198231204896,53349.731863,Banco Falabella,nuevo
2025-01-01,Banco Internacional,False,2.7919376060021426,2.7919376060021426,2.8729977696896887,1.269230976262087,0.9139943324109097,1.478250964632209,107430.239201,Banco Internacional,nuevo
2025-01-01,Banco Itaú Chile,False,2.1079358346424275,2.108752979533027,2.411509242968422,1.7730328235461885,2.5982060739974253,1.4891762918576414,468802.838966,Banco Itaú Chile,nuevo
2025-01-01,Banco Ripley,False,5.925779035887983,5.925779035887983,18.540254401409523,5.914080389630119,3.265141541100536,21.937828949587118,4942.09572,Banco Ripley,nuevo
2025-01-01,Banco Santander-Chile,False,3.154667917393682,3.1612882255607246,3.907366645480991,2.5549848416185963,2.3514171235764687,2.6124403229190354,1284566.30894,Banco Santander-Chile,nuevo
2025-01-01,Banco Security,False,1.7274620959697309,1.7274620959697309,1.9523482797516487,0.9960601226356139,1.2787589700602853,0.8860547725186693,132232.261764,Banco Security,nuevo
2025-01-01,Banco de Chile,False,1.421344387517315,1.421344387517315,1.3875908177532263,1.4865411469693999,1.7558741962958755,1.3741285861694637,559137.472024,Banco de Chile,nuevo
2025-01-01,Banco de Crédito e Inversiones,False,2.218667230702907,2.2226912228742832,2.330309434258391,2.1992589057423197,2.0631026977290325,2.231235911238433,742717.841863,Banco de Crédito e Inversiones,nuevo
2025-01-01,Banco del Estado de Chile,False,4.2270511921888065,4.2270511921888065,4.336013573449577,4.2843943709324455,3.3637393432508134,4.436937532499417,1565291.273166,Banco del Estado de Chile,nuevo
2025-01-01,"Bank of China, Agencia en Chile",False,0.0,0.0,0.0,,,,0.0,"Bank of China, Agencia en Chile",nuevo
2025-01-01,"China Construction Bank, Agencia en Chile",False,0.0,0.0,0.0,,,,0.0,"China Construction Bank, Agencia en Chile",nuevo
2025-01-01,HSBC Bank (Chile),False,0.0,0.0,0.0,0.0,0.0,,0.0,HSBC Bank (Chile),nuevo
2025-01-01,"JP Morgan Chase Bank, N.A.",False,0.0,0.0,0.0,,,,0.0,"Jp Morgan Chase Bank, N.A.",nuevo
2025-01-01,Scotiabank Chile,False,2.141028902163528,2.141028902163528,2.519518879888841,1.7832354720806138,1.7638957260173882,1.7865412323987886,688065.658409,Scotiabank Chile,nuevo
2025-01-01,Sistema Bancario,True,2.483190840348905,2.484825214836931,2.634705283628714,2.3611506618033595,2.211462762445841,2.400604450142965,5832773.068631,Sistema Bancario,nuevo
2025-02-01,Banco BTG Pactual Chile,False,0.1273841968788186,0.1273841968788186,0.1273841968788186,,,,3302.878245,Banco BTG Pactual Chile,nuevo
2025-02-01,Banco Bice,False,0.9422399420577232,0.9422399420577232,1.0627438616428242,0.6481402072314787,0.6282744046403218,0.6507668758211994,83304.996077,Banco Bice,nuevo
2025-02-01,Banco Consorcio,False,2.523876155536217,2.523876155536217,3.365048297616361,1.1334956653220087,1.3108191724969671,1.1219695604259927,124606.059865,Banco Consorcio,nuevo
2025-02-01,Banco Falabella,False,3.5811840118875478,3.5811840118875478,6.286161476810465,3.4460579058835954,2.4264726754176142,4.637615272488256,54020.082858,Banco Falabella,nuevo
2025-02-01,Banco Internacional,False,3.18357789672642,3.18357789672642,3.2809784820008745,1.3705355763009073,1.1687904841713543,1.4881307853819947,123541.505879,Banco Internacional,nuevo
2025-02-01,Banco Itaú Chile,False,2.2085592793286493,2.209411644029488,2.5655488846723133,1.7950864933267339,2.696449369402605,1.4905915809726054,484981.177368,Banco Itaú Chile,nuevo
2025-02-01,Banco Ripley,False,5.722838587975299,5.722838587975299,18.635218564381322,5.711501074562938,3.060936192637501,22.37765620507779,4877.717647,Banco Ripley,nuevo
2025-02-01,Banco Santander-Chile,False,2.882763141626574,2.88965283710963,3.7898342755428507,2.16727587788199,2.4076988533251296,2.1005648956704888,1170439.222573,Banco Santander-Chile,nuevo
2025-02-01,Banco Security,False,1.7636902955803087,1.7636902955803087,1.984413171470643,1.0537302811810934,1.439555198496606,0.9061950321050956,134611.482701,Banco Security,nuevo
2025-02-01,Banco de Chile,False,1.454017727526334,1.454017727526334,1.4308782631596657,1.5105906197300842,1.770970439907739,1.4049138365306424,575607.972298,Banco de Chile,nuevo
2025-02-01,Banco de Crédito e Inversiones,False,2.150035029284551,2.1538792246230187,2.1289023987510447,2.2783448216101077,2.2765582545443768,2.278760838508343,714935.406292,Banco de Crédito e Inversiones,nuevo
2025-02-01,Banco del Estado de Chile,False,4.187142157202627,4.187142157202627,4.181494861740908,4.338811965187292,3.4128306979895973,4.49132455251719,1561884.931791,Banco del Estado de Chile,nuevo
2025-02-01,"Bank of China, Agencia en Chile",False,0.0,0.0,0.0,,,,0.0,"Bank of China, Agencia en Chile",nuevo
2025-02-01,"China Construction Bank, Agencia en Chile",False,0.0,0.0,0.0,,,,0.0,"China Construction Bank, Agencia en Chile",nuevo
2025-02-01,HSBC Bank (Chile),False,0.0,0.0,0.0,0.0,0.0,,0.0,HSBC Bank (Chile),nuevo
2025-02-01,"JP Morgan Chase Bank, N.A.",False,0.0,0.0,0.0,,,,0.0,"Jp Morgan Chase Bank, N.A.",nuevo
2025-02-01,Scotiabank Chile,False,2.190388781368179,2.190388781368179,2.5652993705685203,1.8391040481647944,1.9302116531355114,1.8236163018998468,703805.034318,Scotiabank Chile,nuevo
2025-02-01,Sistema Bancario,True,2.4431755500317758,2.4448887198173863,2.5936637598194276,2.3196266831300414,2.2906897032457705,2.3271350356101776,5739918.467912,Sistema Bancario,nuevo
2025-03-01,Banco BTG Pactual Chile,False,0.1280318710289196,0.1280318710289196,0.1280318710289196,,,,3302.878245,Banco BTG Pactual Chile,nuevo
2025-03-01,Banco Bice,False,0.9492331838078819,0.9492331838078819,1.0394174612005707,0.702903904581991,0.8263893251433364,0.686310187448135,83475.152306,Banco Bice,nuevo
2025-03-01,Banco Consorcio,False,2.8109785358284114,2.8109785358284114,3.717253032799866,1.2516917110886254,1.2464482311753027,1.2520472718937543,137059.443572,Banco Consorcio,nuevo
2025-03-01,Banco Falabella,False,3.477893282126662,3.477893282126662,6.085184158722197,3.3494343583830184,2.286457575871524,4.59903585875305,53047.77129,Banco Falabella,nuevo
2025-03-01,Banco Internacional,False,3.6066562655890153,3.6066562655890153,3.7306812262041613,1.3269620048594186,1.1487291374078072,1.432768161810347,140354.678548,Banco Internacional,nuevo
2025-03-01,Banco Itaú Chile,False,2.173191932788831,2.174043722957691,2.4814398700459757,1.8274740876441296,2.8199757162674675,1.4940378755516892,474501.530445,Banco Itaú Chile,nuevo
2025-03-01,Banco Ripley,False,5.414574575072276,5.414574575072276,18.886140087741527,5.40371403593332,2.730830566960696,22.770218762059116,4682.483086,Banco Ripley,nuevo
2025-03-01,Banco Santander-Chile,False,2.875891731040881,2.8835120612839225,3.7630552575075433,2.1698415406159044,2.3356615951030655,2.1236049335348492,1176719.952024,Banco Santander-Chile,nuevo
2025-03-01,Banco Security,False,1.8182529084840418,1.8182529084840418,2.051741576379899,1.0743680108324212,1.3800751157547193,0.9587200158823473,138985.020826,Banco Security,nuevo
2025-03-01,Banco de Chile,False,1.4293105326795024,1.4293105326795024,1.3881803115724851,1.5181662269440532,1.7148008554058782,1.437348628167808,570597.321399,Banco de Chile,nuevo
2025-03-01,Banco de Crédito e Inversiones,False,2.0572103795593204,2.060845193632042,1.9919516142249702,2.2353018825401687,2.2121438780154885,2.240711362742825,691077.599152,Banco de Crédito e Inversiones,nuevo
2025-03-01,Banco del Estado de Chile,False,4.135992979728507,4.135992979728507,4.129203691640054,4.291570933574978,3.3253050090634964,4.448893103965618,1546139.952047,Banco del Estado de Chile,nuevo
2025-03-01,"Bank of China, Agencia en Chile",False,0.0,0.0,0.0,,,,0.0,"Bank of China, Agencia en Chile",nuevo
2025-03-01,"China Construction Bank, Agencia en Chile",False,0.0,0.0,0.0,,,,0.0,"China Construction Bank, Agencia en Chile",nuevo
2025-03-01,HSBC Bank (Chile),False,0.0,0.0,0.0,0.0,0.0,,0.0,HSBC Bank (Chile),nuevo
2025-03-01,"JP Morgan Chase Bank, N.A.",False,0.0,0.0,0.0,,,,0.0,"Jp Morgan Chase Bank, N.A.",nuevo
2025-03-01,Scotiabank Chile,False,2.1940878532942496,2.1940878532942496,2.6185615240477484,1.8038101172303553,1.8285703792088697,1.7995229884750297,704289.861769,Scotiabank Chile,nuevo
2025-03-01,Sistema Bancario,True,2.427663915898311,2.429476667049951,2.576967855726567,2.3081848579524227,2.2364502967109936,2.3269032984115743,5724233.644709,Sistema Bancario,nuevo
2025-04-01,Banco BTG Pactual Chile,False,0.12854411948953273,0.12854411948953273,0.12854411948953273,,,,3302.878245,Banco BTG Pactual Chile,nuevo
2025-04-01,Banco Bice,False,0.931632570931197,0.931632570931197,1.0182920455144866,0.735209290634222,0.7363109970408015,0.735061776454949,83785.816534,Banco Bice,nuevo
2025-04-01,Banco Consorcio,False,2.7324405933618556,2.7324405933618556,3.667595401628782,1.1099646695918224,1.2656480722148868,1.0994393967170601,135553.774962,Banco Consorcio,nuevo
2025-04-01,Banco Falabella,False,3.495619228780512,3.495619228780512,5.806216663468542,3.382348568531891,2.2504754166549845,4.717100743232913,53584.140535,Banco Falabella,nuevo
2025-04-01,Banco Internacional,False,3.1974759778212207,3.1974759778212207,3.302793466493921,1.3048876401127016,1.3793520508826667,1.260421899336657,125027.390558,Banco Internacional,nuevo
2025-04-01,Banco Itaú Chile,False,2.185108724232572,2.185973739961205,2.5037017913844286,1.8315596620906731,2.832504812424315,1.4987610788581966,476381.28771,Banco Itaú Chile,nuevo
2025-04-01,Banco Ripley,False,5.152339494618719,5.152339494618719,18.670909802887394,5.142398247587086,2.4424397918027267,23.575573338661606,4575.726521,Banco Ripley,nuevo
2025-04-01,Banco Santander-Chile,False,2.6737799685731165,2.681488915103345,3.3341709799558075,2.1502797021282865,2.240588283866741,2.1249800457397567,1093303.245992,Banco Santander-Chile,nuevo
2025-04-01,Banco Security,False,2.010488013725126,2.010488013725126,2.305394311888591,1.0739267576737968,1.3530211872125495,0.9684536989696881,155112.250138,Banco Security,nuevo
2025-04-01,Banco de Chile,False,1.4215885192585713,1.4215885192585713,1.3781496825142598,1.5105484473380064,1.723778828721916,1.4230681555776048,569954.498537,Banco de Chile,nuevo
2025-04-01,Banco de Crédito e Inversiones,False,2.0275512023879885,2.0310917199000618,1.9412224679113799,2.2431723708130336,2.304922406911573,2.228666449475505,686606.37302,Banco de Crédito e Inversiones,nuevo
2025-04-01,Banco del Estado de Chile,False,4.074298417641298,4.074298417641298,3.977471216167023,4.3276037659265265,3.301963766550766,4.493236144525483,1534429.040396,Banco del Estado de Chile,nuevo
2025-04-01,"Bank of China, Agencia en Chile",False,0.0,0.0,0.0,,,,0.0,"Bank of China, Agencia en Chile",nuevo
2025-04-01,"China Construction Bank, Agencia en Chile",False,0.0,0.0,0.0,,,,0.0,"China Construction Bank, Agencia en Chile",nuevo
2025-04-01,HSBC Bank (Chile),False,0.0,0.0,0.0,0.0,0.0,,0.0,HSBC Bank (Chile),nuevo
2025-04-01,"JP Morgan Chase Bank, N.A.",False,0.0,0.0,0.0,,,,0.0,"Jp Morgan Chase Bank, N.A.",nuevo
2025-04-01,Scotiabank Chile,False,2.1356305207427426,2.1356305207427426,2.5385489177361436,1.7968960898965927,1.7315942094840444,1.8081982839171438,694130.664402,Scotiabank Chile,nuevo
2025-04-01,Sistema Bancario,True,2.3668543368180908,2.3687033476444266,2.4702768355661915,2.3086084641436475,2.212764681268121,2.333594369692967,5615747.08755,Sistema Bancario,nuevo
2025-05-01,Banco BTG Pactual Chile,False,0.12586878077107952,0.12586878077107952,0.12683562615563382,,,,3302.878245,Banco BTG Pactual Chile,nuevo
2025-05-01,Banco Bice,False,0.9109851938831037,0.9109851938831037,1.0034270155597143,0.7311682122050643,0.5759296355097497,0.7516078987211461,82405.036416,Banco Bice,nuevo
2025-05-01,Banco Consorcio,False,2.7074088378241816,2.7074088378241816,3.6199449107550454,1.1097521323270716,1.3486728597790514,1.0936924389493972,136163.066788,Banco Consorcio,nuevo
2025-05-01,Banco Falabella,False,3.4260706202791216,3.4260706202791216,5.6148263154157485,3.317957161719127,2.2632298340259043,4.548338500976344,52762.621808,Banco Falabella,nuevo
2025-05-01,Banco Internacional,False,2.944194147302974,2.944194147302974,3.0600875962127696,0.8909454607585616,1.3848689734291943,0.598298992826376,115800.875314,Banco Internacional,nuevo
2025-05-01,Banco Itaú Chile,False,2.2284314688437123,2.2293088975540347,2.5171250379745365,1.9091637863678723,3.048116724035178,1.535794620913126,488090.045267,Banco Itaú Chile,nuevo
2025-05-01,Banco Ripley,False,5.082302741680861,5.082302741680861,19.223992990239093,5.07231981808026,2.3940215294043146,24.06030218115934,4599.679605,Banco Ripley,nuevo
2025-05-01,Banco Santander-Chile,False,2.974085771788302,2.9866951873668874,3.505947518958326,2.5697692863944765,2.255871651203407,2.657549603872695,1214051.583182,Banco Santander-Chile,nuevo
2025-05-01,Banco Security,False,1.9195822286827886,1.9195822286827886,2.207020567773231,1.010390271362111,1.2859107557429483,0.9073518638315202,148187.473924,Banco Security,nuevo
2025-05-01,Banco de Chile,False,1.4350035598651145,1.4350035598651145,1.396453057495808,1.519086171375207,1.7537775947121217,1.4238135136713703,575517.133479,Banco de Chile,nuevo
2025-05-01,Banco de Crédito e Inversiones,False,2.022389564117296,2.0259374589331447,1.9428567585549203,2.248532120653141,2.3043768695114846,2.2354659250299638,682604.249868,Banco de Crédito e Inversiones,nuevo
2025-05-01,Banco del Estado de Chile,False,4.020017543474881,4.020017543474881,3.843348293016791,4.358724678384339,3.21467498184177,4.541777534453914,1533307.20708,Banco del Estado de Chile,nuevo
2025-05-01,"Bank of China, Agencia en Chile",False,0.0,0.0,0.0,,,,0.0,"Bank of China, Agencia en Chile",nuevo
2025-05-01,"China Construction Bank, Agencia en Chile",False,0.0,0.0,0.0,,,,0.0,"China Construction Bank, Agencia en Chile",nuevo
2025-05-01,HSBC Bank (Chile),False,0.0,0.0,0.0,0.0,0.0,,0.0,HSBC Bank (Chile),nuevo
2025-05-01,"JP Morgan Chase Bank, N.A.",False,0.0,0.0,0.0,,,,0.0,"Jp Morgan Chase Bank, N.A.",nuevo
2025-05-01,Scotiabank Chile,False,2.1797611817117613,2.1797611817117613,2.5529837378790132,1.8376133664146779,1.760093439365341,1.8509299417931748,703342.525129,Scotiabank Chile,nuevo
2025-05-01,Sistema Bancario,True,2.4152913601522834,2.417733627787901,2.4733299370098063,2.413621496559723,2.2367239848093217,2.4593862198907104,5740134.376105,Sistema Bancario,nuevo
2025-06-01,Banco BTG Pactual Chile,False,0.12320977437621237,0.12320977437621237,0.12320977437621237,,,,3302.878245,Banco BTG Pactual Chile,nuevo
2025-06-01,Banco Bice,False,0.9294909996046773,0.9294909996046773,1.0419964996825142,0.6638701213139475,0.6613722173765108,0.6641957946275807,83913.966429,Banco Bice,nuevo
2025-06-01,Banco Consorcio,False,2.6580600999970616,2.6580600999970616,3.4864331523092185,1.1509138628043531,1.23250650658245,1.1452655991805567,133553.730878,Banco Consorcio,nuevo
2025-06-01,Banco Falabella,False,3.375467982145611,3.375467982145611,5.326900173367409,3.279662478865549,2.2393833045892677,4.494375959774207,52289.069264,Banco Falabella,nuevo
2025-06-01,Banco Internacional,False,2.6886812077997906,2.6886812077997906,2.7706294006042613,1.2111479353985217,1.3358437079468342,1.1367932966497754,108453.555074,Banco Internacional,nuevo
2025-06-01,Banco Itaú Chile,False,2.289322601392386,2.29021961095662,2.610477094439103,1.9315200937770973,2.982884293442305,1.5884092959375797,502014.747127,Banco Itaú Chile,nuevo
2025-06-01,Banco Ripley,False,4.948009443205693,4.948009443205693,26.95902451226932,4.933257540961551,2.330991352429437,24.169518191979673,4566.411436,Banco Ripley,nuevo
2025-06-01,Banco Santander-Chile,False,2.9603150764754305,2.9733523736863443,3.4400058302183725,2.595660009288999,2.2508951258972916,2.6925677461645257,1208436.5889,Banco Santander-Chile,nuevo
2025-06-01,Banco Security,False,1.9562644319070097,1.9562644319070097,2.24339926745984,1.058098237395949,1.428700938717969,0.920826190629588,150443.465365,Banco Security,nuevo
2025-06-01,Banco de Chile,False,1.458194374783486,1.458194374783486,1.410434559791834,1.5263542212002574,1.8029603016361495,1.4140270889835103,577715.407367,Banco de Chile,nuevo
2025-06-01,Banco de Crédito e Inversiones,False,1.9726291951362676,1.9759922324296455,1.883363519992477,2.2124646104415975,2.18963637007471,2.217808722139237,676660.614566,Banco de Crédito e Inversiones,nuevo
2025-06-01,Banco del Estado de Chile,False,4.039443167009758,4.039443167009758,3.82807828758178,4.414901941089101,3.2076911793494736,4.606751331149108,1551610.712961,Banco del Estado de Chile,nuevo
2025-06-01,"Bank of China, Agencia en Chile",False,0.0,0.0,0.0,,,,0.0,"Bank of China, Agencia en Chile",nuevo
2025-06-01,"China Construction Bank, Agencia en Chile",False,0.0,0.0,0.0,,,,0.0,"China Construction Bank, Agencia en Chile",nuevo
2025-06-01,HSBC Bank (Chile),False,0.0,0.0,0.0,0.0,0.0,,0.0,HSBC Bank (Chile),nuevo
2025-06-01,"JP Morgan Chase Bank, N.A.",False,0.0,0.0,0.0,,,,0.0,"Jp Morgan Chase Bank, N.A.",nuevo
2025-06-01,Scotiabank Chile,False,2.2624403897583236,2.2624403897583236,2.7076699041107557,1.8656077513396108,1.8595872911446527,1.8666391476210056,728253.5018,Scotiabank Chile,nuevo
2025-06-01,Sistema Bancario,True,2.42871806854785,2.431230226852223,2.4745011957728495,2.43334066785223,2.2389922079033338,2.483611839570411,5781214.649412,Sistema Bancario,nuevo
2025-07-01,Banco BTG Pactual Chile,False,0.09088975670081106,0.09088975670081106,0.09088975670081106,,,,2528.980608,Banco BTG Pactual Chile,nuevo
2025-07-01,Banco Bice,False,0.9313484072088262,0.9313484072088262,1.0326980184271704,0.6787334356913513,0.6070213941160355,0.6881805481805372,83594.828695,Banco Bice,nuevo
2025-07-01,Banco Consorcio,False,2.12577745406319,2.12577745406319,2.669441682132915,1.125269906490149,1.4397792184464506,1.1036184079171427,108683.613239,Banco Consorcio,nuevo
2025-07-01,Banco Falabella,False,3.3306309587142864,3.3306309587142864,4.998553002640123,3.24937419683964,2.1269573053741695,4.5848386023913985,52158.758249,Banco Falabella,nuevo
2025-07-01,Banco Internacional,False,2.559805355791904,2.559805355791904,2.6371923903278507,1.1885733747116558,1.4353247266972167,1.0431022804969494,104033.926318,Banco Internacional,nuevo
2025-07-01,Banco Itaú Chile,False,2.222006371899029,2.222910241476768,2.528274308721635,1.8752127644560124,2.8398304300915553,1.561499428416047,492227.53827,Banco Itaú Chile,nuevo
2025-07-01,Banco Ripley,False,4.84135362712091,4.84135362712091,27.030381403872468,4.827624902666738,2.3750676526604484,23.99592098602306,4580.957679,Banco Ripley,nuevo
2025-07-01,Banco Santander-Chile,False,2.961425112883892,2.9761144807190494,3.38398031701218,2.6416728460862027,2.3387305739490154,2.7274979447863816,1209455.376611,Banco Santander-Chile,nuevo
2025-07-01,Banco Security,False,2.0778951802042522,2.0778951802042522,2.4027635947539006,1.0610763454590209,1.4180676031127324,0.92991868740052,160162.862327,Banco Security,nuevo
2025-07-01,Banco de Chile,False,1.48552316660082,1.48552316660082,1.4607907627655339,1.5383928188337739,1.8687727203260613,1.4048216292580638,592317.066986,Banco de Chile,nuevo
2025-07-01,Banco de Crédito e Inversiones,False,2.0040673708710317,2.007640858036659,1.9770795503926164,2.167666369495847,2.0567168254176895,2.193694103176679,688170.271891,Banco de Crédito e Inversiones,nuevo
2025-07-01,Banco del Estado de Chile,False,4.055065783461677,4.055065783461677,3.7727621140894976,4.484743615500122,3.1213080226694276,4.7013106418779635,1567469.422732,Banco del Estado de Chile,nuevo
2025-07-01,"Bank of China, Agencia en Chile",False,0.0,0.0,0.0,,,,0.0,"Bank of China, Agencia en Chile",nuevo
2025-07-01,"China Construction Bank, Agencia en Chile",False,0.0,0.0,0.0,,,,0.0,"China Construction Bank, Agencia en Chile",nuevo
2025-07-01,HSBC Bank (Chile),False,0.0,0.0,0.0,0.0,0.0,,0.0,HSBC Bank (Chile),nuevo
2025-07-01,"JP Morgan Chase Bank, N.A.",False,0.0,0.0,0.0,,,,0.0,"Jp Morgan Chase Bank, N.A.",nuevo
2025-07-01,Scotiabank Chile,False,2.296597339895369,2.296597339895369,2.810632724996031,1.8304478460492957,1.7858969997229326,1.8381148332287167,738851.425534,Scotiabank Chile,nuevo
2025-07-01,Sistema Bancario,True,2.4287581796690145,2.431522682753104,2.4677398773496244,2.4409507121724348,2.221316555166837,2.497842538608196,5804235.029139,Sistema Bancario,nuevo
2025-08-01,Banco BTG Pactual Chile,False,0.088286630829634,0.088286630829634,0.088286630829634,,,,2528.980608,Banco BTG Pactual Chile,nuevo
2025-08-01,Banco Bice,False,0.8975756168203863,0.8975756168203863,0.978223185229568,0.7039837167658634,0.7622583989052237,0.6964138793898842,80867.284834,Banco Bice,nuevo
2025-08-01,Banco Consorcio,False,2.14557051440692,2.14557051440692,2.6894041656448158,1.1709309235622651,1.4459273838786622,1.1523148791617568,110315.150675,Banco Consorcio,nuevo
2025-08-01,Banco Falabella,False,3.2447727660338797,3.2447727660338797,4.988894113651072,3.160396477529876,2.040800347574199,4.527121480767692,51895.855524,Banco Falabella,nuevo
2025-08-01,Banco Internacional,False,2.3985755722606066,2.3985755722606066,2.473921814389261,1.1037799131099535,1.2855344622810592,0.9997145710784286,97867.215331,Banco Internacional,nuevo
2025-08-01,Banco Itaú Chile,False,2.2120166637406626,2.2129191186632737,2.507945856686819,1.8800955774249626,2.878610421013296,1.5607106102541732,491167.246108,Banco Itaú Chile,nuevo
2025-08-01,Banco Ripley,False,4.99594784378656,4.99594784378656,20.54137207242454,4.986890143029518,2.5440670123798603,24.62251475128898,4776.579369,Banco Ripley,nuevo
2025-08-01,Banco Santander-Chile,False,2.6727675509088633,2.6873554205713,3.24954298579721,2.227071289295702,2.3273689903827948,2.19887394635234,1095737.778343,Banco Santander-Chile,nuevo
2025-08-01,Banco Security,False,2.1098445579343954,2.1098445579343954,2.4503772680490847,1.049086881890424,1.3718077230972878,0.9326174088982567,162376.424905,Banco Security,nuevo
2025-08-01,Banco de Chile,False,1.5196312939693692,1.5196312939693692,1.531529886454859,1.5532241780009377,1.8156488492288605,1.4477995905052992,615724.45281,Banco de Chile,nuevo
2025-08-01,Banco de Crédito e Inversiones,False,2.071997810167973,2.075613367848693,2.121502726134052,2.1755048747475754,2.02350400175587,2.210914956710595,724177.7356,Banco de Crédito e Inversiones,nuevo
2025-08-01,Banco del Estado de Chile,False,4.110830577565432,4.110830577565432,3.8189330119634395,4.556745120824724,3.0271780076073433,4.798009134657836,1605436.913811,Banco del Estado de Chile,nuevo
2025-08-01,"Bank of China, Agencia en Chile",False,0.0,0.0,0.0,,,,0.0,"Bank of China, Agencia en Chile",nuevo
2025-08-01,"China Construction Bank, Agencia en Chile",False,0.0,0.0,0.0,,,,0.0,"China Construction Bank, Agencia en Chile",nuevo
2025-08-01,HSBC Bank (Chile),False,0.0,0.0,0.0,0.0,0.0,,0.0,HSBC Bank (Chile),nuevo
2025-08-01,"JP Morgan Chase Bank, N.A.",False,0.0,0.0,0.0,,,,0.0,"Jp Morgan Chase Bank, N.A.",nuevo
2025-08-01,Scotiabank Chile,False,2.282461786203356,2.282461786203356,2.7195722877370563,1.885042822485374,1.8993605536474865,1.8825752486599807,738186.683766,Scotiabank Chile,nuevo
2025-08-01,Sistema Bancario,True,2.397171018129131,2.400081816273843,2.4688708749687147,2.3831415096212223,2.2043878836902975,2.429139073370989,5781058.301684,Sistema Bancario,nuevo
2025-09-01,Banco BTG Pactual Chile,False,0.08567215246697255,0.08567215246697255,0.08567215246697255,,,,2528.980608,Banco BTG Pactual Chile,nuevo
2025-09-01,Banco Bice,False,0.8892169638633584,0.8892169638633584,0.9598320960538886,0.686001111107418,0.7832501235364809,0.6734552375813073,79367.403423,Banco Bice,nuevo
2025-09-01,Banco Consorcio,False,2.1965251426756387,2.1965251426756387,2.770486111028184,1.1633103820102872,1.5504787843167112,1.1374474046780827,115348.774752,Banco Consorcio,nuevo
2025-09-01,Banco Falabella,False,3.181101898935062,3.181101898935062,4.663971221347309,3.11041878048802,2.0496996543928545,4.419260614574273,51569.611097,Banco Falabella,nuevo
2025-09-01,Banco Internacional,False,2.574434366724512,2.574434366724512,2.662552031495231,1.1034413069228546,1.3639378031505827,0.9599439836414019,104797.135574,Banco Internacional,nuevo
2025-09-01,Banco Itaú Chile,False,2.2127896572224426,2.2136951427961176,2.5161688093917784,1.8713035373914468,2.7649378423613933,1.5888533343062263,494054.399545,Banco Itaú Chile,nuevo
2025-09-01,Banco Ripley,False,5.335416435868061,5.335416435868061,20.94313302215687,5.326628016368199,2.8669636692895892,25.43754260632146,5083.497248,Banco Ripley,nuevo
2025-09-01,Banco Santander-Chile,False,3.0208030544649236,3.0381012845807676,3.3506841640183285,2.7868276984669795,2.458210371266874,2.8791330850834185,1235733.042248,Banco Santander-Chile,nuevo
2025-09-01,Banco Security,False,2.1432651822963407,2.1432651822963407,2.517835174442796,1.0013091928255706,1.3678932779950304,0.870555545837555,163151.521764,Banco Security,nuevo
2025-09-01,Banco de Chile,False,1.5391255185929789,1.5391255185929789,1.5608978238064155,1.5690030942165003,1.9593047453937074,1.4127673347386518,619809.875803,Banco de Chile,nuevo
2025-09-01,Banco de Crédito e Inversiones,False,2.105362642594342,2.1090541126207816,2.1596972107851595,2.159463490883389,2.074735412417259,2.1792135443045186,731646.109334,Banco de Crédito e Inversiones,nuevo
2025-09-01,Banco del Estado de Chile,False,4.2850489303347175,4.2850489303347175,4.141757800690198,4.583382263899525,3.1182935629512336,4.811769033127602,1662127.319017,Banco del Estado de Chile,nuevo
2025-09-01,"Bank of China, Agencia en Chile",False,0.0,0.0,0.0,,,,0.0,"Bank of China, Agencia en Chile",nuevo
2025-09-01,"China Construction Bank, Agencia en Chile",False,0.0,0.0,0.0,,,,0.0,"China Construction Bank, Agencia en Chile",nuevo
2025-09-01,HSBC Bank (Chile),False,0.0,0.0,0.0,0.0,0.0,,0.0,HSBC Bank (Chile),nuevo
2025-09-01,"JP Morgan Chase Bank, N.A.",False,0.0,0.0,0.0,,,,0.0,"Jp Morgan Chase Bank, N.A.",nuevo
2025-09-01,Scotiabank Chile,False,2.3949364067182772,2.3949364067182772,2.986555927163854,1.8653783527177243,1.830415603925857,1.8713711664149648,775983.363082,Scotiabank Chile,nuevo
2025-09-01,Sistema Bancario,True,2.5109380696549315,2.5141029686309393,2.578062690295542,2.498674130430212,2.267681734879746,2.5578180744837615,6041201.033495,Sistema Bancario,nuevo
2025-10-01,Banco BTG Pactual Chile,False,0.08506653256712261,0.08506653256712261,0.08506653256712261,,,,2528.980608,Banco BTG Pactual Chile,nuevo
2025-10-01,Banco Bice,False,0.8755985136001885,0.8755985136001885,0.9276462139347259,0.7267404025133296,0.783992228231649,0.7192066087091804,78088.193084,Banco Bice,nuevo
2025-10-01,Banco Consorcio,False,2.1284902943186004,2.1284902943186004,2.660648544380983,1.1944679884293883,1.581284514880096,1.1687824436167737,111762.887337,Banco Consorcio,nuevo
2025-10-01,Banco Falabella,False,3.2773627280918842,3.2773627280918842,7.191016928591529,3.0945103970843078,2.020323893417549,4.4509694430342694,54148.960491,Banco Falabella,nuevo
2025-10-01,Banco Internacional,False,2.76288276813823,2.76288276813823,2.8832945685253626,0.8368227776058613,1.0719597438010622,0.709814399596028,111439.247567,Banco Internacional,nuevo
2025-10-01,Banco Itaú Chile,False,2.216272152816871,2.2171659539609525,2.5388631558236896,1.8569584993730863,2.6585007681973267,1.603999679169893,495121.173749,Banco Itaú Chile,nuevo
2025-10-01,Banco Ripley,False,5.335794052536753,5.335794052536753,21.049527185798446,5.3272258877211565,2.891189914217819,25.84687941214905,5120.803779,Banco Ripley,nuevo
2025-10-01,Banco Santander-Chile,False,3.055982672775016,3.0745042560559064,3.3918922302825854,2.818704760715562,2.496209226485558,2.910228941668888,1250503.828539,Banco Santander-Chile,nuevo
2025-10-01,Banco Security,False,2.072760298501509,2.072760298501509,2.3916220779415838,1.1297529040481329,1.528773843420364,0.9868808137228654,156039.447372,Banco Security,nuevo
2025-10-01,Banco de Chile,False,1.622618174948667,1.622618174948667,1.6809817938112088,1.612395517032637,1.9434724075779888,1.4782941821896767,645623.530843,Banco de Chile,nuevo
2025-10-01,Banco de Crédito e Inversiones,False,2.080544298040105,2.0841288942525256,2.114325696236171,2.186440611225219,2.2039440089138638,2.1823345831495815,723408.973265,Banco de Crédito e Inversiones,nuevo
2025-10-01,Banco del Estado de Chile,False,4.160702394455246,4.160702394455246,3.9004632737524796,4.582536038267409,2.888962547946181,4.846940064793885,1624967.811083,Banco del Estado de Chile,nuevo
2025-10-01,"Bank of China, Agencia en Chile",False,0.0,0.0,0.0,,,,0.0,"Bank of China, Agencia en Chile",nuevo
2025-10-01,"China Construction Bank, Agencia en Chile",False,0.0,0.0,0.0,,,,0.0,"China Construction Bank, Agencia en Chile",nuevo
2025-10-01,HSBC Bank (Chile),False,0.0,0.0,0.0,0.0,0.0,,0.0,HSBC Bank (Chile),nuevo
2025-10-01,"JP Morgan Chase Bank, N.A.",False,0.0,0.0,0.0,,,,0.0,"Jp Morgan Chase Bank, N.A.",nuevo
2025-10-01,Scotiabank Chile,False,2.4132825967806597,2.4132825967806597,3.0472213677894167,1.8538412809618787,1.9193357480345337,1.8425945306614018,775488.195489,Scotiabank Chile,nuevo
2025-10-01,Tanner Banco Digital,False,0.0,0.0,0.0,,,,0.0,Tanner Banco Digital,nuevo
2025-10-01,Sistema Bancario,True,2.5130891333815475,2.5163937101115117,2.571593480134404,2.5159873386090488,2.2592389344508996,2.582182456826588,6034242.033206,Sistema Bancario,nuevo
2025-11-01,Banco BTG Pactual Chile,False,0.0851200304070412,0.0851200304070412,0.0851200304070412,,,,2528.980608,Banco BTG Pactual Chile,nuevo
2025-11-01,Banco Bice,False,1.3499322271913763,1.3499322271913763,1.4885886242532913,0.9526973672546865,1.2762619606650973,0.8806956357425985,220415.539929,Banco Bice,nuevo
2025-11-01,Banco Consorcio,False,2.139126262860986,2.139126262860986,2.6000653881492557,1.3010238422441232,1.6401800307101733,1.2774470342417739,111249.676788,Banco Consorcio,nuevo
2025-11-01,Banco Falabella,False,3.275419506906347,3.275419506906347,6.492958113260807,3.1223406314310362,2.037276428785817,4.509376032922562,55152.850855,Banco Falabella,nuevo
2025-11-01,Banco Internacional,False,2.941065551099362,2.941065551099362,3.069349846786655,0.9704741250983547,1.302636536039252,0.7967451038275284,118368.911809,Banco Internacional,nuevo
2025-11-01,Banco Itaú Chile,False,2.2077298656038655,2.2086029814473296,2.4829533072897862,1.9013889444903036,2.886496425308652,1.5936317237527533,499979.73556,Banco Itaú Chile,nuevo
2025-11-01,Banco Ripley,False,5.394852724292324,5.394852724292324,20.014143638279112,5.387364826205342,3.009327417269188,26.127278078392898,5225.148947,Banco Ripley,nuevo
2025-11-01,Banco Santander-Chile,False,2.799406613731329,2.818086654697215,3.368247707005815,2.377015218600348,2.5523166619074393,2.3272305239978905,1143698.370491,Banco Santander-Chile,nuevo
2025-11-01,Banco de Chile,False,1.6315992325596347,1.6315992325596347,1.6821798016425717,1.6084161062981523,1.9220094014329907,1.4812397022655113,645130.595737,Banco de Chile,nuevo
2025-11-01,Banco de Crédito e Inversiones,False,2.123006894230013,2.126596339535814,2.133905204375844,2.232817464373716,2.1907025357463947,2.2427131256363624,742714.496158,Banco de Crédito e Inversiones,nuevo
2025-11-01,Banco del Estado de Chile,False,4.252964208605023,4.252964208605023,3.9500711348933124,4.722433280401238,3.1448888829920096,4.967754444749296,1675400.049329,Banco del Estado de Chile,nuevo
2025-11-01,"Bank of China, Agencia en Chile",False,0.0,0.0,0.0,,,,0.0,"Bank of China, Agencia en Chile",nuevo
2025-11-01,"China Construction Bank, Agencia en Chile",False,0.0,0.0,0.0,,,,0.0,"China Construction Bank, Agencia en Chile",nuevo
2025-11-01,HSBC Bank (Chile),False,0.0,0.0,0.0,0.0,0.0,,0.0,HSBC Bank (Chile),nuevo
2025-11-01,"JP Morgan Chase Bank, N.A.",False,0.0,0.0,0.0,,,,0.0,"Jp Morgan Chase Bank, N.A.",nuevo
2025-11-01,Scotiabank Chile,False,2.3283068516391143,2.3283068516391143,2.857884939296511,1.858648885144441,1.8095332867139995,1.867051275485439,747720.532185,Scotiabank Chile,nuevo
2025-11-01,Tanner Banco Digital,False,0.0,0.0,0.0,,,,0.0,Tanner Banco Digital,nuevo
2025-11-01,Sistema Bancario,True,2.480849374807378,2.4843486362054934,2.543371815810016,2.469102036192196,2.3096879944456568,2.5101943271274774,5967584.888396,Sistema Bancario,nuevo
2025-12-01,Banco BTG Pactual Chile,False,0.08016091893790578,0.08016091893790578,0.08016091893790578,,,,2528.980608,Banco BTG Pactual Chile,nuevo
2025-12-01,Banco Bice,False,1.3453671392698978,1.3453671392698978,1.4976441895742796,0.9335069695920936,1.305014436236831,0.8497336249733776,218820.999975,Banco Bice,nuevo
2025-12-01,Banco Consorcio,False,2.1455223872272406,2.1455223872272406,2.6055380295916484,1.2983536871033896,1.6764865247917178,1.27147903246454,114137.989683,Banco Consorcio,nuevo
2025-12-01,Banco Falabella,False,3.319974486393858,3.319974486393858,6.586010023580523,3.166241493268004,2.0966078861141946,4.5323269626512985,56654.67744,Banco Falabella,nuevo
2025-12-01,Banco Internacional,False,2.7197815604180127,2.7197815604180127,2.8268937420625395,1.106846093824188,1.63708894735848,0.8400118258924134,111083.357465,Banco Internacional,nuevo
2025-12-01,Banco Itaú Chile,False,2.1575803797728232,2.1584135439466237,2.405174280056684,1.8839624724852382,2.7129140964202882,1.6228932876346516,493962.342365,Banco Itaú Chile,nuevo
2025-12-01,Banco Ripley,False,5.375574123852571,5.375574123852571,20.639175489374953,5.368155030515325,3.036438979410922,26.520728667014897,5298.628191,Banco Ripley,nuevo
2025-12-01,Banco Santander-Chile,False,3.20418086185982,3.227191916443955,3.514544275495738,3.0064705002514045,2.6451917019113456,3.1110251266763354,1310304.873317,Banco Santander-Chile,nuevo
2025-12-01,Banco de Chile,False,1.6636290455169114,1.6636290455169114,1.6665874720191098,1.6944881475859017,2.025489405895594,1.557346176783476,658662.128049,Banco de Chile,nuevo
2025-12-01,Banco de Crédito e Inversiones,False,2.140352912564911,2.1438888905098774,2.1184859254958313,2.2747815655816717,2.289168241340625,2.2713473358679956,744860.14188,Banco de Crédito e Inversiones,nuevo
2025-12-01,Banco del Estado de Chile,False,4.141038578246494,4.141038578246494,3.9075020898232755,4.533668782646147,3.1217727288393475,4.752242881642849,1624055.050142,Banco del Estado de Chile,nuevo
2025-12-01,"Bank of China, Agencia en Chile",False,0.0,0.0,0.0,,,,0.0,"Bank of China, Agencia en Chile",nuevo
2025-12-01,"China Construction Bank, Agencia en Chile",False,0.0,0.0,0.0,,,,0.0,"China Construction Bank, Agencia en Chile",nuevo
2025-12-01,HSBC Bank (Chile),False,0.0,0.0,0.0,0.0,0.0,,0.0,HSBC Bank (Chile),nuevo
2025-12-01,"JP Morgan Chase Bank, N.A.",False,0.0,0.0,0.0,,,,0.0,"Jp Morgan Chase Bank, N.A.",nuevo
2025-12-01,Scotiabank Chile,False,2.3582734251120554,2.3582734251120554,2.8875918983485604,1.8956636681676424,1.827497534293034,1.907446490952763,756612.106698,Scotiabank Chile,nuevo
2025-12-01,Tanner Banco Digital,False,0.0,0.0,0.0,,,,0.0,Tanner Banco Digital,nuevo
2025-12-01,Sistema Bancario,True,2.531219375692046,2.5349851727896535,2.536665887509666,2.5856682246469385,2.3514608290201613,2.6468463879816864,6096981.275813,Sistema Bancario,nuevo
2026-01-01,Banco BTG Pactual Chile,False,0.08314334814511075,0.08314334814511075,0.08314334814511075,,,,2528.980608,Banco BTG Pactual Chile,nuevo
2026-01-01,Banco Bice,False,1.3510919440657894,1.3510919440657894,1.48825851501298,0.9681479191516471,1.1931633972829043,0.9179861880796212,217926.63751,Banco Bice,nuevo
2026-01-01,Banco Consorcio,False,2.2545322885103922,2.2545322885103922,2.719449434995353,1.39181204404449,1.667622720687688,1.372346532204202,119518.253166,Banco Consorcio,nuevo
2026-01-01,Banco Falabella,False,3.289472453432132,3.289472453432132,6.797528077848461,3.126217336280547,2.0763585419409494,4.466439481896789,56943.552488,Banco Falabella,nuevo
2026-01-01,Banco Internacional,False,2.761870263671244,2.761870263671244,2.8680322294211975,1.213495035572645,2.0719661767332407,0.7907783651666478,111670.549204,Banco Internacional,nuevo
2026-01-01,Banco Itaú Chile,False,2.1660622154119906,2.1668708125357927,2.445940501988468,1.8605494057745713,2.6706917559125456,1.6066712959750968,492723.058879,Banco Itaú Chile,nuevo
2026-01-01,Banco Ripley,False,5.398940704798623,5.398940704798623,21.239676604141287,5.391713511630711,3.099284674381387,27.223568801397487,5456.987937,Banco Ripley,nuevo
2026-01-01,Banco Santander-Chile,False,3.2570623085305477,3.281683823639398,3.5625625054489705,3.0572521479330588,2.602272752193653,3.189390872840921,1324154.322977,Banco Santander-Chile,nuevo
2026-01-01,Banco de Chile,False,1.6540112848585968,1.6540112848585968,1.6531182048021258,1.6733203433789758,1.981119754786134,1.5461509242021485,656329.599427,Banco de Chile,nuevo
2026-01-01,Banco de Crédito e Inversiones,False,2.056680214217754,2.0599992733061834,1.9235071457070643,2.3144879111535523,2.3570028214446603,2.304331723394058,710131.717428,Banco de Crédito e Inversiones,nuevo
2026-01-01,Banco del Estado de Chile,False,4.224228580538029,4.224228580538029,4.059181568398025,4.520774904357891,3.2655354756278285,4.715285457757055,1634402.155502,Banco del Estado de Chile,nuevo
2026-01-01,"Bank of China, Agencia en Chile",False,0.0,0.0,0.0,,,,0.0,"Bank of China, Agencia en Chile",nuevo
2026-01-01,"China Construction Bank, Agencia en Chile",False,0.0,0.0,0.0,,,,0.0,"China Construction Bank, Agencia en Chile",nuevo
2026-01-01,HSBC Bank (Chile),False,0.0,0.0,0.0,0.0,0.0,,0.0,HSBC Bank (Chile),nuevo
2026-01-01,"JP Morgan Chase Bank, N.A.",False,0.0,0.0,0.0,,,,0.0,"Jp Morgan Chase Bank, N.A.",nuevo
2026-01-01,Scotiabank Chile,False,2.411669290110608,2.411669290110608,2.957151240669132,1.9480800769323066,1.8907598681803959,1.958068093293346,765354.803236,Scotiabank Chile,nuevo
2026-01-01,Tanner Banco Digital,False,0.0,0.0,0.0,,,,0.0,Tanner Banco Digital,nuevo
2026-01-01,Sistema Bancario,True,2.5492778253328874,2.5532185111523584,2.542123281322319,2.604049425104367,2.35687630644172,2.668630751199849,6097140.618362,Sistema Bancario,nuevo
2026-02-01,Banco BTG Pactual Chile,False,0.0,0.0,0.0,,,,0.0,Banco BTG Pactual Chile,nuevo
2026-02-01,Banco Bice,False,1.3094037779536838,1.3094037779536838,1.433549664413787,0.9605889160716494,1.2392353712741362,0.8995971377708581,212366.53358,Banco Bice,nuevo
2026-02-01,Banco Consorcio,False,2.230907134290474,2.230907134290474,2.693470715417314,1.410621076409041,1.6339145713657632,1.3950777250641428,119138.661347,Banco Consorcio,nuevo
2026-02-01,Banco Falabella,False,3.3630521998194984,3.3630521998194984,6.960896117967421,3.198120506999314,2.1082388540148487,4.593585752500941,59029.835657,Banco Falabella,nuevo
2026-02-01,Banco Internacional,False,2.816660967552822,2.816660967552822,2.91542868475803,1.4045597033108388,2.3282082247999867,0.9662367990621699,113935.46321,Banco Internacional,nuevo
2026-02-01,Banco Itaú Chile,False,2.1713717023655565,2.172198744732501,2.425778424335407,1.8993776111596896,2.5309503934519633,1.7040634527216585,493464.367698,Banco Itaú Chile,nuevo
2026-02-01,Banco Ripley,False,5.306866053719571,5.306866053719571,15.643182925640778,5.302716782193183,3.0919475765290407,27.152928937656053,5428.202819,Banco Ripley,nuevo
2026-02-01,Banco Santander-Chile,False,3.0162138134493013,3.041726320630603,3.58862578155634,2.605643375167651,2.621483637092098,2.6011129789470586,1221278.639281,Banco Santander-Chile,nuevo
2026-02-01,Banco de Chile,False,1.653055015255899,1.653055015255899,1.6708066552998408,1.6819860659153496,1.9865916360447606,1.557610583795545,660184.532042,Banco de Chile,nuevo
2026-02-01,Banco de Crédito e Inversiones,False,2.0888041481639603,2.092183254974941,1.9372235291815727,2.3666349671650067,2.3299967330147346,2.375338975149532,724273.744335,Banco de Crédito e Inversiones,nuevo
2026-02-01,Banco del Estado de Chile,False,4.266037442947836,4.266037442947836,4.120791351642352,4.527769850703616,3.3014044059875727,4.715413113420136,1642365.761436,Banco del Estado de Chile,nuevo
2026-02-01,"Bank of China, Agencia en Chile",False,0.0,0.0,0.0,,,,0.0,"Bank of China, Agencia en Chile",nuevo
2026-02-01,"China Construction Bank, Agencia en Chile",False,0.0,0.0,0.0,,,,0.0,"China Construction Bank, Agencia en Chile",nuevo
2026-02-01,HSBC Bank (Chile),False,0.0,0.0,0.0,0.0,0.0,,0.0,HSBC Bank (Chile),nuevo
2026-02-01,"JP Morgan Chase Bank, N.A.",False,0.0,0.0,0.0,,,,0.0,"Jp Morgan Chase Bank, N.A.",nuevo
2026-02-01,Scotiabank Chile,False,2.5075993736883593,2.5075993736883593,3.114388347751374,1.994795627877259,2.0033186688294773,1.993318886247099,792642.801475,Scotiabank Chile,nuevo
2026-02-01,Tanner Banco Digital,False,0.0,0.0,0.0,,,,0.0,Tanner Banco Digital,nuevo
2026-02-01,Sistema Bancario,True,2.526542621733668,2.5308194930232055,2.564393484546801,2.537427656762719,2.3642198818997353,2.582183897110923,6044108.54288,Sistema Bancario,nuevo
2026-03-01,Banco BTG Pactual Chile,False,0.0,0.0,0.0,,,,0.0,Banco BTG Pactual Chile,nuevo
2026-03-01,Banco Bice,False,1.4597084332463472,1.4597084332463472,1.6312297818425574,0.9740767781622649,1.2481472781341856,0.9136812067569436,239116.040967,Banco Bice,nuevo
2026-03-01,Banco Consorcio,False,2.5010714415271242,2.5010714415271242,3.1436817615346557,1.2818587877839447,1.536053211412574,1.2643966342314321,138690.815531,Banco Consorcio,nuevo
2026-03-01,Banco Falabella,False,3.3427761472008153,3.3427761472008153,7.355187580436745,3.1623781084101488,2.1180167950688134,4.495575767111923,59064.211563,Banco Falabella,nuevo
2026-03-01,Banco Internacional,False,2.6164172534278425,2.6164172534278425,2.7367325535269833,1.092801277784004,2.1851311851657695,0.5922898420565241,110044.320989,Banco Internacional,nuevo
2026-03-01,Banco Itaú Chile,False,2.0529408474174,2.0537554936113547,2.259591336159324,1.828646493351948,2.4408653280847794,1.6382241944942868,480142.111081,Banco Itaú Chile,nuevo
2026-03-01,Banco Ripley,False,5.187995421499441,5.187995421499441,12.017258549434716,5.185521464983745,2.936322838316925,28.23793534954216,5398.886837,Banco Ripley,nuevo
2026-03-01,Banco Santander-Chile,False,2.977354728040979,3.004571907681869,3.5964201790197365,2.534632946603803,2.398165852556272,2.5744908047957806,1218187.924757,Banco Santander-Chile,nuevo
2026-03-01,Banco de Chile,False,1.6195924548127167,1.6195924548127167,1.6137923796522764,1.649256083919849,1.911138714628666,1.5395467969000984,656518.865283,Banco de Chile,nuevo
2026-03-01,Banco de Crédito e Inversiones,False,2.0500209692475693,2.0534708952094696,1.9440962920393792,2.29860286532535,2.3059444187550757,2.296841500785314,728817.084556,Banco de Crédito e Inversiones,nuevo
2026-03-01,Banco del Estado de Chile,False,4.201761530909289,4.201761530909289,4.185292815958138,4.390985307210271,3.028124871931477,4.597351977384796,1650436.677129,Banco del Estado de Chile,nuevo
2026-03-01,"Bank of China, Agencia en Chile",False,0.0,0.0,0.0,,,,0.0,"Bank of China, Agencia en Chile",nuevo
2026-03-01,"China Construction Bank, Agencia en Chile",False,0.0,0.0,0.0,,,,0.0,"China Construction Bank, Agencia en Chile",nuevo
2026-03-01,HSBC Bank (Chile),False,0.0,0.0,0.0,0.0,0.0,,0.0,HSBC Bank (Chile),nuevo
2026-03-01,"JP Morgan Chase Bank, N.A.",False,0.0,0.0,0.0,,,,0.0,"Jp Morgan Chase Bank, N.A.",nuevo
2026-03-01,Scotiabank Chile,False,2.6183661261811046,2.6183661261811046,3.3741014818113664,1.9734318739986771,2.089075245506481,1.9529112879814452,836316.118826,Scotiabank Chile,nuevo
2026-03-01,Tanner Banco Digital,False,0.0,0.0,0.0,,,,0.0,Tanner Banco Digital,nuevo
2026-03-01,Sistema Bancario,True,2.512736344267294,2.517278152040961,2.601856270120201,2.470033179891681,2.2588650410328257,2.525356127044147,6122733.057519,Sistema Bancario,nuevo
2026-04-01,Banco BTG Pactual Chile,False,0.0,0.0,0.0,,,,0.0,Banco BTG Pactual Chile,nuevo
2026-04-01,Banco Bice,False,1.3999360398561573,1.3999360398561573,1.5480383435960263,0.9854201219888785,1.2880185834642008,0.919169754019503,229164.13243,Banco Bice,nuevo
2026-04-01,Banco Consorcio,False,2.680764608801898,2.680764608801898,3.4635479102130335,1.2367501870336919,1.4524408113156877,1.2222457053682214,148899.544146,Banco Consorcio,nuevo
2026-04-01,Banco Falabella,False,3.3405465459476047,3.3405465459476047,7.439112455298244,3.155684931632779,2.125214450126709,4.4534703008785765,59480.762588,Banco Falabella,nuevo
2026-04-01,Banco Internacional,False,2.637348879725715,2.637348879725715,2.7393937663123715,1.2186003387544313,2.3940415948435496,0.6974457362217824,110195.692962,Banco Internacional,nuevo
2026-04-01,Banco Itaú Chile,False,2.0601456761471186,2.060908623513005,2.263538767135895,1.8445439860680417,2.437516357622233,1.6673507594538652,477668.016151,Banco Itaú Chile,nuevo
2026-04-01,Banco Ripley,False,4.946757647174998,4.946757647174998,12.410918638732408,4.944185674741128,2.837275907323639,27.423403659851818,5223.539588,Banco Ripley,nuevo
2026-04-01,Banco Santander-Chile,False,2.952306894227882,2.9790663783398035,3.552751384824391,2.525012197342514,2.269832132472416,2.5992740993307053,1209308.885909,Banco Santander-Chile,nuevo
2026-04-01,Banco de Chile,False,1.6317514239208404,1.6317514239208404,1.5809011078649895,1.699713817825845,1.9390180254251113,1.6000950043864863,659892.892738,Banco de Chile,nuevo
2026-04-01,Banco de Crédito e Inversiones,False,1.9200638108746049,1.9232332163104293,1.7414945798193386,2.2380961863798676,2.23900890965346,2.237877757982102,676929.01224,Banco de Crédito e Inversiones,nuevo
2026-04-01,Banco del Estado de Chile,False,4.253731888279038,4.253731888279038,4.213767058616269,4.462976671647883,3.056786494598889,4.6731526922401425,1674892.142465,Banco del Estado de Chile,nuevo
2026-04-01,"Bank of China, Agencia en Chile",False,0.0,0.0,0.0,,,,0.0,"Bank of China, Agencia en Chile",nuevo
2026-04-01,"China Construction Bank, Agencia en Chile",False,0.0,0.0,0.0,,,,0.0,"China Construction Bank, Agencia en Chile",nuevo
2026-04-01,HSBC Bank (Chile),False,0.0,0.0,0.0,0.0,0.0,,0.0,HSBC Bank (Chile),nuevo
2026-04-01,"JP Morgan Chase Bank, N.A.",False,0.0,0.0,0.0,,,,0.0,"Jp Morgan Chase Bank, N.A.",nuevo
2026-04-01,Scotiabank Chile,False,2.541085900312078,2.541085900312078,3.2153508631270773,1.9760585838699243,2.050430050659203,1.962918549470012,806501.22846,Scotiabank Chile,nuevo
2026-04-01,Tanner Banco Digital,False,0.0,0.0,0.0,,,,0.0,Tanner Banco Digital,nuevo
2026-04-01,Sistema Bancario,True,2.492119593684658,2.496583182329882,2.543841086285523,2.484741575026429,2.2295706283540917,2.5509260201121027,6058155.849677,Sistema Bancario,nuevo
2026-05-01,Banco BTG Pactual Chile,False,0.0,0.0,0.0,,,,0.0,Banco BTG Pactual Chile,nuevo
2026-05-01,Banco Bice,False,1.3772400826164795,1.3772400826164795,1.5182107307407064,0.9876032388467667,1.3536821795363514,0.9094525143049538,225505.828631,Banco Bice,nuevo
2026-05-01,Banco Consorcio,False,2.724413434497199,2.724413434497199,3.502669144597658,1.2636295623977076,1.4921909841598417,1.2485903529015565,156871.529175,Banco Consorcio,nuevo
2026-05-01,Banco Falabella,False,3.325139591596041,3.325139591596041,7.399539341452354,3.1402055027285285,2.1023056984213304,4.401164627578618,59621.572232,Banco Falabella,nuevo
2026-05-01,Banco Internacional,False,2.7347887844942598,2.7347887844942598,2.854974105583386,1.0705504347784678,2.213120927543784,0.5854492069274365,115909.590922,Banco Internacional,nuevo
2026-05-01,Banco Itaú Chile,False,2.255754034291755,2.2566250354807504,2.3477634566702252,2.1732572462798423,3.471233429752958,1.7935144708382609,528777.860808,Banco Itaú Chile,nuevo
2026-05-01,Banco Ripley,False,4.911789506529635,4.911789506529635,20.374987764909726,4.906656279774909,2.8676645440343957,27.219110518478423,5221.462718,Banco Ripley,nuevo
2026-05-01,Banco Santander-Chile,False,2.9256281750965254,2.95465980429817,3.5239955461578027,2.5013471883369487,2.1824641884114118,2.5924532809806062,1209573.351973,Banco Santander-Chile,nuevo
2026-05-01,Banco de Chile,False,1.6259699839446629,1.6259699839446629,1.5700971300777404,1.7041831621776344,1.9603959144127354,1.5993232282630643,663480.861863,Banco de Chile,nuevo
2026-05-01,Banco de Crédito e Inversiones,False,1.8978797970339805,1.9009524316858237,1.7051192492424239,2.21598442694255,2.230022465162228,2.212677159393572,677351.573747,Banco de Crédito e Inversiones,nuevo
2026-05-01,Banco del Estado de Chile,False,4.19730188795691,4.19730188795691,3.9311265043788923,4.540839548391958,3.216931472180878,4.736710537773315,1648785.974574,Banco del Estado de Chile,nuevo
2026-05-01,"Bank of China, Agencia en Chile",False,0.0,0.0,0.0,,,,0.0,"Bank of China, Agencia en Chile",nuevo
2026-05-01,"China Construction Bank, Agencia en Chile",False,0.0,0.0,0.0,,,,0.0,"China Construction Bank, Agencia en Chile",nuevo
2026-05-01,HSBC Bank (Chile),False,0.0,0.0,0.0,0.0,0.0,,0.0,HSBC Bank (Chile),nuevo
2026-05-01,"JP Morgan Chase Bank, N.A.",False,0.0,0.0,0.0,,,,0.0,"Jp Morgan Chase Bank, N.A.",nuevo
2026-05-01,Scotiabank Chile,False,2.5739345012503474,2.5739345012503474,3.276364352110977,1.991622779971569,2.140993416001974,1.9657799314464024,817035.84813,Scotiabank Chile,nuevo
2026-05-01,Tanner Banco Digital,False,0.0,0.0,0.0,,,,0.0,Tanner Banco Digital,nuevo
2026-05-01,Sistema Bancario,True,2.4946793602251316,2.4995076630949753,2.5044922927375715,2.5268234374513643,2.353404543442211,2.5709895901683195,6108135.454773,Sistema Bancario,nuevo
2026-06-01,Banco BTG Pactual Chile,False,0.0,0.0,0.0,,,,0.0,Banco BTG Pactual Chile,nuevo
2026-06-01,Banco Bice,False,1.4675163948726815,1.4675163948726815,1.6106098350329388,1.066738588849143,1.4118196590710395,0.9938230864281822,243598.855341,Banco Bice,nuevo
2026-06-01,Banco Consorcio,False,2.646684295303638,2.646684295303638,3.3728389071509333,1.2556244505626049,1.568253818081727,1.2352493764685044,156677.827109,Banco Consorcio,nuevo
2026-06-01,Banco Falabella,False,3.2647710470017164,3.2647710470017164,7.065141677399054,3.093660014944964,2.1897628527981015,4.17470794735323,59083.166125,Banco Falabella,nuevo
2026-06-01,Banco Internacional,False,2.6554860378252236,2.6554860378252236,2.765827377296324,1.1208286671832457,2.3652415482039495,0.6013590279233436,115446.774506,Banco Internacional,nuevo
2026-06-01,Banco Itaú Chile,False,2.0124617855263573,2.013267621605917,2.16414641386396,1.8590601544010508,2.665949088756411,1.623921940161868,474985.37441,Banco Itaú Chile,nuevo
2026-06-01,Banco Ripley,False,4.918927233133338,4.918927233133338,13.55795778634135,4.91624847055154,3.01233769656871,26.39773698130399,5283.54518,Banco Ripley,nuevo
2026-06-01,Banco Santander-Chile,False,3.405619651924964,3.442906731139285,3.8714747976244785,3.10448435571091,2.1626553026950908,3.371499646268596,1414289.024181,Banco Santander-Chile,nuevo
2026-06-01,Banco de Chile,False,1.6263301006802136,1.6263301006802136,1.5672169745299458,1.7327706251308739,2.0790346878275687,1.595903889547476,664197.751676,Banco de Chile,nuevo
2026-06-01,Banco de Crédito e Inversiones,False,1.8964397964708166,1.8996153788031827,1.7270168733429427,2.1799374048813225,2.019370732975829,2.217946475679302,678564.304687,Banco de Crédito e Inversiones,nuevo
2026-06-01,Banco del Estado de Chile,False,4.082646846119609,4.082646846119609,3.8841444303797266,4.369738565855632,3.2583036946689465,4.533581918897514,1618387.881628,Banco del Estado de Chile,nuevo
2026-06-01,"Bank of China, Agencia en Chile",False,0.0,0.0,0.0,,,,0.0,"Bank of China, Agencia en Chile",nuevo
2026-06-01,"China Construction Bank, Agencia en Chile",False,0.0,0.0,0.0,,,,0.0,"China Construction Bank, Agencia en Chile",nuevo
2026-06-01,HSBC Bank (Chile),False,0.0,0.0,0.0,0.0,0.0,,0.0,HSBC Bank (Chile),nuevo
2026-06-01,"JP Morgan Chase Bank, N.A.",False,0.0,0.0,0.0,,,,0.0,"Jp Morgan Chase Bank, N.A.",nuevo
2026-06-01,Scotiabank Chile,False,2.5504462292993204,2.5504462292993204,3.175142786661306,2.0289983818491923,2.141527034441468,2.0095679296674906,815178.485995,Scotiabank Chile,nuevo
2026-06-01,Tanner Banco Digital,False,0.0,0.0,0.0,,,,0.0,Tanner Banco Digital,nuevo
2026-06-01,Sistema Bancario,True,2.531045788368415,2.5363805452748402,2.5207387825742504,2.5941653573779138,2.28313135164129,2.6724652989645565,6245692.990838,Sistema Bancario,nuevo
2026-07-01,Banco BTG Pactual Chile,False,0.0,0.0,0.0,,,,0.0,Banco BTG Pactual Chile,nuevo
2026-07-01,Banco Bice,False,1.443415277493137,1.443415277493137,1.5887993277128125,1.034091768615251,1.3466757895686106,0.9686076930506498,240635.084751,Banco Bice,nuevo
2026-07-01,Banco Consorcio,False,2.386254081224027,2.386254081224027,3.0100333914174286,1.2554866249556333,1.5607119410976973,1.2356180582995495,141600.098617,Banco Consorcio,nuevo
2026-07-01,Banco Falabella,False,1.5147691615706287,1.5147691615706287,0.24213015258543621,3.113494449883148,2.2951199285087722,4.072464145183215,59571.130702,Banco Falabella,nuevo
2026-07-01,Banco Internacional,False,2.470953893615756,2.470953893615756,2.5691228790369163,1.123572268497988,2.335863049385425,0.6328655632009349,109640.43855,Banco Internacional,nuevo
2026-07-01,Banco Itaú Chile,False,1.9760301320574336,1.9768359740251484,2.1475163203869685,1.8023519588805905,2.363520062369895,1.6391881721735044,466121.282182,Banco Itaú Chile,nuevo
2026-07-01,Banco Ripley,False,4.789805262546166,4.789805262546166,14.213370069994573,4.7870757094427825,2.986670704342354,26.088189716957114,5253.565094,Banco Ripley,nuevo
2026-07-01,Banco Santander-Chile,False,3.4277268077827805,3.4251434922138326,3.86334361105025,3.0667421026296133,2.095889971217077,3.3414386443185062,1432831.401178,Banco Santander-Chile,nuevo
2026-07-01,Banco de Chile,False,1.5897613656663132,1.5897613656663132,1.5369208697796817,1.6764432236209457,1.9017817424787284,1.5881080095876658,643720.321043,Banco de Chile,nuevo
2026-07-01,Banco de Crédito e Inversiones,False,1.8684033478468187,1.8715597164583528,1.6929185926353418,2.156286143487777,2.0839502915782733,2.173287878480786,670717.718898,Banco de Crédito e Inversiones,nuevo
2026-07-01,Banco del Estado de Chile,False,3.9058419003525127,3.9058419003525127,3.533916631552732,4.275047757547531,3.0088114873982272,4.461706695766509,1528765.181191,Banco del Estado de Chile,nuevo
2026-07-01,"Bank of China, Agencia en Chile",False,0.0,0.0,0.0,,,,0.0,"Bank of China, Agencia en Chile",nuevo
2026-07-01,"China Construction Bank, Agencia en Chile",False,0.0,0.0,0.0,,,,0.0,"China Construction Bank, Agencia en Chile",nuevo
2026-07-01,HSBC Bank (Chile),False,0.0,0.0,0.0,0.0,0.0,,0.0,HSBC Bank (Chile),nuevo
2026-07-01,"JP Morgan Chase Bank, N.A.",False,0.0,0.0,0.0,,,,0.0,"Jp Morgan Chase Bank, N.A.",nuevo
2026-07-01,Scotiabank Chile,False,2.5076979541584015,2.5076979541584015,3.058007503862711,2.041143319532222,2.041495867015389,2.0410825757508473,802966.223616,Scotiabank Chile,nuevo
2026-07-01,Tanner Banco Digital,False,0.0,0.0,0.0,,,,0.0,Tanner Banco Digital,nuevo
2026-07-01,Sistema Bancario,True,2.453889818641737,2.4522043129402453,2.38903180923799,2.5529027301965863,2.1650011016245796,2.650080459474588,6101822.445822,Sistema Bancario,nuevo
2026-08-01,Banco BTG Pactual Chile,False,0.0,0.0,0.0,,,,0.0,Banco BTG Pactual Chile,nuevo
2026-08-01,Banco Bice,False,1.377752809388261,1.377752809388261,1.508953398598264,1.003085252320306,1.356841678301956,0.9296043025832217,232926.898093,Banco Bice,nuevo
2026-08-01,Banco Consorcio,False,2.7072035461336315,2.7072035461336315,3.471241192007526,1.2663348586510832,1.475395918488104,1.2525940412835246,162905.995223,Banco Consorcio,nuevo
2026-08-01,Banco Falabella,False,1.470762708104375,1.470762708104375,0.22195433465024597,3.0388204835841526,2.216704514290724,4.001837830759004,58683.76741,Banco Falabella,nuevo
2026-08-01,Banco Internacional,False,2.372934230143989,2.372934230143989,2.4565527953778656,1.1903895799252011,2.3102671861378123,0.7485935910506343,110936.712108,Banco Internacional,nuevo
2026-08-01,Banco Itaú Chile,False,2.0070651188569792,2.0078978227887667,2.16431139071244,1.8539454761007217,2.577188525340696,1.6443844414812063,471463.439362,Banco Itaú Chile,nuevo
2026-08-01,Banco Ripley,False,4.44624428969967,4.44624428969967,14.91220814337817,4.4434308738670225,2.7596081030628397,25.54872259550185,5008.379986,Banco Ripley,nuevo
2026-08-01,Banco Santander-Chile,False,3.437024405775409,3.44453754199842,3.850895672313376,3.116818296031761,2.24306930045824,3.362648782217483,1444162.869658,Banco Santander-Chile,nuevo
2026-08-01,Banco de Chile,False,1.6541620208254377,1.6541620208254377,1.5865207423281402,1.7686992584624701,2.2180692985869674,1.5907196358202036,673991.20629,Banco de Chile,nuevo
2026-08-01,Banco de Crédito e Inversiones,False,1.8087130920048864,1.8117800755072013,1.6011629629035495,2.1385415304433595,2.1121297521930376,2.1447288497171426,652531.282787,Banco de Crédito e Inversiones,nuevo
2026-08-01,Banco del Estado de Chile,False,3.9243380578290026,3.9243380578290026,3.5563335441439516,4.310282240475603,3.257736409986657,4.46547767577652,1541578.339861,Banco del Estado de Chile,nuevo
2026-08-01,"Bank of China, Agencia en Chile",False,0.0,0.0,0.0,,,,0.0,"Bank of China, Agencia en Chile",nuevo
2026-08-01,"China Construction Bank, Agencia en Chile",False,0.0,0.0,0.0,,,,0.0,"China Construction Bank, Agencia en Chile",nuevo
2026-08-01,HSBC Bank (Chile),False,0.0,0.0,0.0,0.0,0.0,,0.0,HSBC Bank (Chile),nuevo
2026-08-01,"JP Morgan Chase Bank, N.A.",False,0.0,0.0,0.0,,,,0.0,"Jp Morgan Chase Bank, N.A.",nuevo
2026-08-01,Scotiabank Chile,False,2.3536018044960656,2.3536018044960656,2.7045602674421407,2.051889202013502,2.249880945857266,2.017652387149589,756391.963044,Scotiabank Chile,nuevo
2026-08-01,Tanner Banco Digital,False,0.0004883206880083537,0.0004883206880083537,0.0004883206880083537,,,,3.62768,Tanner Banco Digital,nuevo
2026-08-01,Sistema Bancario,True,2.442393042533595,2.441859689322239,2.3444307320499034,2.586922820356303,2.3470723619870606,2.6470543303387752,6110584.481502,Sistema Bancario,nuevo
